[Service: vks-service TraceId:  SpanId: ] 2026-07-19 09:55:14.496 [main] INFO  com.vks.VksServiceMainApplication Starting VksServiceMainApplication using Java 21.0.11 with PID 28024 (D:\Saas\vks\vks-service\target\classes started by BINNU KUMAR in D:\Saas\vks\vks-service)
[Service: vks-service TraceId:  SpanId: ] 2026-07-19 09:55:14.506 [main] INFO  com.vks.VksServiceMainApplication The following 1 profile is active: "local"
[Service: vks-service TraceId:  SpanId: ] 2026-07-19 09:55:14.623 [main] INFO  o.s.c.c.c.ConfigServerConfigDataLoader Fetching config from server at : http://localhost:8080/config-service
[Service: vks-service TraceId:  SpanId: ] 2026-07-19 09:55:14.623 [main] INFO  o.s.c.c.c.ConfigServerConfigDataLoader Located environment: name=config-service, profiles=[vks-service], label=default, version=null, state=null
[Service: vks-service TraceId:  SpanId: ] 2026-07-19 09:55:14.624 [main] INFO  o.s.c.c.c.ConfigServerConfigDataLoader Fetching config from server at : http://localhost:8080/config-service
[Service: vks-service TraceId:  SpanId: ] 2026-07-19 09:55:14.625 [main] INFO  o.s.c.c.c.ConfigServerConfigDataLoader Located environment: name=config-service, profiles=[vks-service], label=local, version=null, state=null
[Service: vks-service TraceId:  SpanId: ] 2026-07-19 09:55:16.955 [main] INFO  o.s.d.r.c.RepositoryConfigurationDelegate Bootstrapping Spring Data JPA repositories in DEFAULT mode.
[Service: vks-service TraceId:  SpanId: ] 2026-07-19 09:55:17.303 [main] INFO  o.s.d.r.c.RepositoryConfigurationDelegate Finished Spring Data repository scanning in 323 ms. Found 2 JPA repository interfaces.
[Service: vks-service TraceId:  SpanId: ] 2026-07-19 09:55:17.860 [main] INFO  o.s.cloud.context.scope.GenericScope BeanFactory id=c192aff4-8618-3259-bfcd-29d370efcb55
[Service: vks-service TraceId:  SpanId: ] 2026-07-19 09:55:18.178 [main] INFO  c.u.j.c.EnableEncryptablePropertiesBeanFactoryPostProcessor Post-processing PropertySource instances
[Service: vks-service TraceId:  SpanId: ] 2026-07-19 09:55:18.182 [main] INFO  c.u.j.EncryptablePropertySourceConverter Skipping PropertySource configurationProperties [class org.springframework.boot.context.properties.source.ConfigurationPropertySourcesPropertySource
[Service: vks-service TraceId:  SpanId: ] 2026-07-19 09:55:18.225 [main] INFO  c.u.j.EncryptablePropertySourceConverter Skipping PropertySource servletConfigInitParams [class org.springframework.core.env.PropertySource$StubPropertySource
[Service: vks-service TraceId:  SpanId: ] 2026-07-19 09:55:18.225 [main] INFO  c.u.j.EncryptablePropertySourceConverter Skipping PropertySource servletContextInitParams [class org.springframework.core.env.PropertySource$StubPropertySource
[Service: vks-service TraceId:  SpanId: ] 2026-07-19 09:55:18.228 [main] INFO  c.u.j.EncryptablePropertySourceConverter Converting PropertySource systemProperties [org.springframework.core.env.PropertiesPropertySource] to EncryptableMapPropertySourceWrapper
[Service: vks-service TraceId:  SpanId: ] 2026-07-19 09:55:18.229 [main] INFO  c.u.j.EncryptablePropertySourceConverter Converting PropertySource systemEnvironment [org.springframework.boot.env.SystemEnvironmentPropertySourceEnvironmentPostProcessor$OriginAwareSystemEnvironmentPropertySource] to EncryptableSystemEnvironmentPropertySourceWrapper
[Service: vks-service TraceId:  SpanId: ] 2026-07-19 09:55:18.230 [main] INFO  c.u.j.EncryptablePropertySourceConverter Converting PropertySource random [org.springframework.boot.env.RandomValuePropertySource] to EncryptablePropertySourceWrapper
[Service: vks-service TraceId:  SpanId: ] 2026-07-19 09:55:18.231 [main] INFO  c.u.j.EncryptablePropertySourceConverter Converting PropertySource cachedrandom [org.springframework.cloud.util.random.CachedRandomPropertySource] to EncryptablePropertySourceWrapper
[Service: vks-service TraceId:  SpanId: ] 2026-07-19 09:55:18.231 [main] INFO  c.u.j.EncryptablePropertySourceConverter Converting PropertySource configClient [org.springframework.core.env.MapPropertySource] to EncryptableMapPropertySourceWrapper
[Service: vks-service TraceId:  SpanId: ] 2026-07-19 09:55:18.231 [main] INFO  c.u.j.EncryptablePropertySourceConverter Converting PropertySource Config resource 'class path resource [application.yml]' via location 'optional:classpath:/' [org.springframework.boot.env.OriginTrackedMapPropertySource] to EncryptableMapPropertySourceWrapper
[Service: vks-service TraceId:  SpanId: ] 2026-07-19 09:55:18.232 [main] INFO  c.u.j.EncryptablePropertySourceConverter Converting PropertySource springCloudClientHostInfo [org.springframework.core.env.MapPropertySource] to EncryptableMapPropertySourceWrapper
[Service: vks-service TraceId:  SpanId: ] 2026-07-19 09:55:18.233 [main] INFO  c.u.j.EncryptablePropertySourceConverter Converting PropertySource logCorrelation [org.springframework.boot.actuate.autoconfigure.tracing.LogCorrelationEnvironmentPostProcessor$LogCorrelationPropertySource] to EncryptableEnumerablePropertySourceWrapper
[Service: vks-service TraceId:  SpanId: ] 2026-07-19 09:55:18.233 [main] INFO  c.u.j.EncryptablePropertySourceConverter Converting PropertySource applicationInfo [org.springframework.boot.ApplicationInfoPropertySource] to EncryptableMapPropertySourceWrapper
[Service: vks-service TraceId:  SpanId: ] 2026-07-19 09:55:18.793 [main] INFO  c.u.j.f.DefaultLazyPropertyFilter Property Filter custom Bean not found with name 'encryptablePropertyFilter'. Initializing Default Property Filter
[Service: vks-service TraceId:  SpanId: ] 2026-07-19 09:55:18.827 [main] INFO  c.u.j.r.DefaultLazyPropertyResolver Property Resolver custom Bean not found with name 'encryptablePropertyResolver'. Initializing Default Property Resolver
[Service: vks-service TraceId:  SpanId: ] 2026-07-19 09:55:18.877 [main] INFO  c.u.j.d.DefaultLazyPropertyDetector Property Detector custom Bean not found with name 'encryptablePropertyDetector'. Initializing Default Property Detector
[Service: vks-service TraceId:  SpanId: ] 2026-07-19 09:55:19.659 [main] INFO  o.s.b.w.e.tomcat.TomcatWebServer Tomcat initialized with port 8099 (http)
[Service: vks-service TraceId:  SpanId: ] 2026-07-19 09:55:19.712 [main] INFO  o.a.catalina.core.StandardService Starting service [Tomcat]
[Service: vks-service TraceId:  SpanId: ] 2026-07-19 09:55:19.714 [main] INFO  o.a.catalina.core.StandardEngine Starting Servlet engine: [Apache Tomcat/10.1.44]
[Service: vks-service TraceId:  SpanId: ] 2026-07-19 09:55:20.079 [main] INFO  o.a.c.c.C.[.[.[/vks-service] Initializing Spring embedded WebApplicationContext
[Service: vks-service TraceId:  SpanId: ] 2026-07-19 09:55:20.080 [main] INFO  o.s.b.w.s.c.ServletWebServerApplicationContext Root WebApplicationContext: initialization completed in 5450 ms
[Service: vks-service TraceId:  SpanId: ] 2026-07-19 09:55:21.448 [main] INFO  o.h.jpa.internal.util.LogHelper HHH000204: Processing PersistenceUnitInfo [name: default]
[Service: vks-service TraceId:  SpanId: ] 2026-07-19 09:55:21.571 [main] INFO  org.hibernate.Version HHH000412: Hibernate ORM core version 6.6.26.Final
[Service: vks-service TraceId:  SpanId: ] 2026-07-19 09:55:21.639 [main] INFO  o.h.c.i.RegionFactoryInitiator HHH000026: Second-level cache disabled
[Service: vks-service TraceId:  SpanId: ] 2026-07-19 09:55:22.171 [main] INFO  o.s.o.j.p.SpringPersistenceUnitInfo No LoadTimeWeaver setup: ignoring JPA class transformer
[Service: vks-service TraceId:  SpanId: ] 2026-07-19 09:55:22.223 [main] INFO  com.zaxxer.hikari.HikariDataSource HikariPool-1 - Starting...
[Service: vks-service TraceId:  SpanId: ] 2026-07-19 09:55:22.609 [main] INFO  com.zaxxer.hikari.pool.HikariPool HikariPool-1 - Added connection org.postgresql.jdbc.PgConnection@2a045e85
[Service: vks-service TraceId:  SpanId: ] 2026-07-19 09:55:22.611 [main] INFO  com.zaxxer.hikari.HikariDataSource HikariPool-1 - Start completed.
[Service: vks-service TraceId:  SpanId: ] 2026-07-19 09:55:22.696 [main] WARN  org.hibernate.orm.deprecation HHH90000025: PostgreSQLDialect does not need to be specified explicitly using 'hibernate.dialect' (remove the property setting and it will be selected by default)
[Service: vks-service TraceId:  SpanId: ] 2026-07-19 09:55:22.734 [main] INFO  o.hibernate.orm.connections.pooling HHH10001005: Database info:
	Database JDBC URL [Connecting through datasource 'HikariDataSource (HikariPool-1)']
	Database driver: undefined/unknown
	Database version: 17.5
	Autocommit mode: undefined/unknown
	Isolation level: undefined/unknown
	Minimum pool size: undefined/unknown
	Maximum pool size: undefined/unknown
[Service: vks-service TraceId:  SpanId: ] 2026-07-19 09:55:24.809 [main] INFO  o.h.e.t.j.p.i.JtaPlatformInitiator HHH000489: No JTA platform available (set 'hibernate.transaction.jta.platform' to enable JTA platform integration)
[Service: vks-service TraceId:  SpanId: ] 2026-07-19 09:55:25.102 [main] INFO  o.s.o.j.LocalContainerEntityManagerFactoryBean Initialized JPA EntityManagerFactory for persistence unit 'default'
[Service: vks-service TraceId:  SpanId: ] 2026-07-19 09:55:25.989 [main] INFO  o.s.d.j.r.query.QueryEnhancerFactory Hibernate is in classpath; If applicable, HQL parser will be used.
[Service: vks-service TraceId:  SpanId: ] 2026-07-19 09:55:27.697 [main] WARN  o.s.b.a.o.j.JpaBaseConfiguration$JpaWebConfiguration spring.jpa.open-in-view is enabled by default. Therefore, database queries may be performed during view rendering. Explicitly configure spring.jpa.open-in-view to disable this warning
[Service: vks-service TraceId:  SpanId: ] 2026-07-19 09:55:28.730 [main] INFO  o.s.b.a.e.web.EndpointLinksResolver Exposing 5 endpoints beneath base path '/actuator'
[Service: vks-service TraceId:  SpanId: ] 2026-07-19 09:55:28.850 [main] WARN  o.s.b.a.s.s.UserDetailsServiceAutoConfiguration 

Using generated security password: 9f2f8c1a-6a73-446d-a569-1c0506c3bbfb

This generated password is for development use only. Your security configuration must be updated before running your application in production.

[Service: vks-service TraceId:  SpanId: ] 2026-07-19 09:55:28.881 [main] INFO  o.s.s.c.a.a.c.InitializeUserDetailsBeanManagerConfigurer$InitializeUserDetailsManagerConfigurer Global AuthenticationManager configured with UserDetailsService bean with name inMemoryUserDetailsManager
[Service: vks-service TraceId:  SpanId: ] 2026-07-19 09:55:30.307 [main] INFO  o.s.b.w.e.tomcat.TomcatWebServer Tomcat started on port 8099 (http) with context path '/vks-service'
[Service: vks-service TraceId:  SpanId: ] 2026-07-19 09:55:30.310 [main] INFO  c.u.j.c.RefreshScopeRefreshedEventListener Refreshing cached encryptable property sources on ServletWebServerInitializedEvent
[Service: vks-service TraceId:  SpanId: ] 2026-07-19 09:55:30.310 [main] INFO  c.u.j.c.CachingDelegateEncryptablePropertySource Property Source systemProperties refreshed
[Service: vks-service TraceId:  SpanId: ] 2026-07-19 09:55:30.311 [main] INFO  c.u.j.c.CachingDelegateEncryptablePropertySource Property Source systemEnvironment refreshed
[Service: vks-service TraceId:  SpanId: ] 2026-07-19 09:55:30.311 [main] INFO  c.u.j.c.CachingDelegateEncryptablePropertySource Property Source random refreshed
[Service: vks-service TraceId:  SpanId: ] 2026-07-19 09:55:30.311 [main] INFO  c.u.j.c.CachingDelegateEncryptablePropertySource Property Source cachedrandom refreshed
[Service: vks-service TraceId:  SpanId: ] 2026-07-19 09:55:30.312 [main] INFO  c.u.j.c.CachingDelegateEncryptablePropertySource Property Source configClient refreshed
[Service: vks-service TraceId:  SpanId: ] 2026-07-19 09:55:30.312 [main] INFO  c.u.j.c.CachingDelegateEncryptablePropertySource Property Source Config resource 'class path resource [application.yml]' via location 'optional:classpath:/' refreshed
[Service: vks-service TraceId:  SpanId: ] 2026-07-19 09:55:30.312 [main] INFO  c.u.j.c.CachingDelegateEncryptablePropertySource Property Source springCloudClientHostInfo refreshed
[Service: vks-service TraceId:  SpanId: ] 2026-07-19 09:55:30.313 [main] INFO  c.u.j.c.CachingDelegateEncryptablePropertySource Property Source logCorrelation refreshed
[Service: vks-service TraceId:  SpanId: ] 2026-07-19 09:55:30.313 [main] INFO  c.u.j.c.CachingDelegateEncryptablePropertySource Property Source applicationInfo refreshed
[Service: vks-service TraceId:  SpanId: ] 2026-07-19 09:55:30.313 [main] INFO  c.u.j.EncryptablePropertySourceConverter Skipping PropertySource configurationProperties [class org.springframework.boot.context.properties.source.ConfigurationPropertySourcesPropertySource
[Service: vks-service TraceId:  SpanId: ] 2026-07-19 09:55:30.313 [main] INFO  c.u.j.EncryptablePropertySourceConverter Skipping PropertySource servletConfigInitParams [class org.springframework.core.env.PropertySource$StubPropertySource
[Service: vks-service TraceId:  SpanId: ] 2026-07-19 09:55:30.313 [main] INFO  c.u.j.EncryptablePropertySourceConverter Converting PropertySource servletContextInitParams [org.springframework.web.context.support.ServletContextPropertySource] to EncryptableEnumerablePropertySourceWrapper
[Service: vks-service TraceId:  SpanId: ] 2026-07-19 09:55:30.314 [main] INFO  c.u.j.EncryptablePropertySourceConverter Converting PropertySource Management Server [org.springframework.boot.actuate.autoconfigure.web.server.ManagementContextAutoConfiguration$LocalManagementPortPropertySource] to EncryptableEnumerablePropertySourceWrapper
[Service: vks-service TraceId:  SpanId: ] 2026-07-19 09:55:30.358 [main] INFO  com.vks.VksServiceMainApplication Started VksServiceMainApplication in 18.302 seconds (process running for 33.758)
[Service: vks-service TraceId:  SpanId: ] 2026-08-07 22:59:26.858 [main] WARN  o.s.b.t.j.DuplicateJsonObjectContextCustomizerFactory$DuplicateJsonObjectContextCustomizer 

Found multiple occurrences of org.json.JSONObject on the class path:

	jar:file:/Users/bittu.kumar/.m2/repository/org/json/json/20251224/json-20251224.jar!/org/json/JSONObject.class
	jar:file:/Users/bittu.kumar/.m2/repository/com/vaadin/external/google/android-json/0.0.20131108.vaadin1/android-json-0.0.20131108.vaadin1.jar!/org/json/JSONObject.class

You may wish to exclude one of them to ensure predictable runtime behavior

[Service: vks-service TraceId:  SpanId: ] 2026-08-07 22:59:26.878 [main] INFO  o.s.c.c.c.ConfigServerConfigDataLoader Fetching config from server at : http://localhost:8080/config-service
[Service: vks-service TraceId:  SpanId: ] 2026-08-07 22:59:26.878 [main] INFO  o.s.c.c.c.ConfigServerConfigDataLoader Exception on Url - http://localhost:8080/config-service:org.springframework.web.client.ResourceAccessException: I/O error on GET request for "http://localhost:8080/config-service/vks-service/default": Connection refused. Will be trying the next url if available
[Service: vks-service TraceId:  SpanId: ] 2026-08-07 22:59:26.878 [main] INFO  o.s.c.c.c.ConfigServerConfigDataLoader Fetching config from server at : http://localhost:8080/config-service
[Service: vks-service TraceId:  SpanId: ] 2026-08-07 22:59:26.878 [main] INFO  o.s.c.c.c.ConfigServerConfigDataLoader Exception on Url - http://localhost:8080/config-service:org.springframework.web.client.ResourceAccessException: I/O error on GET request for "http://localhost:8080/config-service/vks-service/local": Connection refused. Will be trying the next url if available
[Service: vks-service TraceId:  SpanId: ] 2026-08-07 22:59:27.082 [main] ERROR o.s.boot.SpringApplication Application run failed
org.springframework.cloud.config.client.ConfigClientFailFastException: Could not locate PropertySource and the resource is not optional, failing
	at org.springframework.cloud.config.client.ConfigServerConfigDataLoader.doLoad(ConfigServerConfigDataLoader.java:218)
	at org.springframework.cloud.config.client.ConfigClientRetryBootstrapper.lambda$initialize$1(ConfigClientRetryBootstrapper.java:54)
	at org.springframework.cloud.config.client.ConfigServerConfigDataLoader.load(ConfigServerConfigDataLoader.java:96)
	at org.springframework.cloud.config.client.ConfigServerConfigDataLoader.load(ConfigServerConfigDataLoader.java:63)
	at org.springframework.boot.context.config.ConfigDataLoaders.load(ConfigDataLoaders.java:96)
	at org.springframework.boot.context.config.ConfigDataImporter.load(ConfigDataImporter.java:132)
	at org.springframework.boot.context.config.ConfigDataImporter.resolveAndLoad(ConfigDataImporter.java:87)
	at org.springframework.boot.context.config.ConfigDataEnvironmentContributors.withProcessedImports(ConfigDataEnvironmentContributors.java:129)
	at org.springframework.boot.context.config.ConfigDataEnvironment.processInitial(ConfigDataEnvironment.java:245)
	at org.springframework.boot.context.config.ConfigDataEnvironment.processAndApply(ConfigDataEnvironment.java:232)
	at org.springframework.boot.context.config.ConfigDataEnvironmentPostProcessor.postProcessEnvironment(ConfigDataEnvironmentPostProcessor.java:96)
	at org.springframework.boot.context.config.ConfigDataEnvironmentPostProcessor.postProcessEnvironment(ConfigDataEnvironmentPostProcessor.java:89)
	at org.springframework.boot.env.EnvironmentPostProcessorApplicationListener.onApplicationEnvironmentPreparedEvent(EnvironmentPostProcessorApplicationListener.java:132)
	at org.springframework.boot.env.EnvironmentPostProcessorApplicationListener.onApplicationEvent(EnvironmentPostProcessorApplicationListener.java:115)
	at org.springframework.context.event.SimpleApplicationEventMulticaster.doInvokeListener(SimpleApplicationEventMulticaster.java:185)
	at org.springframework.context.event.SimpleApplicationEventMulticaster.invokeListener(SimpleApplicationEventMulticaster.java:178)
	at org.springframework.context.event.SimpleApplicationEventMulticaster.multicastEvent(SimpleApplicationEventMulticaster.java:156)
	at org.springframework.context.event.SimpleApplicationEventMulticaster.multicastEvent(SimpleApplicationEventMulticaster.java:138)
	at org.springframework.boot.context.event.EventPublishingRunListener.multicastInitialEvent(EventPublishingRunListener.java:136)
	at org.springframework.boot.context.event.EventPublishingRunListener.environmentPrepared(EventPublishingRunListener.java:81)
	at org.springframework.boot.SpringApplicationRunListeners.lambda$environmentPrepared$2(SpringApplicationRunListeners.java:64)
	at java.base/java.lang.Iterable.forEach(Iterable.java:75)
	at org.springframework.boot.SpringApplicationRunListeners.doWithListeners(SpringApplicationRunListeners.java:118)
	at org.springframework.boot.SpringApplicationRunListeners.doWithListeners(SpringApplicationRunListeners.java:112)
	at org.springframework.boot.SpringApplicationRunListeners.environmentPrepared(SpringApplicationRunListeners.java:63)
	at org.springframework.boot.SpringApplication.prepareEnvironment(SpringApplication.java:353)
	at org.springframework.boot.SpringApplication.run(SpringApplication.java:313)
	at org.springframework.boot.test.context.SpringBootContextLoader.lambda$loadContext$3(SpringBootContextLoader.java:144)
	at org.springframework.util.function.ThrowingSupplier.get(ThrowingSupplier.java:58)
	at org.springframework.util.function.ThrowingSupplier.get(ThrowingSupplier.java:46)
	at org.springframework.boot.SpringApplication.withHook(SpringApplication.java:1461)
	at org.springframework.boot.test.context.SpringBootContextLoader$ContextLoaderHook.run(SpringBootContextLoader.java:563)
	at org.springframework.boot.test.context.SpringBootContextLoader.loadContext(SpringBootContextLoader.java:144)
	at org.springframework.boot.test.context.SpringBootContextLoader.loadContext(SpringBootContextLoader.java:110)
	at org.springframework.test.context.cache.DefaultCacheAwareContextLoaderDelegate.loadContextInternal(DefaultCacheAwareContextLoaderDelegate.java:225)
	at org.springframework.test.context.cache.DefaultCacheAwareContextLoaderDelegate.loadContext(DefaultCacheAwareContextLoaderDelegate.java:152)
	at org.springframework.test.context.support.DefaultTestContext.getApplicationContext(DefaultTestContext.java:130)
	at org.springframework.boot.test.mock.mockito.MockitoTestExecutionListener.postProcessFields(MockitoTestExecutionListener.java:128)
	at org.springframework.boot.test.mock.mockito.MockitoTestExecutionListener.injectFields(MockitoTestExecutionListener.java:112)
	at org.springframework.boot.test.mock.mockito.MockitoTestExecutionListener.prepareTestInstance(MockitoTestExecutionListener.java:69)
	at org.springframework.test.context.TestContextManager.prepareTestInstance(TestContextManager.java:260)
	at org.springframework.test.context.junit.jupiter.SpringExtension.postProcessTestInstance(SpringExtension.java:159)
	at org.junit.jupiter.engine.descriptor.ClassBasedTestDescriptor.lambda$invokeTestInstancePostProcessors$10(ClassBasedTestDescriptor.java:383)
	at org.junit.jupiter.engine.descriptor.ClassBasedTestDescriptor.executeAndMaskThrowable(ClassBasedTestDescriptor.java:388)
	at org.junit.jupiter.engine.descriptor.ClassBasedTestDescriptor.lambda$invokeTestInstancePostProcessors$11(ClassBasedTestDescriptor.java:382)
	at java.base/java.util.stream.ForEachOps$ForEachOp$OfRef.accept(ForEachOps.java:184)
	at java.base/java.util.stream.ReferencePipeline$3$1.accept(ReferencePipeline.java:197)
	at java.base/java.util.stream.ReferencePipeline$2$1.accept(ReferencePipeline.java:179)
	at java.base/java.util.stream.ReferencePipeline$3$1.accept(ReferencePipeline.java:197)
	at java.base/java.util.ArrayList$ArrayListSpliterator.forEachRemaining(ArrayList.java:1708)
	at java.base/java.util.stream.AbstractPipeline.copyInto(AbstractPipeline.java:509)
	at java.base/java.util.stream.AbstractPipeline.wrapAndCopyInto(AbstractPipeline.java:499)
	at java.base/java.util.stream.ForEachOps$ForEachOp.evaluateSequential(ForEachOps.java:151)
	at java.base/java.util.stream.ForEachOps$ForEachOp$OfRef.evaluateSequential(ForEachOps.java:174)
	at java.base/java.util.stream.AbstractPipeline.evaluate(AbstractPipeline.java:234)
	at java.base/java.util.stream.ReferencePipeline.forEach(ReferencePipeline.java:596)
	at org.junit.jupiter.engine.descriptor.ClassBasedTestDescriptor.invokeTestInstancePostProcessors(ClassBasedTestDescriptor.java:382)
	at org.junit.jupiter.engine.descriptor.ClassBasedTestDescriptor.lambda$instantiateAndPostProcessTestInstance$6(ClassBasedTestDescriptor.java:293)
	at org.junit.platform.engine.support.hierarchical.ThrowableCollector.execute(ThrowableCollector.java:73)
	at org.junit.jupiter.engine.descriptor.ClassBasedTestDescriptor.instantiateAndPostProcessTestInstance(ClassBasedTestDescriptor.java:292)
	at org.junit.jupiter.engine.descriptor.ClassBasedTestDescriptor.lambda$testInstancesProvider$4(ClassBasedTestDescriptor.java:281)
	at java.base/java.util.Optional.orElseGet(Optional.java:364)
	at org.junit.jupiter.engine.descriptor.ClassBasedTestDescriptor.lambda$testInstancesProvider$5(ClassBasedTestDescriptor.java:280)
	at org.junit.jupiter.engine.execution.TestInstancesProvider.getTestInstances(TestInstancesProvider.java:27)
	at org.junit.jupiter.engine.descriptor.TestMethodTestDescriptor.lambda$prepare$0(TestMethodTestDescriptor.java:112)
	at org.junit.platform.engine.support.hierarchical.ThrowableCollector.execute(ThrowableCollector.java:73)
	at org.junit.jupiter.engine.descriptor.TestMethodTestDescriptor.prepare(TestMethodTestDescriptor.java:111)
	at org.junit.jupiter.engine.descriptor.TestMethodTestDescriptor.prepare(TestMethodTestDescriptor.java:69)
	at org.junit.platform.engine.support.hierarchical.NodeTestTask.lambda$prepare$2(NodeTestTask.java:128)
	at org.junit.platform.engine.support.hierarchical.ThrowableCollector.execute(ThrowableCollector.java:73)
	at org.junit.platform.engine.support.hierarchical.NodeTestTask.prepare(NodeTestTask.java:128)
	at org.junit.platform.engine.support.hierarchical.NodeTestTask.execute(NodeTestTask.java:95)
	at java.base/java.util.ArrayList.forEach(ArrayList.java:1596)
	at org.junit.platform.engine.support.hierarchical.SameThreadHierarchicalTestExecutorService.invokeAll(SameThreadHierarchicalTestExecutorService.java:41)
	at org.junit.platform.engine.support.hierarchical.NodeTestTask.lambda$executeRecursively$6(NodeTestTask.java:160)
	at org.junit.platform.engine.support.hierarchical.ThrowableCollector.execute(ThrowableCollector.java:73)
	at org.junit.platform.engine.support.hierarchical.NodeTestTask.lambda$executeRecursively$8(NodeTestTask.java:146)
	at org.junit.platform.engine.support.hierarchical.Node.around(Node.java:137)
	at org.junit.platform.engine.support.hierarchical.NodeTestTask.lambda$executeRecursively$9(NodeTestTask.java:144)
	at org.junit.platform.engine.support.hierarchical.ThrowableCollector.execute(ThrowableCollector.java:73)
	at org.junit.platform.engine.support.hierarchical.NodeTestTask.executeRecursively(NodeTestTask.java:143)
	at org.junit.platform.engine.support.hierarchical.NodeTestTask.execute(NodeTestTask.java:100)
	at java.base/java.util.ArrayList.forEach(ArrayList.java:1596)
	at org.junit.platform.engine.support.hierarchical.SameThreadHierarchicalTestExecutorService.invokeAll(SameThreadHierarchicalTestExecutorService.java:41)
	at org.junit.platform.engine.support.hierarchical.NodeTestTask.lambda$executeRecursively$6(NodeTestTask.java:160)
	at org.junit.platform.engine.support.hierarchical.ThrowableCollector.execute(ThrowableCollector.java:73)
	at org.junit.platform.engine.support.hierarchical.NodeTestTask.lambda$executeRecursively$8(NodeTestTask.java:146)
	at org.junit.platform.engine.support.hierarchical.Node.around(Node.java:137)
	at org.junit.platform.engine.support.hierarchical.NodeTestTask.lambda$executeRecursively$9(NodeTestTask.java:144)
	at org.junit.platform.engine.support.hierarchical.ThrowableCollector.execute(ThrowableCollector.java:73)
	at org.junit.platform.engine.support.hierarchical.NodeTestTask.executeRecursively(NodeTestTask.java:143)
	at org.junit.platform.engine.support.hierarchical.NodeTestTask.execute(NodeTestTask.java:100)
	at org.junit.platform.engine.support.hierarchical.SameThreadHierarchicalTestExecutorService.submit(SameThreadHierarchicalTestExecutorService.java:35)
	at org.junit.platform.engine.support.hierarchical.HierarchicalTestExecutor.execute(HierarchicalTestExecutor.java:57)
	at org.junit.platform.engine.support.hierarchical.HierarchicalTestEngine.execute(HierarchicalTestEngine.java:54)
	at org.junit.platform.launcher.core.EngineExecutionOrchestrator.execute(EngineExecutionOrchestrator.java:201)
	at org.junit.platform.launcher.core.EngineExecutionOrchestrator.execute(EngineExecutionOrchestrator.java:170)
	at org.junit.platform.launcher.core.EngineExecutionOrchestrator.execute(EngineExecutionOrchestrator.java:94)
	at org.junit.platform.launcher.core.EngineExecutionOrchestrator.lambda$execute$0(EngineExecutionOrchestrator.java:59)
	at org.junit.platform.launcher.core.EngineExecutionOrchestrator.withInterceptedStreams(EngineExecutionOrchestrator.java:142)
	at org.junit.platform.launcher.core.EngineExecutionOrchestrator.execute(EngineExecutionOrchestrator.java:58)
	at org.junit.platform.launcher.core.DefaultLauncher.execute(DefaultLauncher.java:103)
	at org.junit.platform.launcher.core.DefaultLauncher.execute(DefaultLauncher.java:85)
	at org.junit.platform.launcher.core.DelegatingLauncher.execute(DelegatingLauncher.java:47)
	at org.junit.platform.launcher.core.InterceptingLauncher.lambda$execute$1(InterceptingLauncher.java:39)
	at org.junit.platform.launcher.core.ClasspathAlignmentCheckingLauncherInterceptor.intercept(ClasspathAlignmentCheckingLauncherInterceptor.java:25)
	at org.junit.platform.launcher.core.InterceptingLauncher.execute(InterceptingLauncher.java:38)
	at org.junit.platform.launcher.core.DelegatingLauncher.execute(DelegatingLauncher.java:47)
	at org.apache.maven.surefire.junitplatform.LazyLauncher.execute(LazyLauncher.java:56)
	at org.apache.maven.surefire.junitplatform.JUnitPlatformProvider.execute(JUnitPlatformProvider.java:194)
	at org.apache.maven.surefire.junitplatform.JUnitPlatformProvider.invokeAllTests(JUnitPlatformProvider.java:150)
	at org.apache.maven.surefire.junitplatform.JUnitPlatformProvider.invoke(JUnitPlatformProvider.java:124)
	at org.apache.maven.surefire.booter.ForkedBooter.runSuitesInProcess(ForkedBooter.java:385)
	at org.apache.maven.surefire.booter.ForkedBooter.execute(ForkedBooter.java:162)
	at org.apache.maven.surefire.booter.ForkedBooter.run(ForkedBooter.java:507)
	at org.apache.maven.surefire.booter.ForkedBooter.main(ForkedBooter.java:495)
Caused by: org.springframework.web.client.ResourceAccessException: I/O error on GET request for "http://localhost:8080/config-service/vks-service/default": Connection refused
	at org.springframework.web.client.RestTemplate.createResourceAccessException(RestTemplate.java:926)
	at org.springframework.web.client.RestTemplate.doExecute(RestTemplate.java:906)
	at org.springframework.web.client.RestTemplate.execute(RestTemplate.java:801)
	at org.springframework.web.client.RestTemplate.exchange(RestTemplate.java:683)
	at org.springframework.cloud.config.client.ConfigServerConfigDataLoader.getRemoteEnvironment(ConfigServerConfigDataLoader.java:349)
	at org.springframework.cloud.config.client.ConfigServerConfigDataLoader.doLoad(ConfigServerConfigDataLoader.java:130)
	... 115 common frames omitted
Caused by: java.net.ConnectException: Connection refused
	at java.base/sun.nio.ch.Net.pollConnect(Native Method)
	at java.base/sun.nio.ch.Net.pollConnectNow(Net.java:694)
	at java.base/sun.nio.ch.NioSocketImpl.timedFinishConnect(NioSocketImpl.java:542)
	at java.base/sun.nio.ch.NioSocketImpl.connect(NioSocketImpl.java:592)
	at java.base/java.net.Socket.connect(Socket.java:751)
	at java.base/sun.net.NetworkClient.doConnect(NetworkClient.java:178)
	at java.base/sun.net.www.http.HttpClient.openServer(HttpClient.java:531)
	at java.base/sun.net.www.http.HttpClient.openServer(HttpClient.java:636)
	at java.base/sun.net.www.http.HttpClient.<init>(HttpClient.java:282)
	at java.base/sun.net.www.http.HttpClient.New(HttpClient.java:386)
	at java.base/sun.net.www.http.HttpClient.New(HttpClient.java:408)
	at java.base/sun.net.www.protocol.http.HttpURLConnection.getNewHttpClient(HttpURLConnection.java:1324)
	at java.base/sun.net.www.protocol.http.HttpURLConnection.plainConnect0(HttpURLConnection.java:1257)
	at java.base/sun.net.www.protocol.http.HttpURLConnection.plainConnect(HttpURLConnection.java:1143)
	at java.base/sun.net.www.protocol.http.HttpURLConnection.connect(HttpURLConnection.java:1072)
	at org.springframework.http.client.SimpleClientHttpRequest.executeInternal(SimpleClientHttpRequest.java:79)
	at org.springframework.http.client.AbstractStreamingClientHttpRequest.executeInternal(AbstractStreamingClientHttpRequest.java:71)
	at org.springframework.http.client.AbstractClientHttpRequest.execute(AbstractClientHttpRequest.java:81)
	at org.springframework.web.client.RestTemplate.doExecute(RestTemplate.java:900)
	... 119 common frames omitted
[Service: vks-service TraceId:  SpanId: ] 2026-08-07 22:59:27.089 [main] WARN  o.s.test.context.TestContextManager Caught exception while allowing TestExecutionListener [org.springframework.boot.test.mock.mockito.MockitoTestExecutionListener] to prepare test instance [com.vks.interfaces.auth.AuthControllerSecurityTest@30865a1]
java.lang.IllegalStateException: Failed to load ApplicationContext for [WebMergedContextConfiguration@112e72ea testClass = com.vks.interfaces.auth.AuthControllerSecurityTest, locations = [], classes = [com.vks.VksServiceMainApplication], contextInitializerClasses = [], activeProfiles = [], propertySourceDescriptors = [], propertySourceProperties = ["org.springframework.boot.test.autoconfigure.web.servlet.WebMvcTestContextBootstrapper=true"], contextCustomizers = [[ImportsContextCustomizer@259c7ff3 key = [org.springframework.boot.autoconfigure.security.oauth2.client.servlet.OAuth2ClientWebSecurityAutoConfiguration, com.vks.security.SecurityConfig, org.springframework.boot.autoconfigure.task.TaskExecutionAutoConfiguration, org.springframework.boot.autoconfigure.cache.CacheAutoConfiguration, org.springframework.boot.autoconfigure.web.servlet.HttpEncodingAutoConfiguration, org.springframework.boot.autoconfigure.validation.ValidationAutoConfiguration, org.springframework.boot.autoconfigure.security.saml2.Saml2RelyingPartyAutoConfiguration, org.springframework.boot.autoconfigure.context.MessageSourceAutoConfiguration, org.springframework.boot.autoconfigure.hateoas.HypermediaAutoConfiguration, org.springframework.boot.autoconfigure.jackson.JacksonAutoConfiguration, org.springframework.boot.autoconfigure.data.web.SpringDataWebAutoConfiguration, org.springframework.boot.test.autoconfigure.web.reactive.WebTestClientAutoConfiguration, org.springframework.boot.autoconfigure.web.servlet.error.ErrorMvcAutoConfiguration, org.springframework.boot.test.autoconfigure.web.servlet.MockMvcAutoConfiguration, org.springframework.boot.autoconfigure.security.servlet.SecurityAutoConfiguration, org.springframework.boot.autoconfigure.security.servlet.SecurityFilterAutoConfiguration, org.springframework.boot.autoconfigure.http.HttpMessageConvertersAutoConfiguration, org.springframework.boot.autoconfigure.security.oauth2.client.OAuth2ClientAutoConfiguration, org.springframework.boot.test.autoconfigure.web.servlet.MockMvcSecurityConfiguration, org.springframework.boot.test.autoconfigure.web.servlet.MockMvcWebClientAutoConfiguration, org.springframework.boot.test.autoconfigure.web.servlet.MockMvcWebDriverAutoConfiguration, org.springframework.boot.autoconfigure.thymeleaf.ThymeleafAutoConfiguration, org.springframework.boot.autoconfigure.gson.GsonAutoConfiguration, org.springframework.boot.autoconfigure.jsonb.JsonbAutoConfiguration, org.springframework.boot.autoconfigure.freemarker.FreeMarkerAutoConfiguration, org.springframework.boot.autoconfigure.web.servlet.WebMvcAutoConfiguration, org.springframework.boot.autoconfigure.security.servlet.UserDetailsServiceAutoConfiguration, org.springframework.boot.autoconfigure.security.oauth2.resource.servlet.OAuth2ResourceServerAutoConfiguration, org.springframework.boot.autoconfigure.groovy.template.GroovyTemplateAutoConfiguration, org.springframework.boot.autoconfigure.mustache.MustacheAutoConfiguration]], org.springframework.boot.test.context.filter.ExcludeFilterContextCustomizer@1f7b8d59, org.springframework.boot.test.json.DuplicateJsonObjectContextCustomizerFactory$DuplicateJsonObjectContextCustomizer@6158113e, org.springframework.boot.test.mock.mockito.MockitoContextCustomizer@f0566f58, org.springframework.boot.test.web.reactor.netty.DisableReactorResourceFactoryGlobalResourcesContextCustomizerFactory$DisableReactorResourceFactoryGlobalResourcesContextCustomizerCustomizer@2f98fe6f, org.springframework.boot.test.autoconfigure.OnFailureConditionReportContextCustomizerFactory$OnFailureConditionReportContextCustomizer@7833407, org.springframework.boot.test.autoconfigure.OverrideAutoConfigurationContextCustomizerFactory$DisableAutoConfigurationContextCustomizer@9ba167e, org.springframework.boot.test.autoconfigure.actuate.observability.ObservabilityContextCustomizerFactory$DisableObservabilityContextCustomizer@1f, org.springframework.boot.test.autoconfigure.filter.TypeExcludeFiltersContextCustomizer@8ea6acdb, org.springframework.boot.test.autoconfigure.properties.PropertyMappingContextCustomizer@df565e59, org.springframework.boot.test.autoconfigure.web.servlet.WebDriverContextCustomizer@5ca006ac, org.springframework.test.context.support.DynamicPropertiesContextCustomizer@0, org.springframework.boot.test.context.SpringBootTestAnnotation@ef1e9fee], resourceBasePath = "src/main/webapp", contextLoader = org.springframework.boot.test.context.SpringBootContextLoader, parent = null]
	at org.springframework.test.context.cache.DefaultCacheAwareContextLoaderDelegate.loadContext(DefaultCacheAwareContextLoaderDelegate.java:180)
	at org.springframework.test.context.support.DefaultTestContext.getApplicationContext(DefaultTestContext.java:130)
	at org.springframework.boot.test.mock.mockito.MockitoTestExecutionListener.postProcessFields(MockitoTestExecutionListener.java:128)
	at org.springframework.boot.test.mock.mockito.MockitoTestExecutionListener.injectFields(MockitoTestExecutionListener.java:112)
	at org.springframework.boot.test.mock.mockito.MockitoTestExecutionListener.prepareTestInstance(MockitoTestExecutionListener.java:69)
	at org.springframework.test.context.TestContextManager.prepareTestInstance(TestContextManager.java:260)
	at org.springframework.test.context.junit.jupiter.SpringExtension.postProcessTestInstance(SpringExtension.java:159)
	at org.junit.jupiter.engine.descriptor.ClassBasedTestDescriptor.lambda$invokeTestInstancePostProcessors$10(ClassBasedTestDescriptor.java:383)
	at org.junit.jupiter.engine.descriptor.ClassBasedTestDescriptor.executeAndMaskThrowable(ClassBasedTestDescriptor.java:388)
	at org.junit.jupiter.engine.descriptor.ClassBasedTestDescriptor.lambda$invokeTestInstancePostProcessors$11(ClassBasedTestDescriptor.java:382)
	at java.base/java.util.stream.ForEachOps$ForEachOp$OfRef.accept(ForEachOps.java:184)
	at java.base/java.util.stream.ReferencePipeline$3$1.accept(ReferencePipeline.java:197)
	at java.base/java.util.stream.ReferencePipeline$2$1.accept(ReferencePipeline.java:179)
	at java.base/java.util.stream.ReferencePipeline$3$1.accept(ReferencePipeline.java:197)
	at java.base/java.util.ArrayList$ArrayListSpliterator.forEachRemaining(ArrayList.java:1708)
	at java.base/java.util.stream.AbstractPipeline.copyInto(AbstractPipeline.java:509)
	at java.base/java.util.stream.AbstractPipeline.wrapAndCopyInto(AbstractPipeline.java:499)
	at java.base/java.util.stream.ForEachOps$ForEachOp.evaluateSequential(ForEachOps.java:151)
	at java.base/java.util.stream.ForEachOps$ForEachOp$OfRef.evaluateSequential(ForEachOps.java:174)
	at java.base/java.util.stream.AbstractPipeline.evaluate(AbstractPipeline.java:234)
	at java.base/java.util.stream.ReferencePipeline.forEach(ReferencePipeline.java:596)
	at org.junit.jupiter.engine.descriptor.ClassBasedTestDescriptor.invokeTestInstancePostProcessors(ClassBasedTestDescriptor.java:382)
	at org.junit.jupiter.engine.descriptor.ClassBasedTestDescriptor.lambda$instantiateAndPostProcessTestInstance$6(ClassBasedTestDescriptor.java:293)
	at org.junit.platform.engine.support.hierarchical.ThrowableCollector.execute(ThrowableCollector.java:73)
	at org.junit.jupiter.engine.descriptor.ClassBasedTestDescriptor.instantiateAndPostProcessTestInstance(ClassBasedTestDescriptor.java:292)
	at org.junit.jupiter.engine.descriptor.ClassBasedTestDescriptor.lambda$testInstancesProvider$4(ClassBasedTestDescriptor.java:281)
	at java.base/java.util.Optional.orElseGet(Optional.java:364)
	at org.junit.jupiter.engine.descriptor.ClassBasedTestDescriptor.lambda$testInstancesProvider$5(ClassBasedTestDescriptor.java:280)
	at org.junit.jupiter.engine.execution.TestInstancesProvider.getTestInstances(TestInstancesProvider.java:27)
	at org.junit.jupiter.engine.descriptor.TestMethodTestDescriptor.lambda$prepare$0(TestMethodTestDescriptor.java:112)
	at org.junit.platform.engine.support.hierarchical.ThrowableCollector.execute(ThrowableCollector.java:73)
	at org.junit.jupiter.engine.descriptor.TestMethodTestDescriptor.prepare(TestMethodTestDescriptor.java:111)
	at org.junit.jupiter.engine.descriptor.TestMethodTestDescriptor.prepare(TestMethodTestDescriptor.java:69)
	at org.junit.platform.engine.support.hierarchical.NodeTestTask.lambda$prepare$2(NodeTestTask.java:128)
	at org.junit.platform.engine.support.hierarchical.ThrowableCollector.execute(ThrowableCollector.java:73)
	at org.junit.platform.engine.support.hierarchical.NodeTestTask.prepare(NodeTestTask.java:128)
	at org.junit.platform.engine.support.hierarchical.NodeTestTask.execute(NodeTestTask.java:95)
	at java.base/java.util.ArrayList.forEach(ArrayList.java:1596)
	at org.junit.platform.engine.support.hierarchical.SameThreadHierarchicalTestExecutorService.invokeAll(SameThreadHierarchicalTestExecutorService.java:41)
	at org.junit.platform.engine.support.hierarchical.NodeTestTask.lambda$executeRecursively$6(NodeTestTask.java:160)
	at org.junit.platform.engine.support.hierarchical.ThrowableCollector.execute(ThrowableCollector.java:73)
	at org.junit.platform.engine.support.hierarchical.NodeTestTask.lambda$executeRecursively$8(NodeTestTask.java:146)
	at org.junit.platform.engine.support.hierarchical.Node.around(Node.java:137)
	at org.junit.platform.engine.support.hierarchical.NodeTestTask.lambda$executeRecursively$9(NodeTestTask.java:144)
	at org.junit.platform.engine.support.hierarchical.ThrowableCollector.execute(ThrowableCollector.java:73)
	at org.junit.platform.engine.support.hierarchical.NodeTestTask.executeRecursively(NodeTestTask.java:143)
	at org.junit.platform.engine.support.hierarchical.NodeTestTask.execute(NodeTestTask.java:100)
	at java.base/java.util.ArrayList.forEach(ArrayList.java:1596)
	at org.junit.platform.engine.support.hierarchical.SameThreadHierarchicalTestExecutorService.invokeAll(SameThreadHierarchicalTestExecutorService.java:41)
	at org.junit.platform.engine.support.hierarchical.NodeTestTask.lambda$executeRecursively$6(NodeTestTask.java:160)
	at org.junit.platform.engine.support.hierarchical.ThrowableCollector.execute(ThrowableCollector.java:73)
	at org.junit.platform.engine.support.hierarchical.NodeTestTask.lambda$executeRecursively$8(NodeTestTask.java:146)
	at org.junit.platform.engine.support.hierarchical.Node.around(Node.java:137)
	at org.junit.platform.engine.support.hierarchical.NodeTestTask.lambda$executeRecursively$9(NodeTestTask.java:144)
	at org.junit.platform.engine.support.hierarchical.ThrowableCollector.execute(ThrowableCollector.java:73)
	at org.junit.platform.engine.support.hierarchical.NodeTestTask.executeRecursively(NodeTestTask.java:143)
	at org.junit.platform.engine.support.hierarchical.NodeTestTask.execute(NodeTestTask.java:100)
	at org.junit.platform.engine.support.hierarchical.SameThreadHierarchicalTestExecutorService.submit(SameThreadHierarchicalTestExecutorService.java:35)
	at org.junit.platform.engine.support.hierarchical.HierarchicalTestExecutor.execute(HierarchicalTestExecutor.java:57)
	at org.junit.platform.engine.support.hierarchical.HierarchicalTestEngine.execute(HierarchicalTestEngine.java:54)
	at org.junit.platform.launcher.core.EngineExecutionOrchestrator.execute(EngineExecutionOrchestrator.java:201)
	at org.junit.platform.launcher.core.EngineExecutionOrchestrator.execute(EngineExecutionOrchestrator.java:170)
	at org.junit.platform.launcher.core.EngineExecutionOrchestrator.execute(EngineExecutionOrchestrator.java:94)
	at org.junit.platform.launcher.core.EngineExecutionOrchestrator.lambda$execute$0(EngineExecutionOrchestrator.java:59)
	at org.junit.platform.launcher.core.EngineExecutionOrchestrator.withInterceptedStreams(EngineExecutionOrchestrator.java:142)
	at org.junit.platform.launcher.core.EngineExecutionOrchestrator.execute(EngineExecutionOrchestrator.java:58)
	at org.junit.platform.launcher.core.DefaultLauncher.execute(DefaultLauncher.java:103)
	at org.junit.platform.launcher.core.DefaultLauncher.execute(DefaultLauncher.java:85)
	at org.junit.platform.launcher.core.DelegatingLauncher.execute(DelegatingLauncher.java:47)
	at org.junit.platform.launcher.core.InterceptingLauncher.lambda$execute$1(InterceptingLauncher.java:39)
	at org.junit.platform.launcher.core.ClasspathAlignmentCheckingLauncherInterceptor.intercept(ClasspathAlignmentCheckingLauncherInterceptor.java:25)
	at org.junit.platform.launcher.core.InterceptingLauncher.execute(InterceptingLauncher.java:38)
	at org.junit.platform.launcher.core.DelegatingLauncher.execute(DelegatingLauncher.java:47)
	at org.apache.maven.surefire.junitplatform.LazyLauncher.execute(LazyLauncher.java:56)
	at org.apache.maven.surefire.junitplatform.JUnitPlatformProvider.execute(JUnitPlatformProvider.java:194)
	at org.apache.maven.surefire.junitplatform.JUnitPlatformProvider.invokeAllTests(JUnitPlatformProvider.java:150)
	at org.apache.maven.surefire.junitplatform.JUnitPlatformProvider.invoke(JUnitPlatformProvider.java:124)
	at org.apache.maven.surefire.booter.ForkedBooter.runSuitesInProcess(ForkedBooter.java:385)
	at org.apache.maven.surefire.booter.ForkedBooter.execute(ForkedBooter.java:162)
	at org.apache.maven.surefire.booter.ForkedBooter.run(ForkedBooter.java:507)
	at org.apache.maven.surefire.booter.ForkedBooter.main(ForkedBooter.java:495)
Caused by: org.springframework.cloud.config.client.ConfigClientFailFastException: Could not locate PropertySource and the resource is not optional, failing
	at org.springframework.cloud.config.client.ConfigServerConfigDataLoader.doLoad(ConfigServerConfigDataLoader.java:218)
	at org.springframework.cloud.config.client.ConfigClientRetryBootstrapper.lambda$initialize$1(ConfigClientRetryBootstrapper.java:54)
	at org.springframework.cloud.config.client.ConfigServerConfigDataLoader.load(ConfigServerConfigDataLoader.java:96)
	at org.springframework.cloud.config.client.ConfigServerConfigDataLoader.load(ConfigServerConfigDataLoader.java:63)
	at org.springframework.boot.context.config.ConfigDataLoaders.load(ConfigDataLoaders.java:96)
	at org.springframework.boot.context.config.ConfigDataImporter.load(ConfigDataImporter.java:132)
	at org.springframework.boot.context.config.ConfigDataImporter.resolveAndLoad(ConfigDataImporter.java:87)
	at org.springframework.boot.context.config.ConfigDataEnvironmentContributors.withProcessedImports(ConfigDataEnvironmentContributors.java:129)
	at org.springframework.boot.context.config.ConfigDataEnvironment.processInitial(ConfigDataEnvironment.java:245)
	at org.springframework.boot.context.config.ConfigDataEnvironment.processAndApply(ConfigDataEnvironment.java:232)
	at org.springframework.boot.context.config.ConfigDataEnvironmentPostProcessor.postProcessEnvironment(ConfigDataEnvironmentPostProcessor.java:96)
	at org.springframework.boot.context.config.ConfigDataEnvironmentPostProcessor.postProcessEnvironment(ConfigDataEnvironmentPostProcessor.java:89)
	at org.springframework.boot.env.EnvironmentPostProcessorApplicationListener.onApplicationEnvironmentPreparedEvent(EnvironmentPostProcessorApplicationListener.java:132)
	at org.springframework.boot.env.EnvironmentPostProcessorApplicationListener.onApplicationEvent(EnvironmentPostProcessorApplicationListener.java:115)
	at org.springframework.context.event.SimpleApplicationEventMulticaster.doInvokeListener(SimpleApplicationEventMulticaster.java:185)
	at org.springframework.context.event.SimpleApplicationEventMulticaster.invokeListener(SimpleApplicationEventMulticaster.java:178)
	at org.springframework.context.event.SimpleApplicationEventMulticaster.multicastEvent(SimpleApplicationEventMulticaster.java:156)
	at org.springframework.context.event.SimpleApplicationEventMulticaster.multicastEvent(SimpleApplicationEventMulticaster.java:138)
	at org.springframework.boot.context.event.EventPublishingRunListener.multicastInitialEvent(EventPublishingRunListener.java:136)
	at org.springframework.boot.context.event.EventPublishingRunListener.environmentPrepared(EventPublishingRunListener.java:81)
	at org.springframework.boot.SpringApplicationRunListeners.lambda$environmentPrepared$2(SpringApplicationRunListeners.java:64)
	at java.base/java.lang.Iterable.forEach(Iterable.java:75)
	at org.springframework.boot.SpringApplicationRunListeners.doWithListeners(SpringApplicationRunListeners.java:118)
	at org.springframework.boot.SpringApplicationRunListeners.doWithListeners(SpringApplicationRunListeners.java:112)
	at org.springframework.boot.SpringApplicationRunListeners.environmentPrepared(SpringApplicationRunListeners.java:63)
	at org.springframework.boot.SpringApplication.prepareEnvironment(SpringApplication.java:353)
	at org.springframework.boot.SpringApplication.run(SpringApplication.java:313)
	at org.springframework.boot.test.context.SpringBootContextLoader.lambda$loadContext$3(SpringBootContextLoader.java:144)
	at org.springframework.util.function.ThrowingSupplier.get(ThrowingSupplier.java:58)
	at org.springframework.util.function.ThrowingSupplier.get(ThrowingSupplier.java:46)
	at org.springframework.boot.SpringApplication.withHook(SpringApplication.java:1461)
	at org.springframework.boot.test.context.SpringBootContextLoader$ContextLoaderHook.run(SpringBootContextLoader.java:563)
	at org.springframework.boot.test.context.SpringBootContextLoader.loadContext(SpringBootContextLoader.java:144)
	at org.springframework.boot.test.context.SpringBootContextLoader.loadContext(SpringBootContextLoader.java:110)
	at org.springframework.test.context.cache.DefaultCacheAwareContextLoaderDelegate.loadContextInternal(DefaultCacheAwareContextLoaderDelegate.java:225)
	at org.springframework.test.context.cache.DefaultCacheAwareContextLoaderDelegate.loadContext(DefaultCacheAwareContextLoaderDelegate.java:152)
	... 80 common frames omitted
Caused by: org.springframework.web.client.ResourceAccessException: I/O error on GET request for "http://localhost:8080/config-service/vks-service/default": Connection refused
	at org.springframework.web.client.RestTemplate.createResourceAccessException(RestTemplate.java:926)
	at org.springframework.web.client.RestTemplate.doExecute(RestTemplate.java:906)
	at org.springframework.web.client.RestTemplate.execute(RestTemplate.java:801)
	at org.springframework.web.client.RestTemplate.exchange(RestTemplate.java:683)
	at org.springframework.cloud.config.client.ConfigServerConfigDataLoader.getRemoteEnvironment(ConfigServerConfigDataLoader.java:349)
	at org.springframework.cloud.config.client.ConfigServerConfigDataLoader.doLoad(ConfigServerConfigDataLoader.java:130)
	... 115 common frames omitted
Caused by: java.net.ConnectException: Connection refused
	at java.base/sun.nio.ch.Net.pollConnect(Native Method)
	at java.base/sun.nio.ch.Net.pollConnectNow(Net.java:694)
	at java.base/sun.nio.ch.NioSocketImpl.timedFinishConnect(NioSocketImpl.java:542)
	at java.base/sun.nio.ch.NioSocketImpl.connect(NioSocketImpl.java:592)
	at java.base/java.net.Socket.connect(Socket.java:751)
	at java.base/sun.net.NetworkClient.doConnect(NetworkClient.java:178)
	at java.base/sun.net.www.http.HttpClient.openServer(HttpClient.java:531)
	at java.base/sun.net.www.http.HttpClient.openServer(HttpClient.java:636)
	at java.base/sun.net.www.http.HttpClient.<init>(HttpClient.java:282)
	at java.base/sun.net.www.http.HttpClient.New(HttpClient.java:386)
	at java.base/sun.net.www.http.HttpClient.New(HttpClient.java:408)
	at java.base/sun.net.www.protocol.http.HttpURLConnection.getNewHttpClient(HttpURLConnection.java:1324)
	at java.base/sun.net.www.protocol.http.HttpURLConnection.plainConnect0(HttpURLConnection.java:1257)
	at java.base/sun.net.www.protocol.http.HttpURLConnection.plainConnect(HttpURLConnection.java:1143)
	at java.base/sun.net.www.protocol.http.HttpURLConnection.connect(HttpURLConnection.java:1072)
	at org.springframework.http.client.SimpleClientHttpRequest.executeInternal(SimpleClientHttpRequest.java:79)
	at org.springframework.http.client.AbstractStreamingClientHttpRequest.executeInternal(AbstractStreamingClientHttpRequest.java:71)
	at org.springframework.http.client.AbstractClientHttpRequest.execute(AbstractClientHttpRequest.java:81)
	at org.springframework.web.client.RestTemplate.doExecute(RestTemplate.java:900)
	... 119 common frames omitted
[Service: vks-service TraceId:  SpanId: ] 2026-08-07 22:59:27.097 [main] WARN  o.s.test.context.TestContextManager Caught exception while allowing TestExecutionListener [org.springframework.boot.test.mock.mockito.MockitoTestExecutionListener] to prepare test instance [com.vks.interfaces.auth.AuthControllerSecurityTest@5dc83abb]
java.lang.IllegalStateException: ApplicationContext failure threshold (1) exceeded: skipping repeated attempt to load context for [WebMergedContextConfiguration@112e72ea testClass = com.vks.interfaces.auth.AuthControllerSecurityTest, locations = [], classes = [com.vks.VksServiceMainApplication], contextInitializerClasses = [], activeProfiles = [], propertySourceDescriptors = [], propertySourceProperties = ["org.springframework.boot.test.autoconfigure.web.servlet.WebMvcTestContextBootstrapper=true"], contextCustomizers = [[ImportsContextCustomizer@259c7ff3 key = [org.springframework.boot.autoconfigure.security.oauth2.client.servlet.OAuth2ClientWebSecurityAutoConfiguration, com.vks.security.SecurityConfig, org.springframework.boot.autoconfigure.task.TaskExecutionAutoConfiguration, org.springframework.boot.autoconfigure.cache.CacheAutoConfiguration, org.springframework.boot.autoconfigure.web.servlet.HttpEncodingAutoConfiguration, org.springframework.boot.autoconfigure.validation.ValidationAutoConfiguration, org.springframework.boot.autoconfigure.security.saml2.Saml2RelyingPartyAutoConfiguration, org.springframework.boot.autoconfigure.context.MessageSourceAutoConfiguration, org.springframework.boot.autoconfigure.hateoas.HypermediaAutoConfiguration, org.springframework.boot.autoconfigure.jackson.JacksonAutoConfiguration, org.springframework.boot.autoconfigure.data.web.SpringDataWebAutoConfiguration, org.springframework.boot.test.autoconfigure.web.reactive.WebTestClientAutoConfiguration, org.springframework.boot.autoconfigure.web.servlet.error.ErrorMvcAutoConfiguration, org.springframework.boot.test.autoconfigure.web.servlet.MockMvcAutoConfiguration, org.springframework.boot.autoconfigure.security.servlet.SecurityAutoConfiguration, org.springframework.boot.autoconfigure.security.servlet.SecurityFilterAutoConfiguration, org.springframework.boot.autoconfigure.http.HttpMessageConvertersAutoConfiguration, org.springframework.boot.autoconfigure.security.oauth2.client.OAuth2ClientAutoConfiguration, org.springframework.boot.test.autoconfigure.web.servlet.MockMvcSecurityConfiguration, org.springframework.boot.test.autoconfigure.web.servlet.MockMvcWebClientAutoConfiguration, org.springframework.boot.test.autoconfigure.web.servlet.MockMvcWebDriverAutoConfiguration, org.springframework.boot.autoconfigure.thymeleaf.ThymeleafAutoConfiguration, org.springframework.boot.autoconfigure.gson.GsonAutoConfiguration, org.springframework.boot.autoconfigure.jsonb.JsonbAutoConfiguration, org.springframework.boot.autoconfigure.freemarker.FreeMarkerAutoConfiguration, org.springframework.boot.autoconfigure.web.servlet.WebMvcAutoConfiguration, org.springframework.boot.autoconfigure.security.servlet.UserDetailsServiceAutoConfiguration, org.springframework.boot.autoconfigure.security.oauth2.resource.servlet.OAuth2ResourceServerAutoConfiguration, org.springframework.boot.autoconfigure.groovy.template.GroovyTemplateAutoConfiguration, org.springframework.boot.autoconfigure.mustache.MustacheAutoConfiguration]], org.springframework.boot.test.context.filter.ExcludeFilterContextCustomizer@1f7b8d59, org.springframework.boot.test.json.DuplicateJsonObjectContextCustomizerFactory$DuplicateJsonObjectContextCustomizer@6158113e, org.springframework.boot.test.mock.mockito.MockitoContextCustomizer@f0566f58, org.springframework.boot.test.web.reactor.netty.DisableReactorResourceFactoryGlobalResourcesContextCustomizerFactory$DisableReactorResourceFactoryGlobalResourcesContextCustomizerCustomizer@2f98fe6f, org.springframework.boot.test.autoconfigure.OnFailureConditionReportContextCustomizerFactory$OnFailureConditionReportContextCustomizer@7833407, org.springframework.boot.test.autoconfigure.OverrideAutoConfigurationContextCustomizerFactory$DisableAutoConfigurationContextCustomizer@9ba167e, org.springframework.boot.test.autoconfigure.actuate.observability.ObservabilityContextCustomizerFactory$DisableObservabilityContextCustomizer@1f, org.springframework.boot.test.autoconfigure.filter.TypeExcludeFiltersContextCustomizer@8ea6acdb, org.springframework.boot.test.autoconfigure.properties.PropertyMappingContextCustomizer@df565e59, org.springframework.boot.test.autoconfigure.web.servlet.WebDriverContextCustomizer@5ca006ac, org.springframework.test.context.support.DynamicPropertiesContextCustomizer@0, org.springframework.boot.test.context.SpringBootTestAnnotation@ef1e9fee], resourceBasePath = "src/main/webapp", contextLoader = org.springframework.boot.test.context.SpringBootContextLoader, parent = null]
	at org.springframework.test.context.cache.DefaultCacheAwareContextLoaderDelegate.loadContext(DefaultCacheAwareContextLoaderDelegate.java:145)
	at org.springframework.test.context.support.DefaultTestContext.getApplicationContext(DefaultTestContext.java:130)
	at org.springframework.boot.test.mock.mockito.MockitoTestExecutionListener.postProcessFields(MockitoTestExecutionListener.java:128)
	at org.springframework.boot.test.mock.mockito.MockitoTestExecutionListener.injectFields(MockitoTestExecutionListener.java:112)
	at org.springframework.boot.test.mock.mockito.MockitoTestExecutionListener.prepareTestInstance(MockitoTestExecutionListener.java:69)
	at org.springframework.test.context.TestContextManager.prepareTestInstance(TestContextManager.java:260)
	at org.springframework.test.context.junit.jupiter.SpringExtension.postProcessTestInstance(SpringExtension.java:159)
	at org.junit.jupiter.engine.descriptor.ClassBasedTestDescriptor.lambda$invokeTestInstancePostProcessors$10(ClassBasedTestDescriptor.java:383)
	at org.junit.jupiter.engine.descriptor.ClassBasedTestDescriptor.executeAndMaskThrowable(ClassBasedTestDescriptor.java:388)
	at org.junit.jupiter.engine.descriptor.ClassBasedTestDescriptor.lambda$invokeTestInstancePostProcessors$11(ClassBasedTestDescriptor.java:382)
	at java.base/java.util.stream.ForEachOps$ForEachOp$OfRef.accept(ForEachOps.java:184)
	at java.base/java.util.stream.ReferencePipeline$3$1.accept(ReferencePipeline.java:197)
	at java.base/java.util.stream.ReferencePipeline$2$1.accept(ReferencePipeline.java:179)
	at java.base/java.util.stream.ReferencePipeline$3$1.accept(ReferencePipeline.java:197)
	at java.base/java.util.ArrayList$ArrayListSpliterator.forEachRemaining(ArrayList.java:1708)
	at java.base/java.util.stream.AbstractPipeline.copyInto(AbstractPipeline.java:509)
	at java.base/java.util.stream.AbstractPipeline.wrapAndCopyInto(AbstractPipeline.java:499)
	at java.base/java.util.stream.ForEachOps$ForEachOp.evaluateSequential(ForEachOps.java:151)
	at java.base/java.util.stream.ForEachOps$ForEachOp$OfRef.evaluateSequential(ForEachOps.java:174)
	at java.base/java.util.stream.AbstractPipeline.evaluate(AbstractPipeline.java:234)
	at java.base/java.util.stream.ReferencePipeline.forEach(ReferencePipeline.java:596)
	at org.junit.jupiter.engine.descriptor.ClassBasedTestDescriptor.invokeTestInstancePostProcessors(ClassBasedTestDescriptor.java:382)
	at org.junit.jupiter.engine.descriptor.ClassBasedTestDescriptor.lambda$instantiateAndPostProcessTestInstance$6(ClassBasedTestDescriptor.java:293)
	at org.junit.platform.engine.support.hierarchical.ThrowableCollector.execute(ThrowableCollector.java:73)
	at org.junit.jupiter.engine.descriptor.ClassBasedTestDescriptor.instantiateAndPostProcessTestInstance(ClassBasedTestDescriptor.java:292)
	at org.junit.jupiter.engine.descriptor.ClassBasedTestDescriptor.lambda$testInstancesProvider$4(ClassBasedTestDescriptor.java:281)
	at java.base/java.util.Optional.orElseGet(Optional.java:364)
	at org.junit.jupiter.engine.descriptor.ClassBasedTestDescriptor.lambda$testInstancesProvider$5(ClassBasedTestDescriptor.java:280)
	at org.junit.jupiter.engine.execution.TestInstancesProvider.getTestInstances(TestInstancesProvider.java:27)
	at org.junit.jupiter.engine.descriptor.TestMethodTestDescriptor.lambda$prepare$0(TestMethodTestDescriptor.java:112)
	at org.junit.platform.engine.support.hierarchical.ThrowableCollector.execute(ThrowableCollector.java:73)
	at org.junit.jupiter.engine.descriptor.TestMethodTestDescriptor.prepare(TestMethodTestDescriptor.java:111)
	at org.junit.jupiter.engine.descriptor.TestMethodTestDescriptor.prepare(TestMethodTestDescriptor.java:69)
	at org.junit.platform.engine.support.hierarchical.NodeTestTask.lambda$prepare$2(NodeTestTask.java:128)
	at org.junit.platform.engine.support.hierarchical.ThrowableCollector.execute(ThrowableCollector.java:73)
	at org.junit.platform.engine.support.hierarchical.NodeTestTask.prepare(NodeTestTask.java:128)
	at org.junit.platform.engine.support.hierarchical.NodeTestTask.execute(NodeTestTask.java:95)
	at java.base/java.util.ArrayList.forEach(ArrayList.java:1596)
	at org.junit.platform.engine.support.hierarchical.SameThreadHierarchicalTestExecutorService.invokeAll(SameThreadHierarchicalTestExecutorService.java:41)
	at org.junit.platform.engine.support.hierarchical.NodeTestTask.lambda$executeRecursively$6(NodeTestTask.java:160)
	at org.junit.platform.engine.support.hierarchical.ThrowableCollector.execute(ThrowableCollector.java:73)
	at org.junit.platform.engine.support.hierarchical.NodeTestTask.lambda$executeRecursively$8(NodeTestTask.java:146)
	at org.junit.platform.engine.support.hierarchical.Node.around(Node.java:137)
	at org.junit.platform.engine.support.hierarchical.NodeTestTask.lambda$executeRecursively$9(NodeTestTask.java:144)
	at org.junit.platform.engine.support.hierarchical.ThrowableCollector.execute(ThrowableCollector.java:73)
	at org.junit.platform.engine.support.hierarchical.NodeTestTask.executeRecursively(NodeTestTask.java:143)
	at org.junit.platform.engine.support.hierarchical.NodeTestTask.execute(NodeTestTask.java:100)
	at java.base/java.util.ArrayList.forEach(ArrayList.java:1596)
	at org.junit.platform.engine.support.hierarchical.SameThreadHierarchicalTestExecutorService.invokeAll(SameThreadHierarchicalTestExecutorService.java:41)
	at org.junit.platform.engine.support.hierarchical.NodeTestTask.lambda$executeRecursively$6(NodeTestTask.java:160)
	at org.junit.platform.engine.support.hierarchical.ThrowableCollector.execute(ThrowableCollector.java:73)
	at org.junit.platform.engine.support.hierarchical.NodeTestTask.lambda$executeRecursively$8(NodeTestTask.java:146)
	at org.junit.platform.engine.support.hierarchical.Node.around(Node.java:137)
	at org.junit.platform.engine.support.hierarchical.NodeTestTask.lambda$executeRecursively$9(NodeTestTask.java:144)
	at org.junit.platform.engine.support.hierarchical.ThrowableCollector.execute(ThrowableCollector.java:73)
	at org.junit.platform.engine.support.hierarchical.NodeTestTask.executeRecursively(NodeTestTask.java:143)
	at org.junit.platform.engine.support.hierarchical.NodeTestTask.execute(NodeTestTask.java:100)
	at org.junit.platform.engine.support.hierarchical.SameThreadHierarchicalTestExecutorService.submit(SameThreadHierarchicalTestExecutorService.java:35)
	at org.junit.platform.engine.support.hierarchical.HierarchicalTestExecutor.execute(HierarchicalTestExecutor.java:57)
	at org.junit.platform.engine.support.hierarchical.HierarchicalTestEngine.execute(HierarchicalTestEngine.java:54)
	at org.junit.platform.launcher.core.EngineExecutionOrchestrator.execute(EngineExecutionOrchestrator.java:201)
	at org.junit.platform.launcher.core.EngineExecutionOrchestrator.execute(EngineExecutionOrchestrator.java:170)
	at org.junit.platform.launcher.core.EngineExecutionOrchestrator.execute(EngineExecutionOrchestrator.java:94)
	at org.junit.platform.launcher.core.EngineExecutionOrchestrator.lambda$execute$0(EngineExecutionOrchestrator.java:59)
	at org.junit.platform.launcher.core.EngineExecutionOrchestrator.withInterceptedStreams(EngineExecutionOrchestrator.java:142)
	at org.junit.platform.launcher.core.EngineExecutionOrchestrator.execute(EngineExecutionOrchestrator.java:58)
	at org.junit.platform.launcher.core.DefaultLauncher.execute(DefaultLauncher.java:103)
	at org.junit.platform.launcher.core.DefaultLauncher.execute(DefaultLauncher.java:85)
	at org.junit.platform.launcher.core.DelegatingLauncher.execute(DelegatingLauncher.java:47)
	at org.junit.platform.launcher.core.InterceptingLauncher.lambda$execute$1(InterceptingLauncher.java:39)
	at org.junit.platform.launcher.core.ClasspathAlignmentCheckingLauncherInterceptor.intercept(ClasspathAlignmentCheckingLauncherInterceptor.java:25)
	at org.junit.platform.launcher.core.InterceptingLauncher.execute(InterceptingLauncher.java:38)
	at org.junit.platform.launcher.core.DelegatingLauncher.execute(DelegatingLauncher.java:47)
	at org.apache.maven.surefire.junitplatform.LazyLauncher.execute(LazyLauncher.java:56)
	at org.apache.maven.surefire.junitplatform.JUnitPlatformProvider.execute(JUnitPlatformProvider.java:194)
	at org.apache.maven.surefire.junitplatform.JUnitPlatformProvider.invokeAllTests(JUnitPlatformProvider.java:150)
	at org.apache.maven.surefire.junitplatform.JUnitPlatformProvider.invoke(JUnitPlatformProvider.java:124)
	at org.apache.maven.surefire.booter.ForkedBooter.runSuitesInProcess(ForkedBooter.java:385)
	at org.apache.maven.surefire.booter.ForkedBooter.execute(ForkedBooter.java:162)
	at org.apache.maven.surefire.booter.ForkedBooter.run(ForkedBooter.java:507)
	at org.apache.maven.surefire.booter.ForkedBooter.main(ForkedBooter.java:495)
[Service: vks-service TraceId:  SpanId: ] 2026-08-07 22:59:27.100 [main] WARN  o.s.test.context.TestContextManager Caught exception while allowing TestExecutionListener [org.springframework.boot.test.mock.mockito.MockitoTestExecutionListener] to prepare test instance [com.vks.interfaces.auth.AuthControllerSecurityTest@4251b1ed]
java.lang.IllegalStateException: ApplicationContext failure threshold (1) exceeded: skipping repeated attempt to load context for [WebMergedContextConfiguration@112e72ea testClass = com.vks.interfaces.auth.AuthControllerSecurityTest, locations = [], classes = [com.vks.VksServiceMainApplication], contextInitializerClasses = [], activeProfiles = [], propertySourceDescriptors = [], propertySourceProperties = ["org.springframework.boot.test.autoconfigure.web.servlet.WebMvcTestContextBootstrapper=true"], contextCustomizers = [[ImportsContextCustomizer@259c7ff3 key = [org.springframework.boot.autoconfigure.security.oauth2.client.servlet.OAuth2ClientWebSecurityAutoConfiguration, com.vks.security.SecurityConfig, org.springframework.boot.autoconfigure.task.TaskExecutionAutoConfiguration, org.springframework.boot.autoconfigure.cache.CacheAutoConfiguration, org.springframework.boot.autoconfigure.web.servlet.HttpEncodingAutoConfiguration, org.springframework.boot.autoconfigure.validation.ValidationAutoConfiguration, org.springframework.boot.autoconfigure.security.saml2.Saml2RelyingPartyAutoConfiguration, org.springframework.boot.autoconfigure.context.MessageSourceAutoConfiguration, org.springframework.boot.autoconfigure.hateoas.HypermediaAutoConfiguration, org.springframework.boot.autoconfigure.jackson.JacksonAutoConfiguration, org.springframework.boot.autoconfigure.data.web.SpringDataWebAutoConfiguration, org.springframework.boot.test.autoconfigure.web.reactive.WebTestClientAutoConfiguration, org.springframework.boot.autoconfigure.web.servlet.error.ErrorMvcAutoConfiguration, org.springframework.boot.test.autoconfigure.web.servlet.MockMvcAutoConfiguration, org.springframework.boot.autoconfigure.security.servlet.SecurityAutoConfiguration, org.springframework.boot.autoconfigure.security.servlet.SecurityFilterAutoConfiguration, org.springframework.boot.autoconfigure.http.HttpMessageConvertersAutoConfiguration, org.springframework.boot.autoconfigure.security.oauth2.client.OAuth2ClientAutoConfiguration, org.springframework.boot.test.autoconfigure.web.servlet.MockMvcSecurityConfiguration, org.springframework.boot.test.autoconfigure.web.servlet.MockMvcWebClientAutoConfiguration, org.springframework.boot.test.autoconfigure.web.servlet.MockMvcWebDriverAutoConfiguration, org.springframework.boot.autoconfigure.thymeleaf.ThymeleafAutoConfiguration, org.springframework.boot.autoconfigure.gson.GsonAutoConfiguration, org.springframework.boot.autoconfigure.jsonb.JsonbAutoConfiguration, org.springframework.boot.autoconfigure.freemarker.FreeMarkerAutoConfiguration, org.springframework.boot.autoconfigure.web.servlet.WebMvcAutoConfiguration, org.springframework.boot.autoconfigure.security.servlet.UserDetailsServiceAutoConfiguration, org.springframework.boot.autoconfigure.security.oauth2.resource.servlet.OAuth2ResourceServerAutoConfiguration, org.springframework.boot.autoconfigure.groovy.template.GroovyTemplateAutoConfiguration, org.springframework.boot.autoconfigure.mustache.MustacheAutoConfiguration]], org.springframework.boot.test.context.filter.ExcludeFilterContextCustomizer@1f7b8d59, org.springframework.boot.test.json.DuplicateJsonObjectContextCustomizerFactory$DuplicateJsonObjectContextCustomizer@6158113e, org.springframework.boot.test.mock.mockito.MockitoContextCustomizer@f0566f58, org.springframework.boot.test.web.reactor.netty.DisableReactorResourceFactoryGlobalResourcesContextCustomizerFactory$DisableReactorResourceFactoryGlobalResourcesContextCustomizerCustomizer@2f98fe6f, org.springframework.boot.test.autoconfigure.OnFailureConditionReportContextCustomizerFactory$OnFailureConditionReportContextCustomizer@7833407, org.springframework.boot.test.autoconfigure.OverrideAutoConfigurationContextCustomizerFactory$DisableAutoConfigurationContextCustomizer@9ba167e, org.springframework.boot.test.autoconfigure.actuate.observability.ObservabilityContextCustomizerFactory$DisableObservabilityContextCustomizer@1f, org.springframework.boot.test.autoconfigure.filter.TypeExcludeFiltersContextCustomizer@8ea6acdb, org.springframework.boot.test.autoconfigure.properties.PropertyMappingContextCustomizer@df565e59, org.springframework.boot.test.autoconfigure.web.servlet.WebDriverContextCustomizer@5ca006ac, org.springframework.test.context.support.DynamicPropertiesContextCustomizer@0, org.springframework.boot.test.context.SpringBootTestAnnotation@ef1e9fee], resourceBasePath = "src/main/webapp", contextLoader = org.springframework.boot.test.context.SpringBootContextLoader, parent = null]
	at org.springframework.test.context.cache.DefaultCacheAwareContextLoaderDelegate.loadContext(DefaultCacheAwareContextLoaderDelegate.java:145)
	at org.springframework.test.context.support.DefaultTestContext.getApplicationContext(DefaultTestContext.java:130)
	at org.springframework.boot.test.mock.mockito.MockitoTestExecutionListener.postProcessFields(MockitoTestExecutionListener.java:128)
	at org.springframework.boot.test.mock.mockito.MockitoTestExecutionListener.injectFields(MockitoTestExecutionListener.java:112)
	at org.springframework.boot.test.mock.mockito.MockitoTestExecutionListener.prepareTestInstance(MockitoTestExecutionListener.java:69)
	at org.springframework.test.context.TestContextManager.prepareTestInstance(TestContextManager.java:260)
	at org.springframework.test.context.junit.jupiter.SpringExtension.postProcessTestInstance(SpringExtension.java:159)
	at org.junit.jupiter.engine.descriptor.ClassBasedTestDescriptor.lambda$invokeTestInstancePostProcessors$10(ClassBasedTestDescriptor.java:383)
	at org.junit.jupiter.engine.descriptor.ClassBasedTestDescriptor.executeAndMaskThrowable(ClassBasedTestDescriptor.java:388)
	at org.junit.jupiter.engine.descriptor.ClassBasedTestDescriptor.lambda$invokeTestInstancePostProcessors$11(ClassBasedTestDescriptor.java:382)
	at java.base/java.util.stream.ForEachOps$ForEachOp$OfRef.accept(ForEachOps.java:184)
	at java.base/java.util.stream.ReferencePipeline$3$1.accept(ReferencePipeline.java:197)
	at java.base/java.util.stream.ReferencePipeline$2$1.accept(ReferencePipeline.java:179)
	at java.base/java.util.stream.ReferencePipeline$3$1.accept(ReferencePipeline.java:197)
	at java.base/java.util.ArrayList$ArrayListSpliterator.forEachRemaining(ArrayList.java:1708)
	at java.base/java.util.stream.AbstractPipeline.copyInto(AbstractPipeline.java:509)
	at java.base/java.util.stream.AbstractPipeline.wrapAndCopyInto(AbstractPipeline.java:499)
	at java.base/java.util.stream.ForEachOps$ForEachOp.evaluateSequential(ForEachOps.java:151)
	at java.base/java.util.stream.ForEachOps$ForEachOp$OfRef.evaluateSequential(ForEachOps.java:174)
	at java.base/java.util.stream.AbstractPipeline.evaluate(AbstractPipeline.java:234)
	at java.base/java.util.stream.ReferencePipeline.forEach(ReferencePipeline.java:596)
	at org.junit.jupiter.engine.descriptor.ClassBasedTestDescriptor.invokeTestInstancePostProcessors(ClassBasedTestDescriptor.java:382)
	at org.junit.jupiter.engine.descriptor.ClassBasedTestDescriptor.lambda$instantiateAndPostProcessTestInstance$6(ClassBasedTestDescriptor.java:293)
	at org.junit.platform.engine.support.hierarchical.ThrowableCollector.execute(ThrowableCollector.java:73)
	at org.junit.jupiter.engine.descriptor.ClassBasedTestDescriptor.instantiateAndPostProcessTestInstance(ClassBasedTestDescriptor.java:292)
	at org.junit.jupiter.engine.descriptor.ClassBasedTestDescriptor.lambda$testInstancesProvider$4(ClassBasedTestDescriptor.java:281)
	at java.base/java.util.Optional.orElseGet(Optional.java:364)
	at org.junit.jupiter.engine.descriptor.ClassBasedTestDescriptor.lambda$testInstancesProvider$5(ClassBasedTestDescriptor.java:280)
	at org.junit.jupiter.engine.execution.TestInstancesProvider.getTestInstances(TestInstancesProvider.java:27)
	at org.junit.jupiter.engine.descriptor.TestMethodTestDescriptor.lambda$prepare$0(TestMethodTestDescriptor.java:112)
	at org.junit.platform.engine.support.hierarchical.ThrowableCollector.execute(ThrowableCollector.java:73)
	at org.junit.jupiter.engine.descriptor.TestMethodTestDescriptor.prepare(TestMethodTestDescriptor.java:111)
	at org.junit.jupiter.engine.descriptor.TestMethodTestDescriptor.prepare(TestMethodTestDescriptor.java:69)
	at org.junit.platform.engine.support.hierarchical.NodeTestTask.lambda$prepare$2(NodeTestTask.java:128)
	at org.junit.platform.engine.support.hierarchical.ThrowableCollector.execute(ThrowableCollector.java:73)
	at org.junit.platform.engine.support.hierarchical.NodeTestTask.prepare(NodeTestTask.java:128)
	at org.junit.platform.engine.support.hierarchical.NodeTestTask.execute(NodeTestTask.java:95)
	at java.base/java.util.ArrayList.forEach(ArrayList.java:1596)
	at org.junit.platform.engine.support.hierarchical.SameThreadHierarchicalTestExecutorService.invokeAll(SameThreadHierarchicalTestExecutorService.java:41)
	at org.junit.platform.engine.support.hierarchical.NodeTestTask.lambda$executeRecursively$6(NodeTestTask.java:160)
	at org.junit.platform.engine.support.hierarchical.ThrowableCollector.execute(ThrowableCollector.java:73)
	at org.junit.platform.engine.support.hierarchical.NodeTestTask.lambda$executeRecursively$8(NodeTestTask.java:146)
	at org.junit.platform.engine.support.hierarchical.Node.around(Node.java:137)
	at org.junit.platform.engine.support.hierarchical.NodeTestTask.lambda$executeRecursively$9(NodeTestTask.java:144)
	at org.junit.platform.engine.support.hierarchical.ThrowableCollector.execute(ThrowableCollector.java:73)
	at org.junit.platform.engine.support.hierarchical.NodeTestTask.executeRecursively(NodeTestTask.java:143)
	at org.junit.platform.engine.support.hierarchical.NodeTestTask.execute(NodeTestTask.java:100)
	at java.base/java.util.ArrayList.forEach(ArrayList.java:1596)
	at org.junit.platform.engine.support.hierarchical.SameThreadHierarchicalTestExecutorService.invokeAll(SameThreadHierarchicalTestExecutorService.java:41)
	at org.junit.platform.engine.support.hierarchical.NodeTestTask.lambda$executeRecursively$6(NodeTestTask.java:160)
	at org.junit.platform.engine.support.hierarchical.ThrowableCollector.execute(ThrowableCollector.java:73)
	at org.junit.platform.engine.support.hierarchical.NodeTestTask.lambda$executeRecursively$8(NodeTestTask.java:146)
	at org.junit.platform.engine.support.hierarchical.Node.around(Node.java:137)
	at org.junit.platform.engine.support.hierarchical.NodeTestTask.lambda$executeRecursively$9(NodeTestTask.java:144)
	at org.junit.platform.engine.support.hierarchical.ThrowableCollector.execute(ThrowableCollector.java:73)
	at org.junit.platform.engine.support.hierarchical.NodeTestTask.executeRecursively(NodeTestTask.java:143)
	at org.junit.platform.engine.support.hierarchical.NodeTestTask.execute(NodeTestTask.java:100)
	at org.junit.platform.engine.support.hierarchical.SameThreadHierarchicalTestExecutorService.submit(SameThreadHierarchicalTestExecutorService.java:35)
	at org.junit.platform.engine.support.hierarchical.HierarchicalTestExecutor.execute(HierarchicalTestExecutor.java:57)
	at org.junit.platform.engine.support.hierarchical.HierarchicalTestEngine.execute(HierarchicalTestEngine.java:54)
	at org.junit.platform.launcher.core.EngineExecutionOrchestrator.execute(EngineExecutionOrchestrator.java:201)
	at org.junit.platform.launcher.core.EngineExecutionOrchestrator.execute(EngineExecutionOrchestrator.java:170)
	at org.junit.platform.launcher.core.EngineExecutionOrchestrator.execute(EngineExecutionOrchestrator.java:94)
	at org.junit.platform.launcher.core.EngineExecutionOrchestrator.lambda$execute$0(EngineExecutionOrchestrator.java:59)
	at org.junit.platform.launcher.core.EngineExecutionOrchestrator.withInterceptedStreams(EngineExecutionOrchestrator.java:142)
	at org.junit.platform.launcher.core.EngineExecutionOrchestrator.execute(EngineExecutionOrchestrator.java:58)
	at org.junit.platform.launcher.core.DefaultLauncher.execute(DefaultLauncher.java:103)
	at org.junit.platform.launcher.core.DefaultLauncher.execute(DefaultLauncher.java:85)
	at org.junit.platform.launcher.core.DelegatingLauncher.execute(DelegatingLauncher.java:47)
	at org.junit.platform.launcher.core.InterceptingLauncher.lambda$execute$1(InterceptingLauncher.java:39)
	at org.junit.platform.launcher.core.ClasspathAlignmentCheckingLauncherInterceptor.intercept(ClasspathAlignmentCheckingLauncherInterceptor.java:25)
	at org.junit.platform.launcher.core.InterceptingLauncher.execute(InterceptingLauncher.java:38)
	at org.junit.platform.launcher.core.DelegatingLauncher.execute(DelegatingLauncher.java:47)
	at org.apache.maven.surefire.junitplatform.LazyLauncher.execute(LazyLauncher.java:56)
	at org.apache.maven.surefire.junitplatform.JUnitPlatformProvider.execute(JUnitPlatformProvider.java:194)
	at org.apache.maven.surefire.junitplatform.JUnitPlatformProvider.invokeAllTests(JUnitPlatformProvider.java:150)
	at org.apache.maven.surefire.junitplatform.JUnitPlatformProvider.invoke(JUnitPlatformProvider.java:124)
	at org.apache.maven.surefire.booter.ForkedBooter.runSuitesInProcess(ForkedBooter.java:385)
	at org.apache.maven.surefire.booter.ForkedBooter.execute(ForkedBooter.java:162)
	at org.apache.maven.surefire.booter.ForkedBooter.run(ForkedBooter.java:507)
	at org.apache.maven.surefire.booter.ForkedBooter.main(ForkedBooter.java:495)
[Service: vks-service TraceId:  SpanId: ] 2026-08-07 22:59:27.104 [main] WARN  o.s.test.context.TestContextManager Caught exception while allowing TestExecutionListener [org.springframework.boot.test.mock.mockito.MockitoTestExecutionListener] to prepare test instance [com.vks.interfaces.auth.AuthControllerSecurityTest@52df4036]
java.lang.IllegalStateException: ApplicationContext failure threshold (1) exceeded: skipping repeated attempt to load context for [WebMergedContextConfiguration@112e72ea testClass = com.vks.interfaces.auth.AuthControllerSecurityTest, locations = [], classes = [com.vks.VksServiceMainApplication], contextInitializerClasses = [], activeProfiles = [], propertySourceDescriptors = [], propertySourceProperties = ["org.springframework.boot.test.autoconfigure.web.servlet.WebMvcTestContextBootstrapper=true"], contextCustomizers = [[ImportsContextCustomizer@259c7ff3 key = [org.springframework.boot.autoconfigure.security.oauth2.client.servlet.OAuth2ClientWebSecurityAutoConfiguration, com.vks.security.SecurityConfig, org.springframework.boot.autoconfigure.task.TaskExecutionAutoConfiguration, org.springframework.boot.autoconfigure.cache.CacheAutoConfiguration, org.springframework.boot.autoconfigure.web.servlet.HttpEncodingAutoConfiguration, org.springframework.boot.autoconfigure.validation.ValidationAutoConfiguration, org.springframework.boot.autoconfigure.security.saml2.Saml2RelyingPartyAutoConfiguration, org.springframework.boot.autoconfigure.context.MessageSourceAutoConfiguration, org.springframework.boot.autoconfigure.hateoas.HypermediaAutoConfiguration, org.springframework.boot.autoconfigure.jackson.JacksonAutoConfiguration, org.springframework.boot.autoconfigure.data.web.SpringDataWebAutoConfiguration, org.springframework.boot.test.autoconfigure.web.reactive.WebTestClientAutoConfiguration, org.springframework.boot.autoconfigure.web.servlet.error.ErrorMvcAutoConfiguration, org.springframework.boot.test.autoconfigure.web.servlet.MockMvcAutoConfiguration, org.springframework.boot.autoconfigure.security.servlet.SecurityAutoConfiguration, org.springframework.boot.autoconfigure.security.servlet.SecurityFilterAutoConfiguration, org.springframework.boot.autoconfigure.http.HttpMessageConvertersAutoConfiguration, org.springframework.boot.autoconfigure.security.oauth2.client.OAuth2ClientAutoConfiguration, org.springframework.boot.test.autoconfigure.web.servlet.MockMvcSecurityConfiguration, org.springframework.boot.test.autoconfigure.web.servlet.MockMvcWebClientAutoConfiguration, org.springframework.boot.test.autoconfigure.web.servlet.MockMvcWebDriverAutoConfiguration, org.springframework.boot.autoconfigure.thymeleaf.ThymeleafAutoConfiguration, org.springframework.boot.autoconfigure.gson.GsonAutoConfiguration, org.springframework.boot.autoconfigure.jsonb.JsonbAutoConfiguration, org.springframework.boot.autoconfigure.freemarker.FreeMarkerAutoConfiguration, org.springframework.boot.autoconfigure.web.servlet.WebMvcAutoConfiguration, org.springframework.boot.autoconfigure.security.servlet.UserDetailsServiceAutoConfiguration, org.springframework.boot.autoconfigure.security.oauth2.resource.servlet.OAuth2ResourceServerAutoConfiguration, org.springframework.boot.autoconfigure.groovy.template.GroovyTemplateAutoConfiguration, org.springframework.boot.autoconfigure.mustache.MustacheAutoConfiguration]], org.springframework.boot.test.context.filter.ExcludeFilterContextCustomizer@1f7b8d59, org.springframework.boot.test.json.DuplicateJsonObjectContextCustomizerFactory$DuplicateJsonObjectContextCustomizer@6158113e, org.springframework.boot.test.mock.mockito.MockitoContextCustomizer@f0566f58, org.springframework.boot.test.web.reactor.netty.DisableReactorResourceFactoryGlobalResourcesContextCustomizerFactory$DisableReactorResourceFactoryGlobalResourcesContextCustomizerCustomizer@2f98fe6f, org.springframework.boot.test.autoconfigure.OnFailureConditionReportContextCustomizerFactory$OnFailureConditionReportContextCustomizer@7833407, org.springframework.boot.test.autoconfigure.OverrideAutoConfigurationContextCustomizerFactory$DisableAutoConfigurationContextCustomizer@9ba167e, org.springframework.boot.test.autoconfigure.actuate.observability.ObservabilityContextCustomizerFactory$DisableObservabilityContextCustomizer@1f, org.springframework.boot.test.autoconfigure.filter.TypeExcludeFiltersContextCustomizer@8ea6acdb, org.springframework.boot.test.autoconfigure.properties.PropertyMappingContextCustomizer@df565e59, org.springframework.boot.test.autoconfigure.web.servlet.WebDriverContextCustomizer@5ca006ac, org.springframework.test.context.support.DynamicPropertiesContextCustomizer@0, org.springframework.boot.test.context.SpringBootTestAnnotation@ef1e9fee], resourceBasePath = "src/main/webapp", contextLoader = org.springframework.boot.test.context.SpringBootContextLoader, parent = null]
	at org.springframework.test.context.cache.DefaultCacheAwareContextLoaderDelegate.loadContext(DefaultCacheAwareContextLoaderDelegate.java:145)
	at org.springframework.test.context.support.DefaultTestContext.getApplicationContext(DefaultTestContext.java:130)
	at org.springframework.boot.test.mock.mockito.MockitoTestExecutionListener.postProcessFields(MockitoTestExecutionListener.java:128)
	at org.springframework.boot.test.mock.mockito.MockitoTestExecutionListener.injectFields(MockitoTestExecutionListener.java:112)
	at org.springframework.boot.test.mock.mockito.MockitoTestExecutionListener.prepareTestInstance(MockitoTestExecutionListener.java:69)
	at org.springframework.test.context.TestContextManager.prepareTestInstance(TestContextManager.java:260)
	at org.springframework.test.context.junit.jupiter.SpringExtension.postProcessTestInstance(SpringExtension.java:159)
	at org.junit.jupiter.engine.descriptor.ClassBasedTestDescriptor.lambda$invokeTestInstancePostProcessors$10(ClassBasedTestDescriptor.java:383)
	at org.junit.jupiter.engine.descriptor.ClassBasedTestDescriptor.executeAndMaskThrowable(ClassBasedTestDescriptor.java:388)
	at org.junit.jupiter.engine.descriptor.ClassBasedTestDescriptor.lambda$invokeTestInstancePostProcessors$11(ClassBasedTestDescriptor.java:382)
	at java.base/java.util.stream.ForEachOps$ForEachOp$OfRef.accept(ForEachOps.java:184)
	at java.base/java.util.stream.ReferencePipeline$3$1.accept(ReferencePipeline.java:197)
	at java.base/java.util.stream.ReferencePipeline$2$1.accept(ReferencePipeline.java:179)
	at java.base/java.util.stream.ReferencePipeline$3$1.accept(ReferencePipeline.java:197)
	at java.base/java.util.ArrayList$ArrayListSpliterator.forEachRemaining(ArrayList.java:1708)
	at java.base/java.util.stream.AbstractPipeline.copyInto(AbstractPipeline.java:509)
	at java.base/java.util.stream.AbstractPipeline.wrapAndCopyInto(AbstractPipeline.java:499)
	at java.base/java.util.stream.ForEachOps$ForEachOp.evaluateSequential(ForEachOps.java:151)
	at java.base/java.util.stream.ForEachOps$ForEachOp$OfRef.evaluateSequential(ForEachOps.java:174)
	at java.base/java.util.stream.AbstractPipeline.evaluate(AbstractPipeline.java:234)
	at java.base/java.util.stream.ReferencePipeline.forEach(ReferencePipeline.java:596)
	at org.junit.jupiter.engine.descriptor.ClassBasedTestDescriptor.invokeTestInstancePostProcessors(ClassBasedTestDescriptor.java:382)
	at org.junit.jupiter.engine.descriptor.ClassBasedTestDescriptor.lambda$instantiateAndPostProcessTestInstance$6(ClassBasedTestDescriptor.java:293)
	at org.junit.platform.engine.support.hierarchical.ThrowableCollector.execute(ThrowableCollector.java:73)
	at org.junit.jupiter.engine.descriptor.ClassBasedTestDescriptor.instantiateAndPostProcessTestInstance(ClassBasedTestDescriptor.java:292)
	at org.junit.jupiter.engine.descriptor.ClassBasedTestDescriptor.lambda$testInstancesProvider$4(ClassBasedTestDescriptor.java:281)
	at java.base/java.util.Optional.orElseGet(Optional.java:364)
	at org.junit.jupiter.engine.descriptor.ClassBasedTestDescriptor.lambda$testInstancesProvider$5(ClassBasedTestDescriptor.java:280)
	at org.junit.jupiter.engine.execution.TestInstancesProvider.getTestInstances(TestInstancesProvider.java:27)
	at org.junit.jupiter.engine.descriptor.TestMethodTestDescriptor.lambda$prepare$0(TestMethodTestDescriptor.java:112)
	at org.junit.platform.engine.support.hierarchical.ThrowableCollector.execute(ThrowableCollector.java:73)
	at org.junit.jupiter.engine.descriptor.TestMethodTestDescriptor.prepare(TestMethodTestDescriptor.java:111)
	at org.junit.jupiter.engine.descriptor.TestMethodTestDescriptor.prepare(TestMethodTestDescriptor.java:69)
	at org.junit.platform.engine.support.hierarchical.NodeTestTask.lambda$prepare$2(NodeTestTask.java:128)
	at org.junit.platform.engine.support.hierarchical.ThrowableCollector.execute(ThrowableCollector.java:73)
	at org.junit.platform.engine.support.hierarchical.NodeTestTask.prepare(NodeTestTask.java:128)
	at org.junit.platform.engine.support.hierarchical.NodeTestTask.execute(NodeTestTask.java:95)
	at java.base/java.util.ArrayList.forEach(ArrayList.java:1596)
	at org.junit.platform.engine.support.hierarchical.SameThreadHierarchicalTestExecutorService.invokeAll(SameThreadHierarchicalTestExecutorService.java:41)
	at org.junit.platform.engine.support.hierarchical.NodeTestTask.lambda$executeRecursively$6(NodeTestTask.java:160)
	at org.junit.platform.engine.support.hierarchical.ThrowableCollector.execute(ThrowableCollector.java:73)
	at org.junit.platform.engine.support.hierarchical.NodeTestTask.lambda$executeRecursively$8(NodeTestTask.java:146)
	at org.junit.platform.engine.support.hierarchical.Node.around(Node.java:137)
	at org.junit.platform.engine.support.hierarchical.NodeTestTask.lambda$executeRecursively$9(NodeTestTask.java:144)
	at org.junit.platform.engine.support.hierarchical.ThrowableCollector.execute(ThrowableCollector.java:73)
	at org.junit.platform.engine.support.hierarchical.NodeTestTask.executeRecursively(NodeTestTask.java:143)
	at org.junit.platform.engine.support.hierarchical.NodeTestTask.execute(NodeTestTask.java:100)
	at java.base/java.util.ArrayList.forEach(ArrayList.java:1596)
	at org.junit.platform.engine.support.hierarchical.SameThreadHierarchicalTestExecutorService.invokeAll(SameThreadHierarchicalTestExecutorService.java:41)
	at org.junit.platform.engine.support.hierarchical.NodeTestTask.lambda$executeRecursively$6(NodeTestTask.java:160)
	at org.junit.platform.engine.support.hierarchical.ThrowableCollector.execute(ThrowableCollector.java:73)
	at org.junit.platform.engine.support.hierarchical.NodeTestTask.lambda$executeRecursively$8(NodeTestTask.java:146)
	at org.junit.platform.engine.support.hierarchical.Node.around(Node.java:137)
	at org.junit.platform.engine.support.hierarchical.NodeTestTask.lambda$executeRecursively$9(NodeTestTask.java:144)
	at org.junit.platform.engine.support.hierarchical.ThrowableCollector.execute(ThrowableCollector.java:73)
	at org.junit.platform.engine.support.hierarchical.NodeTestTask.executeRecursively(NodeTestTask.java:143)
	at org.junit.platform.engine.support.hierarchical.NodeTestTask.execute(NodeTestTask.java:100)
	at org.junit.platform.engine.support.hierarchical.SameThreadHierarchicalTestExecutorService.submit(SameThreadHierarchicalTestExecutorService.java:35)
	at org.junit.platform.engine.support.hierarchical.HierarchicalTestExecutor.execute(HierarchicalTestExecutor.java:57)
	at org.junit.platform.engine.support.hierarchical.HierarchicalTestEngine.execute(HierarchicalTestEngine.java:54)
	at org.junit.platform.launcher.core.EngineExecutionOrchestrator.execute(EngineExecutionOrchestrator.java:201)
	at org.junit.platform.launcher.core.EngineExecutionOrchestrator.execute(EngineExecutionOrchestrator.java:170)
	at org.junit.platform.launcher.core.EngineExecutionOrchestrator.execute(EngineExecutionOrchestrator.java:94)
	at org.junit.platform.launcher.core.EngineExecutionOrchestrator.lambda$execute$0(EngineExecutionOrchestrator.java:59)
	at org.junit.platform.launcher.core.EngineExecutionOrchestrator.withInterceptedStreams(EngineExecutionOrchestrator.java:142)
	at org.junit.platform.launcher.core.EngineExecutionOrchestrator.execute(EngineExecutionOrchestrator.java:58)
	at org.junit.platform.launcher.core.DefaultLauncher.execute(DefaultLauncher.java:103)
	at org.junit.platform.launcher.core.DefaultLauncher.execute(DefaultLauncher.java:85)
	at org.junit.platform.launcher.core.DelegatingLauncher.execute(DelegatingLauncher.java:47)
	at org.junit.platform.launcher.core.InterceptingLauncher.lambda$execute$1(InterceptingLauncher.java:39)
	at org.junit.platform.launcher.core.ClasspathAlignmentCheckingLauncherInterceptor.intercept(ClasspathAlignmentCheckingLauncherInterceptor.java:25)
	at org.junit.platform.launcher.core.InterceptingLauncher.execute(InterceptingLauncher.java:38)
	at org.junit.platform.launcher.core.DelegatingLauncher.execute(DelegatingLauncher.java:47)
	at org.apache.maven.surefire.junitplatform.LazyLauncher.execute(LazyLauncher.java:56)
	at org.apache.maven.surefire.junitplatform.JUnitPlatformProvider.execute(JUnitPlatformProvider.java:194)
	at org.apache.maven.surefire.junitplatform.JUnitPlatformProvider.invokeAllTests(JUnitPlatformProvider.java:150)
	at org.apache.maven.surefire.junitplatform.JUnitPlatformProvider.invoke(JUnitPlatformProvider.java:124)
	at org.apache.maven.surefire.booter.ForkedBooter.runSuitesInProcess(ForkedBooter.java:385)
	at org.apache.maven.surefire.booter.ForkedBooter.execute(ForkedBooter.java:162)
	at org.apache.maven.surefire.booter.ForkedBooter.run(ForkedBooter.java:507)
	at org.apache.maven.surefire.booter.ForkedBooter.main(ForkedBooter.java:495)
[Service: vks-service TraceId:  SpanId: ] 2026-08-07 22:59:27.107 [main] WARN  o.s.test.context.TestContextManager Caught exception while allowing TestExecutionListener [org.springframework.boot.test.mock.mockito.MockitoTestExecutionListener] to prepare test instance [com.vks.interfaces.auth.AuthControllerSecurityTest@487befb]
java.lang.IllegalStateException: ApplicationContext failure threshold (1) exceeded: skipping repeated attempt to load context for [WebMergedContextConfiguration@112e72ea testClass = com.vks.interfaces.auth.AuthControllerSecurityTest, locations = [], classes = [com.vks.VksServiceMainApplication], contextInitializerClasses = [], activeProfiles = [], propertySourceDescriptors = [], propertySourceProperties = ["org.springframework.boot.test.autoconfigure.web.servlet.WebMvcTestContextBootstrapper=true"], contextCustomizers = [[ImportsContextCustomizer@259c7ff3 key = [org.springframework.boot.autoconfigure.security.oauth2.client.servlet.OAuth2ClientWebSecurityAutoConfiguration, com.vks.security.SecurityConfig, org.springframework.boot.autoconfigure.task.TaskExecutionAutoConfiguration, org.springframework.boot.autoconfigure.cache.CacheAutoConfiguration, org.springframework.boot.autoconfigure.web.servlet.HttpEncodingAutoConfiguration, org.springframework.boot.autoconfigure.validation.ValidationAutoConfiguration, org.springframework.boot.autoconfigure.security.saml2.Saml2RelyingPartyAutoConfiguration, org.springframework.boot.autoconfigure.context.MessageSourceAutoConfiguration, org.springframework.boot.autoconfigure.hateoas.HypermediaAutoConfiguration, org.springframework.boot.autoconfigure.jackson.JacksonAutoConfiguration, org.springframework.boot.autoconfigure.data.web.SpringDataWebAutoConfiguration, org.springframework.boot.test.autoconfigure.web.reactive.WebTestClientAutoConfiguration, org.springframework.boot.autoconfigure.web.servlet.error.ErrorMvcAutoConfiguration, org.springframework.boot.test.autoconfigure.web.servlet.MockMvcAutoConfiguration, org.springframework.boot.autoconfigure.security.servlet.SecurityAutoConfiguration, org.springframework.boot.autoconfigure.security.servlet.SecurityFilterAutoConfiguration, org.springframework.boot.autoconfigure.http.HttpMessageConvertersAutoConfiguration, org.springframework.boot.autoconfigure.security.oauth2.client.OAuth2ClientAutoConfiguration, org.springframework.boot.test.autoconfigure.web.servlet.MockMvcSecurityConfiguration, org.springframework.boot.test.autoconfigure.web.servlet.MockMvcWebClientAutoConfiguration, org.springframework.boot.test.autoconfigure.web.servlet.MockMvcWebDriverAutoConfiguration, org.springframework.boot.autoconfigure.thymeleaf.ThymeleafAutoConfiguration, org.springframework.boot.autoconfigure.gson.GsonAutoConfiguration, org.springframework.boot.autoconfigure.jsonb.JsonbAutoConfiguration, org.springframework.boot.autoconfigure.freemarker.FreeMarkerAutoConfiguration, org.springframework.boot.autoconfigure.web.servlet.WebMvcAutoConfiguration, org.springframework.boot.autoconfigure.security.servlet.UserDetailsServiceAutoConfiguration, org.springframework.boot.autoconfigure.security.oauth2.resource.servlet.OAuth2ResourceServerAutoConfiguration, org.springframework.boot.autoconfigure.groovy.template.GroovyTemplateAutoConfiguration, org.springframework.boot.autoconfigure.mustache.MustacheAutoConfiguration]], org.springframework.boot.test.context.filter.ExcludeFilterContextCustomizer@1f7b8d59, org.springframework.boot.test.json.DuplicateJsonObjectContextCustomizerFactory$DuplicateJsonObjectContextCustomizer@6158113e, org.springframework.boot.test.mock.mockito.MockitoContextCustomizer@f0566f58, org.springframework.boot.test.web.reactor.netty.DisableReactorResourceFactoryGlobalResourcesContextCustomizerFactory$DisableReactorResourceFactoryGlobalResourcesContextCustomizerCustomizer@2f98fe6f, org.springframework.boot.test.autoconfigure.OnFailureConditionReportContextCustomizerFactory$OnFailureConditionReportContextCustomizer@7833407, org.springframework.boot.test.autoconfigure.OverrideAutoConfigurationContextCustomizerFactory$DisableAutoConfigurationContextCustomizer@9ba167e, org.springframework.boot.test.autoconfigure.actuate.observability.ObservabilityContextCustomizerFactory$DisableObservabilityContextCustomizer@1f, org.springframework.boot.test.autoconfigure.filter.TypeExcludeFiltersContextCustomizer@8ea6acdb, org.springframework.boot.test.autoconfigure.properties.PropertyMappingContextCustomizer@df565e59, org.springframework.boot.test.autoconfigure.web.servlet.WebDriverContextCustomizer@5ca006ac, org.springframework.test.context.support.DynamicPropertiesContextCustomizer@0, org.springframework.boot.test.context.SpringBootTestAnnotation@ef1e9fee], resourceBasePath = "src/main/webapp", contextLoader = org.springframework.boot.test.context.SpringBootContextLoader, parent = null]
	at org.springframework.test.context.cache.DefaultCacheAwareContextLoaderDelegate.loadContext(DefaultCacheAwareContextLoaderDelegate.java:145)
	at org.springframework.test.context.support.DefaultTestContext.getApplicationContext(DefaultTestContext.java:130)
	at org.springframework.boot.test.mock.mockito.MockitoTestExecutionListener.postProcessFields(MockitoTestExecutionListener.java:128)
	at org.springframework.boot.test.mock.mockito.MockitoTestExecutionListener.injectFields(MockitoTestExecutionListener.java:112)
	at org.springframework.boot.test.mock.mockito.MockitoTestExecutionListener.prepareTestInstance(MockitoTestExecutionListener.java:69)
	at org.springframework.test.context.TestContextManager.prepareTestInstance(TestContextManager.java:260)
	at org.springframework.test.context.junit.jupiter.SpringExtension.postProcessTestInstance(SpringExtension.java:159)
	at org.junit.jupiter.engine.descriptor.ClassBasedTestDescriptor.lambda$invokeTestInstancePostProcessors$10(ClassBasedTestDescriptor.java:383)
	at org.junit.jupiter.engine.descriptor.ClassBasedTestDescriptor.executeAndMaskThrowable(ClassBasedTestDescriptor.java:388)
	at org.junit.jupiter.engine.descriptor.ClassBasedTestDescriptor.lambda$invokeTestInstancePostProcessors$11(ClassBasedTestDescriptor.java:382)
	at java.base/java.util.stream.ForEachOps$ForEachOp$OfRef.accept(ForEachOps.java:184)
	at java.base/java.util.stream.ReferencePipeline$3$1.accept(ReferencePipeline.java:197)
	at java.base/java.util.stream.ReferencePipeline$2$1.accept(ReferencePipeline.java:179)
	at java.base/java.util.stream.ReferencePipeline$3$1.accept(ReferencePipeline.java:197)
	at java.base/java.util.ArrayList$ArrayListSpliterator.forEachRemaining(ArrayList.java:1708)
	at java.base/java.util.stream.AbstractPipeline.copyInto(AbstractPipeline.java:509)
	at java.base/java.util.stream.AbstractPipeline.wrapAndCopyInto(AbstractPipeline.java:499)
	at java.base/java.util.stream.ForEachOps$ForEachOp.evaluateSequential(ForEachOps.java:151)
	at java.base/java.util.stream.ForEachOps$ForEachOp$OfRef.evaluateSequential(ForEachOps.java:174)
	at java.base/java.util.stream.AbstractPipeline.evaluate(AbstractPipeline.java:234)
	at java.base/java.util.stream.ReferencePipeline.forEach(ReferencePipeline.java:596)
	at org.junit.jupiter.engine.descriptor.ClassBasedTestDescriptor.invokeTestInstancePostProcessors(ClassBasedTestDescriptor.java:382)
	at org.junit.jupiter.engine.descriptor.ClassBasedTestDescriptor.lambda$instantiateAndPostProcessTestInstance$6(ClassBasedTestDescriptor.java:293)
	at org.junit.platform.engine.support.hierarchical.ThrowableCollector.execute(ThrowableCollector.java:73)
	at org.junit.jupiter.engine.descriptor.ClassBasedTestDescriptor.instantiateAndPostProcessTestInstance(ClassBasedTestDescriptor.java:292)
	at org.junit.jupiter.engine.descriptor.ClassBasedTestDescriptor.lambda$testInstancesProvider$4(ClassBasedTestDescriptor.java:281)
	at java.base/java.util.Optional.orElseGet(Optional.java:364)
	at org.junit.jupiter.engine.descriptor.ClassBasedTestDescriptor.lambda$testInstancesProvider$5(ClassBasedTestDescriptor.java:280)
	at org.junit.jupiter.engine.execution.TestInstancesProvider.getTestInstances(TestInstancesProvider.java:27)
	at org.junit.jupiter.engine.descriptor.TestMethodTestDescriptor.lambda$prepare$0(TestMethodTestDescriptor.java:112)
	at org.junit.platform.engine.support.hierarchical.ThrowableCollector.execute(ThrowableCollector.java:73)
	at org.junit.jupiter.engine.descriptor.TestMethodTestDescriptor.prepare(TestMethodTestDescriptor.java:111)
	at org.junit.jupiter.engine.descriptor.TestMethodTestDescriptor.prepare(TestMethodTestDescriptor.java:69)
	at org.junit.platform.engine.support.hierarchical.NodeTestTask.lambda$prepare$2(NodeTestTask.java:128)
	at org.junit.platform.engine.support.hierarchical.ThrowableCollector.execute(ThrowableCollector.java:73)
	at org.junit.platform.engine.support.hierarchical.NodeTestTask.prepare(NodeTestTask.java:128)
	at org.junit.platform.engine.support.hierarchical.NodeTestTask.execute(NodeTestTask.java:95)
	at java.base/java.util.ArrayList.forEach(ArrayList.java:1596)
	at org.junit.platform.engine.support.hierarchical.SameThreadHierarchicalTestExecutorService.invokeAll(SameThreadHierarchicalTestExecutorService.java:41)
	at org.junit.platform.engine.support.hierarchical.NodeTestTask.lambda$executeRecursively$6(NodeTestTask.java:160)
	at org.junit.platform.engine.support.hierarchical.ThrowableCollector.execute(ThrowableCollector.java:73)
	at org.junit.platform.engine.support.hierarchical.NodeTestTask.lambda$executeRecursively$8(NodeTestTask.java:146)
	at org.junit.platform.engine.support.hierarchical.Node.around(Node.java:137)
	at org.junit.platform.engine.support.hierarchical.NodeTestTask.lambda$executeRecursively$9(NodeTestTask.java:144)
	at org.junit.platform.engine.support.hierarchical.ThrowableCollector.execute(ThrowableCollector.java:73)
	at org.junit.platform.engine.support.hierarchical.NodeTestTask.executeRecursively(NodeTestTask.java:143)
	at org.junit.platform.engine.support.hierarchical.NodeTestTask.execute(NodeTestTask.java:100)
	at java.base/java.util.ArrayList.forEach(ArrayList.java:1596)
	at org.junit.platform.engine.support.hierarchical.SameThreadHierarchicalTestExecutorService.invokeAll(SameThreadHierarchicalTestExecutorService.java:41)
	at org.junit.platform.engine.support.hierarchical.NodeTestTask.lambda$executeRecursively$6(NodeTestTask.java:160)
	at org.junit.platform.engine.support.hierarchical.ThrowableCollector.execute(ThrowableCollector.java:73)
	at org.junit.platform.engine.support.hierarchical.NodeTestTask.lambda$executeRecursively$8(NodeTestTask.java:146)
	at org.junit.platform.engine.support.hierarchical.Node.around(Node.java:137)
	at org.junit.platform.engine.support.hierarchical.NodeTestTask.lambda$executeRecursively$9(NodeTestTask.java:144)
	at org.junit.platform.engine.support.hierarchical.ThrowableCollector.execute(ThrowableCollector.java:73)
	at org.junit.platform.engine.support.hierarchical.NodeTestTask.executeRecursively(NodeTestTask.java:143)
	at org.junit.platform.engine.support.hierarchical.NodeTestTask.execute(NodeTestTask.java:100)
	at org.junit.platform.engine.support.hierarchical.SameThreadHierarchicalTestExecutorService.submit(SameThreadHierarchicalTestExecutorService.java:35)
	at org.junit.platform.engine.support.hierarchical.HierarchicalTestExecutor.execute(HierarchicalTestExecutor.java:57)
	at org.junit.platform.engine.support.hierarchical.HierarchicalTestEngine.execute(HierarchicalTestEngine.java:54)
	at org.junit.platform.launcher.core.EngineExecutionOrchestrator.execute(EngineExecutionOrchestrator.java:201)
	at org.junit.platform.launcher.core.EngineExecutionOrchestrator.execute(EngineExecutionOrchestrator.java:170)
	at org.junit.platform.launcher.core.EngineExecutionOrchestrator.execute(EngineExecutionOrchestrator.java:94)
	at org.junit.platform.launcher.core.EngineExecutionOrchestrator.lambda$execute$0(EngineExecutionOrchestrator.java:59)
	at org.junit.platform.launcher.core.EngineExecutionOrchestrator.withInterceptedStreams(EngineExecutionOrchestrator.java:142)
	at org.junit.platform.launcher.core.EngineExecutionOrchestrator.execute(EngineExecutionOrchestrator.java:58)
	at org.junit.platform.launcher.core.DefaultLauncher.execute(DefaultLauncher.java:103)
	at org.junit.platform.launcher.core.DefaultLauncher.execute(DefaultLauncher.java:85)
	at org.junit.platform.launcher.core.DelegatingLauncher.execute(DelegatingLauncher.java:47)
	at org.junit.platform.launcher.core.InterceptingLauncher.lambda$execute$1(InterceptingLauncher.java:39)
	at org.junit.platform.launcher.core.ClasspathAlignmentCheckingLauncherInterceptor.intercept(ClasspathAlignmentCheckingLauncherInterceptor.java:25)
	at org.junit.platform.launcher.core.InterceptingLauncher.execute(InterceptingLauncher.java:38)
	at org.junit.platform.launcher.core.DelegatingLauncher.execute(DelegatingLauncher.java:47)
	at org.apache.maven.surefire.junitplatform.LazyLauncher.execute(LazyLauncher.java:56)
	at org.apache.maven.surefire.junitplatform.JUnitPlatformProvider.execute(JUnitPlatformProvider.java:194)
	at org.apache.maven.surefire.junitplatform.JUnitPlatformProvider.invokeAllTests(JUnitPlatformProvider.java:150)
	at org.apache.maven.surefire.junitplatform.JUnitPlatformProvider.invoke(JUnitPlatformProvider.java:124)
	at org.apache.maven.surefire.booter.ForkedBooter.runSuitesInProcess(ForkedBooter.java:385)
	at org.apache.maven.surefire.booter.ForkedBooter.execute(ForkedBooter.java:162)
	at org.apache.maven.surefire.booter.ForkedBooter.run(ForkedBooter.java:507)
	at org.apache.maven.surefire.booter.ForkedBooter.main(ForkedBooter.java:495)
[Service: vks-service TraceId:  SpanId: ] 2026-08-07 22:59:27.112 [main] WARN  o.s.test.context.TestContextManager Caught exception while allowing TestExecutionListener [org.springframework.boot.test.mock.mockito.MockitoTestExecutionListener] to prepare test instance [com.vks.interfaces.auth.AuthControllerSecurityTest@17a17af5]
java.lang.IllegalStateException: ApplicationContext failure threshold (1) exceeded: skipping repeated attempt to load context for [WebMergedContextConfiguration@112e72ea testClass = com.vks.interfaces.auth.AuthControllerSecurityTest, locations = [], classes = [com.vks.VksServiceMainApplication], contextInitializerClasses = [], activeProfiles = [], propertySourceDescriptors = [], propertySourceProperties = ["org.springframework.boot.test.autoconfigure.web.servlet.WebMvcTestContextBootstrapper=true"], contextCustomizers = [[ImportsContextCustomizer@259c7ff3 key = [org.springframework.boot.autoconfigure.security.oauth2.client.servlet.OAuth2ClientWebSecurityAutoConfiguration, com.vks.security.SecurityConfig, org.springframework.boot.autoconfigure.task.TaskExecutionAutoConfiguration, org.springframework.boot.autoconfigure.cache.CacheAutoConfiguration, org.springframework.boot.autoconfigure.web.servlet.HttpEncodingAutoConfiguration, org.springframework.boot.autoconfigure.validation.ValidationAutoConfiguration, org.springframework.boot.autoconfigure.security.saml2.Saml2RelyingPartyAutoConfiguration, org.springframework.boot.autoconfigure.context.MessageSourceAutoConfiguration, org.springframework.boot.autoconfigure.hateoas.HypermediaAutoConfiguration, org.springframework.boot.autoconfigure.jackson.JacksonAutoConfiguration, org.springframework.boot.autoconfigure.data.web.SpringDataWebAutoConfiguration, org.springframework.boot.test.autoconfigure.web.reactive.WebTestClientAutoConfiguration, org.springframework.boot.autoconfigure.web.servlet.error.ErrorMvcAutoConfiguration, org.springframework.boot.test.autoconfigure.web.servlet.MockMvcAutoConfiguration, org.springframework.boot.autoconfigure.security.servlet.SecurityAutoConfiguration, org.springframework.boot.autoconfigure.security.servlet.SecurityFilterAutoConfiguration, org.springframework.boot.autoconfigure.http.HttpMessageConvertersAutoConfiguration, org.springframework.boot.autoconfigure.security.oauth2.client.OAuth2ClientAutoConfiguration, org.springframework.boot.test.autoconfigure.web.servlet.MockMvcSecurityConfiguration, org.springframework.boot.test.autoconfigure.web.servlet.MockMvcWebClientAutoConfiguration, org.springframework.boot.test.autoconfigure.web.servlet.MockMvcWebDriverAutoConfiguration, org.springframework.boot.autoconfigure.thymeleaf.ThymeleafAutoConfiguration, org.springframework.boot.autoconfigure.gson.GsonAutoConfiguration, org.springframework.boot.autoconfigure.jsonb.JsonbAutoConfiguration, org.springframework.boot.autoconfigure.freemarker.FreeMarkerAutoConfiguration, org.springframework.boot.autoconfigure.web.servlet.WebMvcAutoConfiguration, org.springframework.boot.autoconfigure.security.servlet.UserDetailsServiceAutoConfiguration, org.springframework.boot.autoconfigure.security.oauth2.resource.servlet.OAuth2ResourceServerAutoConfiguration, org.springframework.boot.autoconfigure.groovy.template.GroovyTemplateAutoConfiguration, org.springframework.boot.autoconfigure.mustache.MustacheAutoConfiguration]], org.springframework.boot.test.context.filter.ExcludeFilterContextCustomizer@1f7b8d59, org.springframework.boot.test.json.DuplicateJsonObjectContextCustomizerFactory$DuplicateJsonObjectContextCustomizer@6158113e, org.springframework.boot.test.mock.mockito.MockitoContextCustomizer@f0566f58, org.springframework.boot.test.web.reactor.netty.DisableReactorResourceFactoryGlobalResourcesContextCustomizerFactory$DisableReactorResourceFactoryGlobalResourcesContextCustomizerCustomizer@2f98fe6f, org.springframework.boot.test.autoconfigure.OnFailureConditionReportContextCustomizerFactory$OnFailureConditionReportContextCustomizer@7833407, org.springframework.boot.test.autoconfigure.OverrideAutoConfigurationContextCustomizerFactory$DisableAutoConfigurationContextCustomizer@9ba167e, org.springframework.boot.test.autoconfigure.actuate.observability.ObservabilityContextCustomizerFactory$DisableObservabilityContextCustomizer@1f, org.springframework.boot.test.autoconfigure.filter.TypeExcludeFiltersContextCustomizer@8ea6acdb, org.springframework.boot.test.autoconfigure.properties.PropertyMappingContextCustomizer@df565e59, org.springframework.boot.test.autoconfigure.web.servlet.WebDriverContextCustomizer@5ca006ac, org.springframework.test.context.support.DynamicPropertiesContextCustomizer@0, org.springframework.boot.test.context.SpringBootTestAnnotation@ef1e9fee], resourceBasePath = "src/main/webapp", contextLoader = org.springframework.boot.test.context.SpringBootContextLoader, parent = null]
	at org.springframework.test.context.cache.DefaultCacheAwareContextLoaderDelegate.loadContext(DefaultCacheAwareContextLoaderDelegate.java:145)
	at org.springframework.test.context.support.DefaultTestContext.getApplicationContext(DefaultTestContext.java:130)
	at org.springframework.boot.test.mock.mockito.MockitoTestExecutionListener.postProcessFields(MockitoTestExecutionListener.java:128)
	at org.springframework.boot.test.mock.mockito.MockitoTestExecutionListener.injectFields(MockitoTestExecutionListener.java:112)
	at org.springframework.boot.test.mock.mockito.MockitoTestExecutionListener.prepareTestInstance(MockitoTestExecutionListener.java:69)
	at org.springframework.test.context.TestContextManager.prepareTestInstance(TestContextManager.java:260)
	at org.springframework.test.context.junit.jupiter.SpringExtension.postProcessTestInstance(SpringExtension.java:159)
	at org.junit.jupiter.engine.descriptor.ClassBasedTestDescriptor.lambda$invokeTestInstancePostProcessors$10(ClassBasedTestDescriptor.java:383)
	at org.junit.jupiter.engine.descriptor.ClassBasedTestDescriptor.executeAndMaskThrowable(ClassBasedTestDescriptor.java:388)
	at org.junit.jupiter.engine.descriptor.ClassBasedTestDescriptor.lambda$invokeTestInstancePostProcessors$11(ClassBasedTestDescriptor.java:382)
	at java.base/java.util.stream.ForEachOps$ForEachOp$OfRef.accept(ForEachOps.java:184)
	at java.base/java.util.stream.ReferencePipeline$3$1.accept(ReferencePipeline.java:197)
	at java.base/java.util.stream.ReferencePipeline$2$1.accept(ReferencePipeline.java:179)
	at java.base/java.util.stream.ReferencePipeline$3$1.accept(ReferencePipeline.java:197)
	at java.base/java.util.ArrayList$ArrayListSpliterator.forEachRemaining(ArrayList.java:1708)
	at java.base/java.util.stream.AbstractPipeline.copyInto(AbstractPipeline.java:509)
	at java.base/java.util.stream.AbstractPipeline.wrapAndCopyInto(AbstractPipeline.java:499)
	at java.base/java.util.stream.ForEachOps$ForEachOp.evaluateSequential(ForEachOps.java:151)
	at java.base/java.util.stream.ForEachOps$ForEachOp$OfRef.evaluateSequential(ForEachOps.java:174)
	at java.base/java.util.stream.AbstractPipeline.evaluate(AbstractPipeline.java:234)
	at java.base/java.util.stream.ReferencePipeline.forEach(ReferencePipeline.java:596)
	at org.junit.jupiter.engine.descriptor.ClassBasedTestDescriptor.invokeTestInstancePostProcessors(ClassBasedTestDescriptor.java:382)
	at org.junit.jupiter.engine.descriptor.ClassBasedTestDescriptor.lambda$instantiateAndPostProcessTestInstance$6(ClassBasedTestDescriptor.java:293)
	at org.junit.platform.engine.support.hierarchical.ThrowableCollector.execute(ThrowableCollector.java:73)
	at org.junit.jupiter.engine.descriptor.ClassBasedTestDescriptor.instantiateAndPostProcessTestInstance(ClassBasedTestDescriptor.java:292)
	at org.junit.jupiter.engine.descriptor.ClassBasedTestDescriptor.lambda$testInstancesProvider$4(ClassBasedTestDescriptor.java:281)
	at java.base/java.util.Optional.orElseGet(Optional.java:364)
	at org.junit.jupiter.engine.descriptor.ClassBasedTestDescriptor.lambda$testInstancesProvider$5(ClassBasedTestDescriptor.java:280)
	at org.junit.jupiter.engine.execution.TestInstancesProvider.getTestInstances(TestInstancesProvider.java:27)
	at org.junit.jupiter.engine.descriptor.TestMethodTestDescriptor.lambda$prepare$0(TestMethodTestDescriptor.java:112)
	at org.junit.platform.engine.support.hierarchical.ThrowableCollector.execute(ThrowableCollector.java:73)
	at org.junit.jupiter.engine.descriptor.TestMethodTestDescriptor.prepare(TestMethodTestDescriptor.java:111)
	at org.junit.jupiter.engine.descriptor.TestMethodTestDescriptor.prepare(TestMethodTestDescriptor.java:69)
	at org.junit.platform.engine.support.hierarchical.NodeTestTask.lambda$prepare$2(NodeTestTask.java:128)
	at org.junit.platform.engine.support.hierarchical.ThrowableCollector.execute(ThrowableCollector.java:73)
	at org.junit.platform.engine.support.hierarchical.NodeTestTask.prepare(NodeTestTask.java:128)
	at org.junit.platform.engine.support.hierarchical.NodeTestTask.execute(NodeTestTask.java:95)
	at java.base/java.util.ArrayList.forEach(ArrayList.java:1596)
	at org.junit.platform.engine.support.hierarchical.SameThreadHierarchicalTestExecutorService.invokeAll(SameThreadHierarchicalTestExecutorService.java:41)
	at org.junit.platform.engine.support.hierarchical.NodeTestTask.lambda$executeRecursively$6(NodeTestTask.java:160)
	at org.junit.platform.engine.support.hierarchical.ThrowableCollector.execute(ThrowableCollector.java:73)
	at org.junit.platform.engine.support.hierarchical.NodeTestTask.lambda$executeRecursively$8(NodeTestTask.java:146)
	at org.junit.platform.engine.support.hierarchical.Node.around(Node.java:137)
	at org.junit.platform.engine.support.hierarchical.NodeTestTask.lambda$executeRecursively$9(NodeTestTask.java:144)
	at org.junit.platform.engine.support.hierarchical.ThrowableCollector.execute(ThrowableCollector.java:73)
	at org.junit.platform.engine.support.hierarchical.NodeTestTask.executeRecursively(NodeTestTask.java:143)
	at org.junit.platform.engine.support.hierarchical.NodeTestTask.execute(NodeTestTask.java:100)
	at java.base/java.util.ArrayList.forEach(ArrayList.java:1596)
	at org.junit.platform.engine.support.hierarchical.SameThreadHierarchicalTestExecutorService.invokeAll(SameThreadHierarchicalTestExecutorService.java:41)
	at org.junit.platform.engine.support.hierarchical.NodeTestTask.lambda$executeRecursively$6(NodeTestTask.java:160)
	at org.junit.platform.engine.support.hierarchical.ThrowableCollector.execute(ThrowableCollector.java:73)
	at org.junit.platform.engine.support.hierarchical.NodeTestTask.lambda$executeRecursively$8(NodeTestTask.java:146)
	at org.junit.platform.engine.support.hierarchical.Node.around(Node.java:137)
	at org.junit.platform.engine.support.hierarchical.NodeTestTask.lambda$executeRecursively$9(NodeTestTask.java:144)
	at org.junit.platform.engine.support.hierarchical.ThrowableCollector.execute(ThrowableCollector.java:73)
	at org.junit.platform.engine.support.hierarchical.NodeTestTask.executeRecursively(NodeTestTask.java:143)
	at org.junit.platform.engine.support.hierarchical.NodeTestTask.execute(NodeTestTask.java:100)
	at org.junit.platform.engine.support.hierarchical.SameThreadHierarchicalTestExecutorService.submit(SameThreadHierarchicalTestExecutorService.java:35)
	at org.junit.platform.engine.support.hierarchical.HierarchicalTestExecutor.execute(HierarchicalTestExecutor.java:57)
	at org.junit.platform.engine.support.hierarchical.HierarchicalTestEngine.execute(HierarchicalTestEngine.java:54)
	at org.junit.platform.launcher.core.EngineExecutionOrchestrator.execute(EngineExecutionOrchestrator.java:201)
	at org.junit.platform.launcher.core.EngineExecutionOrchestrator.execute(EngineExecutionOrchestrator.java:170)
	at org.junit.platform.launcher.core.EngineExecutionOrchestrator.execute(EngineExecutionOrchestrator.java:94)
	at org.junit.platform.launcher.core.EngineExecutionOrchestrator.lambda$execute$0(EngineExecutionOrchestrator.java:59)
	at org.junit.platform.launcher.core.EngineExecutionOrchestrator.withInterceptedStreams(EngineExecutionOrchestrator.java:142)
	at org.junit.platform.launcher.core.EngineExecutionOrchestrator.execute(EngineExecutionOrchestrator.java:58)
	at org.junit.platform.launcher.core.DefaultLauncher.execute(DefaultLauncher.java:103)
	at org.junit.platform.launcher.core.DefaultLauncher.execute(DefaultLauncher.java:85)
	at org.junit.platform.launcher.core.DelegatingLauncher.execute(DelegatingLauncher.java:47)
	at org.junit.platform.launcher.core.InterceptingLauncher.lambda$execute$1(InterceptingLauncher.java:39)
	at org.junit.platform.launcher.core.ClasspathAlignmentCheckingLauncherInterceptor.intercept(ClasspathAlignmentCheckingLauncherInterceptor.java:25)
	at org.junit.platform.launcher.core.InterceptingLauncher.execute(InterceptingLauncher.java:38)
	at org.junit.platform.launcher.core.DelegatingLauncher.execute(DelegatingLauncher.java:47)
	at org.apache.maven.surefire.junitplatform.LazyLauncher.execute(LazyLauncher.java:56)
	at org.apache.maven.surefire.junitplatform.JUnitPlatformProvider.execute(JUnitPlatformProvider.java:194)
	at org.apache.maven.surefire.junitplatform.JUnitPlatformProvider.invokeAllTests(JUnitPlatformProvider.java:150)
	at org.apache.maven.surefire.junitplatform.JUnitPlatformProvider.invoke(JUnitPlatformProvider.java:124)
	at org.apache.maven.surefire.booter.ForkedBooter.runSuitesInProcess(ForkedBooter.java:385)
	at org.apache.maven.surefire.booter.ForkedBooter.execute(ForkedBooter.java:162)
	at org.apache.maven.surefire.booter.ForkedBooter.run(ForkedBooter.java:507)
	at org.apache.maven.surefire.booter.ForkedBooter.main(ForkedBooter.java:495)
[Service: vks-service TraceId:  SpanId: ] 2026-08-07 22:59:27.882 [main] INFO  c.v.i.f.s.ForgotPasswordServiceImpl OTP verification attempt for username: 9876543210
[Service: vks-service TraceId:  SpanId: ] 2026-08-07 22:59:27.883 [main] WARN  c.v.i.f.s.ForgotPasswordServiceImpl OTP verification failed - OTP expired for username: 9876543210
[Service: vks-service TraceId:  SpanId: ] 2026-08-07 22:59:27.892 [main] INFO  c.v.i.f.s.ForgotPasswordServiceImpl Reset password with token for username: 9876543210
[Service: vks-service TraceId:  SpanId: ] 2026-08-07 22:59:27.893 [main] WARN  c.v.i.f.s.ForgotPasswordServiceImpl Reset password with token - user not found for username: 9876543210
[Service: vks-service TraceId:  SpanId: ] 2026-08-07 22:59:27.902 [main] INFO  c.v.i.f.s.ForgotPasswordServiceImpl Forgot password request for username: 9876543210
[Service: vks-service TraceId:  SpanId: ] 2026-08-07 22:59:27.904 [main] INFO  c.v.i.f.s.ForgotPasswordServiceImpl OTP sent to email for username: 9876543210
[Service: vks-service TraceId:  SpanId: ] 2026-08-07 22:59:27.907 [main] WARN  c.v.i.f.s.ForgotPasswordServiceImpl Reset password with token failed - invalid or expired token
[Service: vks-service TraceId:  SpanId: ] 2026-08-07 22:59:27.911 [main] INFO  c.v.i.f.s.ForgotPasswordServiceImpl OTP verification attempt for username: 9876543210
[Service: vks-service TraceId:  SpanId: ] 2026-08-07 22:59:27.912 [main] INFO  c.v.i.f.s.ForgotPasswordServiceImpl OTP verified successfully for username: 9876543210
[Service: vks-service TraceId:  SpanId: ] 2026-08-07 22:59:27.917 [main] INFO  c.v.i.f.s.ForgotPasswordServiceImpl Forgot password request for username: 9876543210
[Service: vks-service TraceId:  SpanId: ] 2026-08-07 22:59:27.917 [main] WARN  c.v.i.f.s.ForgotPasswordServiceImpl Forgot password - no email registered for username: 9876543210
[Service: vks-service TraceId:  SpanId: ] 2026-08-07 22:59:28.344 [main] INFO  c.v.i.f.s.ForgotPasswordServiceImpl Reset password with token for username: 9876543210
[Service: vks-service TraceId:  SpanId: ] 2026-08-07 22:59:28.451 [main] INFO  c.v.i.f.s.ForgotPasswordServiceImpl Password reset successful for username: 9876543210
[Service: vks-service TraceId:  SpanId: ] 2026-08-07 22:59:28.571 [main] INFO  c.v.i.f.s.ForgotPasswordServiceImpl OTP verification attempt for username: 9876543210
[Service: vks-service TraceId:  SpanId: ] 2026-08-07 22:59:28.571 [main] WARN  c.v.i.f.s.ForgotPasswordServiceImpl OTP verification failed - no OTP found for username: 9876543210
[Service: vks-service TraceId:  SpanId: ] 2026-08-07 22:59:28.575 [main] INFO  c.v.i.f.s.ForgotPasswordServiceImpl Forgot password request for username: 9876543210
[Service: vks-service TraceId:  SpanId: ] 2026-08-07 22:59:28.576 [main] WARN  c.v.i.f.s.ForgotPasswordServiceImpl Forgot password - user not found for username: 9876543210
[Service: vks-service TraceId:  SpanId: ] 2026-08-07 22:59:28.578 [main] INFO  c.v.i.f.s.ForgotPasswordServiceImpl OTP verification attempt for username: 9876543210
[Service: vks-service TraceId:  SpanId: ] 2026-08-07 22:59:28.579 [main] WARN  c.v.i.f.s.ForgotPasswordServiceImpl OTP verification failed - invalid OTP for username: 9876543210
[Service: vks-service TraceId:  SpanId: ] 2026-08-07 22:59:28.651 [main] INFO  c.v.i.s.service.SignupServiceImpl Signup attempt for mobileno: 9876543210
[Service: vks-service TraceId:  SpanId: ] 2026-08-07 22:59:28.652 [main] WARN  c.v.i.s.service.SignupServiceImpl Signup failed - mobile number already registered: 9876543210
[Service: vks-service TraceId:  SpanId: ] 2026-08-07 22:59:28.656 [main] INFO  c.v.i.s.service.SignupServiceImpl Signup attempt for mobileno: 9876543210
[Service: vks-service TraceId:  SpanId: ] 2026-08-07 22:59:28.793 [main] INFO  c.v.i.s.service.SignupServiceImpl Signup successful for mobileno: 9876543210, id: null
[Service: vks-service TraceId:  SpanId: ] 2026-08-07 22:59:28.948 [main] INFO  c.v.i.s.service.SignupServiceImpl Signup attempt for mobileno: 9876543210
[Service: vks-service TraceId:  SpanId: ] 2026-08-07 22:59:28.948 [main] WARN  c.v.i.s.service.SignupServiceImpl Signup failed - password mismatch for mobileno: 9876543210
[Service: vks-service TraceId:  SpanId: ] 2026-08-07 22:59:28.961 [main] INFO  c.v.i.e.service.EventServiceImpl Searching events with filters: EventSearchRequest(eventName=Tech, location=null, createdBy=null, startDateFrom=null, startDateTo=null, endDateFrom=null, endDateTo=null)
[Service: vks-service TraceId:  SpanId: ] 2026-08-07 22:59:28.983 [main] INFO  c.v.i.e.service.EventServiceImpl Creating event: Tech Summit by 9876543210
[Service: vks-service TraceId:  SpanId: ] 2026-08-07 22:59:28.988 [main] INFO  c.v.i.e.service.EventServiceImpl Fetching all events
[Service: vks-service TraceId:  SpanId: ] 2026-08-07 22:59:28.992 [main] INFO  c.v.i.e.service.EventServiceImpl Fetching event id: 193aa8e8-1a0f-41f5-91e0-49cfe30ca5b6
[Service: vks-service TraceId:  SpanId: ] 2026-08-07 22:59:28.996 [main] INFO  c.v.i.e.service.EventServiceImpl Deleting event id: 9cdd0cde-0eb9-4c9a-9cbb-63f7ff49d236
[Service: vks-service TraceId:  SpanId: ] 2026-08-07 22:59:28.998 [main] INFO  c.v.i.e.service.EventServiceImpl Updating event id: 5c0f4312-9952-49f2-8c30-1f4389fae595
[Service: vks-service TraceId:  SpanId: ] 2026-08-07 22:59:29.092 [main] INFO  c.v.i.r.s.ResetPasswordServiceImpl Reset password attempt for authenticated user: 9876543210
[Service: vks-service TraceId:  SpanId: ] 2026-08-07 22:59:29.093 [main] WARN  c.v.i.r.s.ResetPasswordServiceImpl Reset password failed - password mismatch for authenticated user: 9876543210
[Service: vks-service TraceId:  SpanId: ] 2026-08-07 22:59:29.095 [main] INFO  c.v.i.r.s.ResetPasswordServiceImpl Reset password attempt for authenticated user: 9876543210
[Service: vks-service TraceId:  SpanId: ] 2026-08-07 22:59:29.096 [main] WARN  c.v.i.r.s.ResetPasswordServiceImpl Reset password failed - user not found for authenticated user: 9876543210
[Service: vks-service TraceId:  SpanId: ] 2026-08-07 22:59:29.239 [main] INFO  c.v.i.r.s.ResetPasswordServiceImpl Reset password attempt for authenticated user: 9876543210
[Service: vks-service TraceId:  SpanId: ] 2026-08-07 22:59:29.374 [main] INFO  c.v.i.r.s.ResetPasswordServiceImpl Password reset successful for authenticated user: 9876543210
[Service: vks-service TraceId:  SpanId: ] 2026-08-07 22:59:29.471 [main] INFO  o.s.t.c.s.AnnotationConfigContextLoaderUtils Could not detect default configuration classes for test class [com.vks.interfaces.api.ProtectedApiControllerTest]: ProtectedApiControllerTest does not declare any static, non-private, non-final, nested classes annotated with @Configuration.
[Service: vks-service TraceId:  SpanId: ] 2026-08-07 22:59:29.506 [main] INFO  o.s.b.t.c.SpringBootTestContextBootstrapper Found @SpringBootConfiguration com.vks.VksServiceMainApplication for test class com.vks.interfaces.api.ProtectedApiControllerTest
[Service: vks-service TraceId:  SpanId: ] 2026-08-07 22:59:29.609 [main] WARN  o.s.b.t.j.DuplicateJsonObjectContextCustomizerFactory$DuplicateJsonObjectContextCustomizer 

Found multiple occurrences of org.json.JSONObject on the class path:

	jar:file:/Users/bittu.kumar/.m2/repository/org/json/json/20251224/json-20251224.jar!/org/json/JSONObject.class
	jar:file:/Users/bittu.kumar/.m2/repository/com/vaadin/external/google/android-json/0.0.20131108.vaadin1/android-json-0.0.20131108.vaadin1.jar!/org/json/JSONObject.class

You may wish to exclude one of them to ensure predictable runtime behavior

[Service: vks-service TraceId:  SpanId: ] 2026-08-07 22:59:29.611 [main] INFO  o.s.c.c.c.ConfigServerConfigDataLoader Fetching config from server at : http://localhost:8080/config-service
[Service: vks-service TraceId:  SpanId: ] 2026-08-07 22:59:29.612 [main] INFO  o.s.c.c.c.ConfigServerConfigDataLoader Exception on Url - http://localhost:8080/config-service:org.springframework.web.client.ResourceAccessException: I/O error on GET request for "http://localhost:8080/config-service/vks-service/default": Connection refused. Will be trying the next url if available
[Service: vks-service TraceId:  SpanId: ] 2026-08-07 22:59:29.612 [main] INFO  o.s.c.c.c.ConfigServerConfigDataLoader Fetching config from server at : http://localhost:8080/config-service
[Service: vks-service TraceId:  SpanId: ] 2026-08-07 22:59:29.612 [main] INFO  o.s.c.c.c.ConfigServerConfigDataLoader Exception on Url - http://localhost:8080/config-service:org.springframework.web.client.ResourceAccessException: I/O error on GET request for "http://localhost:8080/config-service/vks-service/local": Connection refused. Will be trying the next url if available
[Service: vks-service TraceId:  SpanId: ] 2026-08-07 22:59:29.613 [main] ERROR o.s.boot.SpringApplication Application run failed
org.springframework.cloud.config.client.ConfigClientFailFastException: Could not locate PropertySource and the resource is not optional, failing
	at org.springframework.cloud.config.client.ConfigServerConfigDataLoader.doLoad(ConfigServerConfigDataLoader.java:218)
	at org.springframework.cloud.config.client.ConfigClientRetryBootstrapper.lambda$initialize$1(ConfigClientRetryBootstrapper.java:54)
	at org.springframework.cloud.config.client.ConfigServerConfigDataLoader.load(ConfigServerConfigDataLoader.java:96)
	at org.springframework.cloud.config.client.ConfigServerConfigDataLoader.load(ConfigServerConfigDataLoader.java:63)
	at org.springframework.boot.context.config.ConfigDataLoaders.load(ConfigDataLoaders.java:96)
	at org.springframework.boot.context.config.ConfigDataImporter.load(ConfigDataImporter.java:132)
	at org.springframework.boot.context.config.ConfigDataImporter.resolveAndLoad(ConfigDataImporter.java:87)
	at org.springframework.boot.context.config.ConfigDataEnvironmentContributors.withProcessedImports(ConfigDataEnvironmentContributors.java:129)
	at org.springframework.boot.context.config.ConfigDataEnvironment.processInitial(ConfigDataEnvironment.java:245)
	at org.springframework.boot.context.config.ConfigDataEnvironment.processAndApply(ConfigDataEnvironment.java:232)
	at org.springframework.boot.context.config.ConfigDataEnvironmentPostProcessor.postProcessEnvironment(ConfigDataEnvironmentPostProcessor.java:96)
	at org.springframework.boot.context.config.ConfigDataEnvironmentPostProcessor.postProcessEnvironment(ConfigDataEnvironmentPostProcessor.java:89)
	at org.springframework.boot.env.EnvironmentPostProcessorApplicationListener.onApplicationEnvironmentPreparedEvent(EnvironmentPostProcessorApplicationListener.java:132)
	at org.springframework.boot.env.EnvironmentPostProcessorApplicationListener.onApplicationEvent(EnvironmentPostProcessorApplicationListener.java:115)
	at org.springframework.context.event.SimpleApplicationEventMulticaster.doInvokeListener(SimpleApplicationEventMulticaster.java:185)
	at org.springframework.context.event.SimpleApplicationEventMulticaster.invokeListener(SimpleApplicationEventMulticaster.java:178)
	at org.springframework.context.event.SimpleApplicationEventMulticaster.multicastEvent(SimpleApplicationEventMulticaster.java:156)
	at org.springframework.context.event.SimpleApplicationEventMulticaster.multicastEvent(SimpleApplicationEventMulticaster.java:138)
	at org.springframework.boot.context.event.EventPublishingRunListener.multicastInitialEvent(EventPublishingRunListener.java:136)
	at org.springframework.boot.context.event.EventPublishingRunListener.environmentPrepared(EventPublishingRunListener.java:81)
	at org.springframework.boot.SpringApplicationRunListeners.lambda$environmentPrepared$2(SpringApplicationRunListeners.java:64)
	at java.base/java.lang.Iterable.forEach(Iterable.java:75)
	at org.springframework.boot.SpringApplicationRunListeners.doWithListeners(SpringApplicationRunListeners.java:118)
	at org.springframework.boot.SpringApplicationRunListeners.doWithListeners(SpringApplicationRunListeners.java:112)
	at org.springframework.boot.SpringApplicationRunListeners.environmentPrepared(SpringApplicationRunListeners.java:63)
	at org.springframework.boot.SpringApplication.prepareEnvironment(SpringApplication.java:353)
	at org.springframework.boot.SpringApplication.run(SpringApplication.java:313)
	at org.springframework.boot.test.context.SpringBootContextLoader.lambda$loadContext$3(SpringBootContextLoader.java:144)
	at org.springframework.util.function.ThrowingSupplier.get(ThrowingSupplier.java:58)
	at org.springframework.util.function.ThrowingSupplier.get(ThrowingSupplier.java:46)
	at org.springframework.boot.SpringApplication.withHook(SpringApplication.java:1461)
	at org.springframework.boot.test.context.SpringBootContextLoader$ContextLoaderHook.run(SpringBootContextLoader.java:563)
	at org.springframework.boot.test.context.SpringBootContextLoader.loadContext(SpringBootContextLoader.java:144)
	at org.springframework.boot.test.context.SpringBootContextLoader.loadContext(SpringBootContextLoader.java:110)
	at org.springframework.test.context.cache.DefaultCacheAwareContextLoaderDelegate.loadContextInternal(DefaultCacheAwareContextLoaderDelegate.java:225)
	at org.springframework.test.context.cache.DefaultCacheAwareContextLoaderDelegate.loadContext(DefaultCacheAwareContextLoaderDelegate.java:152)
	at org.springframework.test.context.support.DefaultTestContext.getApplicationContext(DefaultTestContext.java:130)
	at org.springframework.boot.test.mock.mockito.MockitoTestExecutionListener.postProcessFields(MockitoTestExecutionListener.java:128)
	at org.springframework.boot.test.mock.mockito.MockitoTestExecutionListener.injectFields(MockitoTestExecutionListener.java:112)
	at org.springframework.boot.test.mock.mockito.MockitoTestExecutionListener.prepareTestInstance(MockitoTestExecutionListener.java:69)
	at org.springframework.test.context.TestContextManager.prepareTestInstance(TestContextManager.java:260)
	at org.springframework.test.context.junit.jupiter.SpringExtension.postProcessTestInstance(SpringExtension.java:159)
	at org.junit.jupiter.engine.descriptor.ClassBasedTestDescriptor.lambda$invokeTestInstancePostProcessors$10(ClassBasedTestDescriptor.java:383)
	at org.junit.jupiter.engine.descriptor.ClassBasedTestDescriptor.executeAndMaskThrowable(ClassBasedTestDescriptor.java:388)
	at org.junit.jupiter.engine.descriptor.ClassBasedTestDescriptor.lambda$invokeTestInstancePostProcessors$11(ClassBasedTestDescriptor.java:382)
	at java.base/java.util.stream.ForEachOps$ForEachOp$OfRef.accept(ForEachOps.java:184)
	at java.base/java.util.stream.ReferencePipeline$3$1.accept(ReferencePipeline.java:197)
	at java.base/java.util.stream.ReferencePipeline$2$1.accept(ReferencePipeline.java:179)
	at java.base/java.util.stream.ReferencePipeline$3$1.accept(ReferencePipeline.java:197)
	at java.base/java.util.ArrayList$ArrayListSpliterator.forEachRemaining(ArrayList.java:1708)
	at java.base/java.util.stream.AbstractPipeline.copyInto(AbstractPipeline.java:509)
	at java.base/java.util.stream.AbstractPipeline.wrapAndCopyInto(AbstractPipeline.java:499)
	at java.base/java.util.stream.ForEachOps$ForEachOp.evaluateSequential(ForEachOps.java:151)
	at java.base/java.util.stream.ForEachOps$ForEachOp$OfRef.evaluateSequential(ForEachOps.java:174)
	at java.base/java.util.stream.AbstractPipeline.evaluate(AbstractPipeline.java:234)
	at java.base/java.util.stream.ReferencePipeline.forEach(ReferencePipeline.java:596)
	at org.junit.jupiter.engine.descriptor.ClassBasedTestDescriptor.invokeTestInstancePostProcessors(ClassBasedTestDescriptor.java:382)
	at org.junit.jupiter.engine.descriptor.ClassBasedTestDescriptor.lambda$instantiateAndPostProcessTestInstance$6(ClassBasedTestDescriptor.java:293)
	at org.junit.platform.engine.support.hierarchical.ThrowableCollector.execute(ThrowableCollector.java:73)
	at org.junit.jupiter.engine.descriptor.ClassBasedTestDescriptor.instantiateAndPostProcessTestInstance(ClassBasedTestDescriptor.java:292)
	at org.junit.jupiter.engine.descriptor.ClassBasedTestDescriptor.lambda$testInstancesProvider$4(ClassBasedTestDescriptor.java:281)
	at java.base/java.util.Optional.orElseGet(Optional.java:364)
	at org.junit.jupiter.engine.descriptor.ClassBasedTestDescriptor.lambda$testInstancesProvider$5(ClassBasedTestDescriptor.java:280)
	at org.junit.jupiter.engine.execution.TestInstancesProvider.getTestInstances(TestInstancesProvider.java:27)
	at org.junit.jupiter.engine.descriptor.TestMethodTestDescriptor.lambda$prepare$0(TestMethodTestDescriptor.java:112)
	at org.junit.platform.engine.support.hierarchical.ThrowableCollector.execute(ThrowableCollector.java:73)
	at org.junit.jupiter.engine.descriptor.TestMethodTestDescriptor.prepare(TestMethodTestDescriptor.java:111)
	at org.junit.jupiter.engine.descriptor.TestMethodTestDescriptor.prepare(TestMethodTestDescriptor.java:69)
	at org.junit.platform.engine.support.hierarchical.NodeTestTask.lambda$prepare$2(NodeTestTask.java:128)
	at org.junit.platform.engine.support.hierarchical.ThrowableCollector.execute(ThrowableCollector.java:73)
	at org.junit.platform.engine.support.hierarchical.NodeTestTask.prepare(NodeTestTask.java:128)
	at org.junit.platform.engine.support.hierarchical.NodeTestTask.execute(NodeTestTask.java:95)
	at java.base/java.util.ArrayList.forEach(ArrayList.java:1596)
	at org.junit.platform.engine.support.hierarchical.SameThreadHierarchicalTestExecutorService.invokeAll(SameThreadHierarchicalTestExecutorService.java:41)
	at org.junit.platform.engine.support.hierarchical.NodeTestTask.lambda$executeRecursively$6(NodeTestTask.java:160)
	at org.junit.platform.engine.support.hierarchical.ThrowableCollector.execute(ThrowableCollector.java:73)
	at org.junit.platform.engine.support.hierarchical.NodeTestTask.lambda$executeRecursively$8(NodeTestTask.java:146)
	at org.junit.platform.engine.support.hierarchical.Node.around(Node.java:137)
	at org.junit.platform.engine.support.hierarchical.NodeTestTask.lambda$executeRecursively$9(NodeTestTask.java:144)
	at org.junit.platform.engine.support.hierarchical.ThrowableCollector.execute(ThrowableCollector.java:73)
	at org.junit.platform.engine.support.hierarchical.NodeTestTask.executeRecursively(NodeTestTask.java:143)
	at org.junit.platform.engine.support.hierarchical.NodeTestTask.execute(NodeTestTask.java:100)
	at java.base/java.util.ArrayList.forEach(ArrayList.java:1596)
	at org.junit.platform.engine.support.hierarchical.SameThreadHierarchicalTestExecutorService.invokeAll(SameThreadHierarchicalTestExecutorService.java:41)
	at org.junit.platform.engine.support.hierarchical.NodeTestTask.lambda$executeRecursively$6(NodeTestTask.java:160)
	at org.junit.platform.engine.support.hierarchical.ThrowableCollector.execute(ThrowableCollector.java:73)
	at org.junit.platform.engine.support.hierarchical.NodeTestTask.lambda$executeRecursively$8(NodeTestTask.java:146)
	at org.junit.platform.engine.support.hierarchical.Node.around(Node.java:137)
	at org.junit.platform.engine.support.hierarchical.NodeTestTask.lambda$executeRecursively$9(NodeTestTask.java:144)
	at org.junit.platform.engine.support.hierarchical.ThrowableCollector.execute(ThrowableCollector.java:73)
	at org.junit.platform.engine.support.hierarchical.NodeTestTask.executeRecursively(NodeTestTask.java:143)
	at org.junit.platform.engine.support.hierarchical.NodeTestTask.execute(NodeTestTask.java:100)
	at org.junit.platform.engine.support.hierarchical.SameThreadHierarchicalTestExecutorService.submit(SameThreadHierarchicalTestExecutorService.java:35)
	at org.junit.platform.engine.support.hierarchical.HierarchicalTestExecutor.execute(HierarchicalTestExecutor.java:57)
	at org.junit.platform.engine.support.hierarchical.HierarchicalTestEngine.execute(HierarchicalTestEngine.java:54)
	at org.junit.platform.launcher.core.EngineExecutionOrchestrator.execute(EngineExecutionOrchestrator.java:201)
	at org.junit.platform.launcher.core.EngineExecutionOrchestrator.execute(EngineExecutionOrchestrator.java:170)
	at org.junit.platform.launcher.core.EngineExecutionOrchestrator.execute(EngineExecutionOrchestrator.java:94)
	at org.junit.platform.launcher.core.EngineExecutionOrchestrator.lambda$execute$0(EngineExecutionOrchestrator.java:59)
	at org.junit.platform.launcher.core.EngineExecutionOrchestrator.withInterceptedStreams(EngineExecutionOrchestrator.java:142)
	at org.junit.platform.launcher.core.EngineExecutionOrchestrator.execute(EngineExecutionOrchestrator.java:58)
	at org.junit.platform.launcher.core.DefaultLauncher.execute(DefaultLauncher.java:103)
	at org.junit.platform.launcher.core.DefaultLauncher.execute(DefaultLauncher.java:85)
	at org.junit.platform.launcher.core.DelegatingLauncher.execute(DelegatingLauncher.java:47)
	at org.junit.platform.launcher.core.InterceptingLauncher.lambda$execute$1(InterceptingLauncher.java:39)
	at org.junit.platform.launcher.core.ClasspathAlignmentCheckingLauncherInterceptor.intercept(ClasspathAlignmentCheckingLauncherInterceptor.java:25)
	at org.junit.platform.launcher.core.InterceptingLauncher.execute(InterceptingLauncher.java:38)
	at org.junit.platform.launcher.core.DelegatingLauncher.execute(DelegatingLauncher.java:47)
	at org.apache.maven.surefire.junitplatform.LazyLauncher.execute(LazyLauncher.java:56)
	at org.apache.maven.surefire.junitplatform.JUnitPlatformProvider.execute(JUnitPlatformProvider.java:194)
	at org.apache.maven.surefire.junitplatform.JUnitPlatformProvider.invokeAllTests(JUnitPlatformProvider.java:150)
	at org.apache.maven.surefire.junitplatform.JUnitPlatformProvider.invoke(JUnitPlatformProvider.java:124)
	at org.apache.maven.surefire.booter.ForkedBooter.runSuitesInProcess(ForkedBooter.java:385)
	at org.apache.maven.surefire.booter.ForkedBooter.execute(ForkedBooter.java:162)
	at org.apache.maven.surefire.booter.ForkedBooter.run(ForkedBooter.java:507)
	at org.apache.maven.surefire.booter.ForkedBooter.main(ForkedBooter.java:495)
Caused by: org.springframework.web.client.ResourceAccessException: I/O error on GET request for "http://localhost:8080/config-service/vks-service/default": Connection refused
	at org.springframework.web.client.RestTemplate.createResourceAccessException(RestTemplate.java:926)
	at org.springframework.web.client.RestTemplate.doExecute(RestTemplate.java:906)
	at org.springframework.web.client.RestTemplate.execute(RestTemplate.java:801)
	at org.springframework.web.client.RestTemplate.exchange(RestTemplate.java:683)
	at org.springframework.cloud.config.client.ConfigServerConfigDataLoader.getRemoteEnvironment(ConfigServerConfigDataLoader.java:349)
	at org.springframework.cloud.config.client.ConfigServerConfigDataLoader.doLoad(ConfigServerConfigDataLoader.java:130)
	... 115 common frames omitted
Caused by: java.net.ConnectException: Connection refused
	at java.base/sun.nio.ch.Net.pollConnect(Native Method)
	at java.base/sun.nio.ch.Net.pollConnectNow(Net.java:694)
	at java.base/sun.nio.ch.NioSocketImpl.timedFinishConnect(NioSocketImpl.java:549)
	at java.base/sun.nio.ch.NioSocketImpl.connect(NioSocketImpl.java:592)
	at java.base/java.net.Socket.connect(Socket.java:751)
	at java.base/sun.net.NetworkClient.doConnect(NetworkClient.java:178)
	at java.base/sun.net.www.http.HttpClient.openServer(HttpClient.java:531)
	at java.base/sun.net.www.http.HttpClient.openServer(HttpClient.java:636)
	at java.base/sun.net.www.http.HttpClient.<init>(HttpClient.java:282)
	at java.base/sun.net.www.http.HttpClient.New(HttpClient.java:386)
	at java.base/sun.net.www.http.HttpClient.New(HttpClient.java:408)
	at java.base/sun.net.www.protocol.http.HttpURLConnection.getNewHttpClient(HttpURLConnection.java:1324)
	at java.base/sun.net.www.protocol.http.HttpURLConnection.plainConnect0(HttpURLConnection.java:1257)
	at java.base/sun.net.www.protocol.http.HttpURLConnection.plainConnect(HttpURLConnection.java:1143)
	at java.base/sun.net.www.protocol.http.HttpURLConnection.connect(HttpURLConnection.java:1072)
	at org.springframework.http.client.SimpleClientHttpRequest.executeInternal(SimpleClientHttpRequest.java:79)
	at org.springframework.http.client.AbstractStreamingClientHttpRequest.executeInternal(AbstractStreamingClientHttpRequest.java:71)
	at org.springframework.http.client.AbstractClientHttpRequest.execute(AbstractClientHttpRequest.java:81)
	at org.springframework.web.client.RestTemplate.doExecute(RestTemplate.java:900)
	... 119 common frames omitted
[Service: vks-service TraceId:  SpanId: ] 2026-08-07 22:59:29.614 [main] WARN  o.s.test.context.TestContextManager Caught exception while allowing TestExecutionListener [org.springframework.boot.test.mock.mockito.MockitoTestExecutionListener] to prepare test instance [com.vks.interfaces.api.ProtectedApiControllerTest@282506e1]
java.lang.IllegalStateException: Failed to load ApplicationContext for [WebMergedContextConfiguration@274ac029 testClass = com.vks.interfaces.api.ProtectedApiControllerTest, locations = [], classes = [com.vks.VksServiceMainApplication], contextInitializerClasses = [], activeProfiles = [], propertySourceDescriptors = [], propertySourceProperties = ["org.springframework.boot.test.autoconfigure.web.servlet.WebMvcTestContextBootstrapper=true"], contextCustomizers = [[ImportsContextCustomizer@42c5d861 key = [org.springframework.boot.autoconfigure.security.oauth2.client.servlet.OAuth2ClientWebSecurityAutoConfiguration, com.vks.security.SecurityConfig, org.springframework.boot.autoconfigure.task.TaskExecutionAutoConfiguration, org.springframework.boot.autoconfigure.cache.CacheAutoConfiguration, org.springframework.boot.autoconfigure.web.servlet.HttpEncodingAutoConfiguration, org.springframework.boot.autoconfigure.validation.ValidationAutoConfiguration, org.springframework.boot.autoconfigure.security.saml2.Saml2RelyingPartyAutoConfiguration, org.springframework.boot.autoconfigure.context.MessageSourceAutoConfiguration, org.springframework.boot.autoconfigure.hateoas.HypermediaAutoConfiguration, org.springframework.boot.autoconfigure.jackson.JacksonAutoConfiguration, org.springframework.boot.autoconfigure.data.web.SpringDataWebAutoConfiguration, org.springframework.boot.test.autoconfigure.web.reactive.WebTestClientAutoConfiguration, org.springframework.boot.autoconfigure.web.servlet.error.ErrorMvcAutoConfiguration, org.springframework.boot.test.autoconfigure.web.servlet.MockMvcAutoConfiguration, org.springframework.boot.autoconfigure.security.servlet.SecurityAutoConfiguration, org.springframework.boot.autoconfigure.security.servlet.SecurityFilterAutoConfiguration, org.springframework.boot.autoconfigure.http.HttpMessageConvertersAutoConfiguration, org.springframework.boot.autoconfigure.security.oauth2.client.OAuth2ClientAutoConfiguration, org.springframework.boot.test.autoconfigure.web.servlet.MockMvcSecurityConfiguration, org.springframework.boot.test.autoconfigure.web.servlet.MockMvcWebClientAutoConfiguration, org.springframework.boot.test.autoconfigure.web.servlet.MockMvcWebDriverAutoConfiguration, org.springframework.boot.autoconfigure.thymeleaf.ThymeleafAutoConfiguration, org.springframework.boot.autoconfigure.gson.GsonAutoConfiguration, org.springframework.boot.autoconfigure.jsonb.JsonbAutoConfiguration, org.springframework.boot.autoconfigure.freemarker.FreeMarkerAutoConfiguration, org.springframework.boot.autoconfigure.web.servlet.WebMvcAutoConfiguration, org.springframework.boot.autoconfigure.security.servlet.UserDetailsServiceAutoConfiguration, org.springframework.boot.autoconfigure.security.oauth2.resource.servlet.OAuth2ResourceServerAutoConfiguration, org.springframework.boot.autoconfigure.groovy.template.GroovyTemplateAutoConfiguration, org.springframework.boot.autoconfigure.mustache.MustacheAutoConfiguration]], org.springframework.boot.test.context.filter.ExcludeFilterContextCustomizer@1f7b8d59, org.springframework.boot.test.json.DuplicateJsonObjectContextCustomizerFactory$DuplicateJsonObjectContextCustomizer@6158113e, org.springframework.boot.test.mock.mockito.MockitoContextCustomizer@fd11cea0, org.springframework.boot.test.web.reactor.netty.DisableReactorResourceFactoryGlobalResourcesContextCustomizerFactory$DisableReactorResourceFactoryGlobalResourcesContextCustomizerCustomizer@2f98fe6f, org.springframework.boot.test.autoconfigure.OnFailureConditionReportContextCustomizerFactory$OnFailureConditionReportContextCustomizer@7833407, org.springframework.boot.test.autoconfigure.OverrideAutoConfigurationContextCustomizerFactory$DisableAutoConfigurationContextCustomizer@9ba167e, org.springframework.boot.test.autoconfigure.actuate.observability.ObservabilityContextCustomizerFactory$DisableObservabilityContextCustomizer@1f, org.springframework.boot.test.autoconfigure.filter.TypeExcludeFiltersContextCustomizer@d0d5ef47, org.springframework.boot.test.autoconfigure.properties.PropertyMappingContextCustomizer@df565e59, org.springframework.boot.test.autoconfigure.web.servlet.WebDriverContextCustomizer@5ca006ac, org.springframework.test.context.support.DynamicPropertiesContextCustomizer@0, org.springframework.boot.test.context.SpringBootTestAnnotation@ef1e9fee], resourceBasePath = "src/main/webapp", contextLoader = org.springframework.boot.test.context.SpringBootContextLoader, parent = null]
	at org.springframework.test.context.cache.DefaultCacheAwareContextLoaderDelegate.loadContext(DefaultCacheAwareContextLoaderDelegate.java:180)
	at org.springframework.test.context.support.DefaultTestContext.getApplicationContext(DefaultTestContext.java:130)
	at org.springframework.boot.test.mock.mockito.MockitoTestExecutionListener.postProcessFields(MockitoTestExecutionListener.java:128)
	at org.springframework.boot.test.mock.mockito.MockitoTestExecutionListener.injectFields(MockitoTestExecutionListener.java:112)
	at org.springframework.boot.test.mock.mockito.MockitoTestExecutionListener.prepareTestInstance(MockitoTestExecutionListener.java:69)
	at org.springframework.test.context.TestContextManager.prepareTestInstance(TestContextManager.java:260)
	at org.springframework.test.context.junit.jupiter.SpringExtension.postProcessTestInstance(SpringExtension.java:159)
	at org.junit.jupiter.engine.descriptor.ClassBasedTestDescriptor.lambda$invokeTestInstancePostProcessors$10(ClassBasedTestDescriptor.java:383)
	at org.junit.jupiter.engine.descriptor.ClassBasedTestDescriptor.executeAndMaskThrowable(ClassBasedTestDescriptor.java:388)
	at org.junit.jupiter.engine.descriptor.ClassBasedTestDescriptor.lambda$invokeTestInstancePostProcessors$11(ClassBasedTestDescriptor.java:382)
	at java.base/java.util.stream.ForEachOps$ForEachOp$OfRef.accept(ForEachOps.java:184)
	at java.base/java.util.stream.ReferencePipeline$3$1.accept(ReferencePipeline.java:197)
	at java.base/java.util.stream.ReferencePipeline$2$1.accept(ReferencePipeline.java:179)
	at java.base/java.util.stream.ReferencePipeline$3$1.accept(ReferencePipeline.java:197)
	at java.base/java.util.ArrayList$ArrayListSpliterator.forEachRemaining(ArrayList.java:1708)
	at java.base/java.util.stream.AbstractPipeline.copyInto(AbstractPipeline.java:509)
	at java.base/java.util.stream.AbstractPipeline.wrapAndCopyInto(AbstractPipeline.java:499)
	at java.base/java.util.stream.ForEachOps$ForEachOp.evaluateSequential(ForEachOps.java:151)
	at java.base/java.util.stream.ForEachOps$ForEachOp$OfRef.evaluateSequential(ForEachOps.java:174)
	at java.base/java.util.stream.AbstractPipeline.evaluate(AbstractPipeline.java:234)
	at java.base/java.util.stream.ReferencePipeline.forEach(ReferencePipeline.java:596)
	at org.junit.jupiter.engine.descriptor.ClassBasedTestDescriptor.invokeTestInstancePostProcessors(ClassBasedTestDescriptor.java:382)
	at org.junit.jupiter.engine.descriptor.ClassBasedTestDescriptor.lambda$instantiateAndPostProcessTestInstance$6(ClassBasedTestDescriptor.java:293)
	at org.junit.platform.engine.support.hierarchical.ThrowableCollector.execute(ThrowableCollector.java:73)
	at org.junit.jupiter.engine.descriptor.ClassBasedTestDescriptor.instantiateAndPostProcessTestInstance(ClassBasedTestDescriptor.java:292)
	at org.junit.jupiter.engine.descriptor.ClassBasedTestDescriptor.lambda$testInstancesProvider$4(ClassBasedTestDescriptor.java:281)
	at java.base/java.util.Optional.orElseGet(Optional.java:364)
	at org.junit.jupiter.engine.descriptor.ClassBasedTestDescriptor.lambda$testInstancesProvider$5(ClassBasedTestDescriptor.java:280)
	at org.junit.jupiter.engine.execution.TestInstancesProvider.getTestInstances(TestInstancesProvider.java:27)
	at org.junit.jupiter.engine.descriptor.TestMethodTestDescriptor.lambda$prepare$0(TestMethodTestDescriptor.java:112)
	at org.junit.platform.engine.support.hierarchical.ThrowableCollector.execute(ThrowableCollector.java:73)
	at org.junit.jupiter.engine.descriptor.TestMethodTestDescriptor.prepare(TestMethodTestDescriptor.java:111)
	at org.junit.jupiter.engine.descriptor.TestMethodTestDescriptor.prepare(TestMethodTestDescriptor.java:69)
	at org.junit.platform.engine.support.hierarchical.NodeTestTask.lambda$prepare$2(NodeTestTask.java:128)
	at org.junit.platform.engine.support.hierarchical.ThrowableCollector.execute(ThrowableCollector.java:73)
	at org.junit.platform.engine.support.hierarchical.NodeTestTask.prepare(NodeTestTask.java:128)
	at org.junit.platform.engine.support.hierarchical.NodeTestTask.execute(NodeTestTask.java:95)
	at java.base/java.util.ArrayList.forEach(ArrayList.java:1596)
	at org.junit.platform.engine.support.hierarchical.SameThreadHierarchicalTestExecutorService.invokeAll(SameThreadHierarchicalTestExecutorService.java:41)
	at org.junit.platform.engine.support.hierarchical.NodeTestTask.lambda$executeRecursively$6(NodeTestTask.java:160)
	at org.junit.platform.engine.support.hierarchical.ThrowableCollector.execute(ThrowableCollector.java:73)
	at org.junit.platform.engine.support.hierarchical.NodeTestTask.lambda$executeRecursively$8(NodeTestTask.java:146)
	at org.junit.platform.engine.support.hierarchical.Node.around(Node.java:137)
	at org.junit.platform.engine.support.hierarchical.NodeTestTask.lambda$executeRecursively$9(NodeTestTask.java:144)
	at org.junit.platform.engine.support.hierarchical.ThrowableCollector.execute(ThrowableCollector.java:73)
	at org.junit.platform.engine.support.hierarchical.NodeTestTask.executeRecursively(NodeTestTask.java:143)
	at org.junit.platform.engine.support.hierarchical.NodeTestTask.execute(NodeTestTask.java:100)
	at java.base/java.util.ArrayList.forEach(ArrayList.java:1596)
	at org.junit.platform.engine.support.hierarchical.SameThreadHierarchicalTestExecutorService.invokeAll(SameThreadHierarchicalTestExecutorService.java:41)
	at org.junit.platform.engine.support.hierarchical.NodeTestTask.lambda$executeRecursively$6(NodeTestTask.java:160)
	at org.junit.platform.engine.support.hierarchical.ThrowableCollector.execute(ThrowableCollector.java:73)
	at org.junit.platform.engine.support.hierarchical.NodeTestTask.lambda$executeRecursively$8(NodeTestTask.java:146)
	at org.junit.platform.engine.support.hierarchical.Node.around(Node.java:137)
	at org.junit.platform.engine.support.hierarchical.NodeTestTask.lambda$executeRecursively$9(NodeTestTask.java:144)
	at org.junit.platform.engine.support.hierarchical.ThrowableCollector.execute(ThrowableCollector.java:73)
	at org.junit.platform.engine.support.hierarchical.NodeTestTask.executeRecursively(NodeTestTask.java:143)
	at org.junit.platform.engine.support.hierarchical.NodeTestTask.execute(NodeTestTask.java:100)
	at org.junit.platform.engine.support.hierarchical.SameThreadHierarchicalTestExecutorService.submit(SameThreadHierarchicalTestExecutorService.java:35)
	at org.junit.platform.engine.support.hierarchical.HierarchicalTestExecutor.execute(HierarchicalTestExecutor.java:57)
	at org.junit.platform.engine.support.hierarchical.HierarchicalTestEngine.execute(HierarchicalTestEngine.java:54)
	at org.junit.platform.launcher.core.EngineExecutionOrchestrator.execute(EngineExecutionOrchestrator.java:201)
	at org.junit.platform.launcher.core.EngineExecutionOrchestrator.execute(EngineExecutionOrchestrator.java:170)
	at org.junit.platform.launcher.core.EngineExecutionOrchestrator.execute(EngineExecutionOrchestrator.java:94)
	at org.junit.platform.launcher.core.EngineExecutionOrchestrator.lambda$execute$0(EngineExecutionOrchestrator.java:59)
	at org.junit.platform.launcher.core.EngineExecutionOrchestrator.withInterceptedStreams(EngineExecutionOrchestrator.java:142)
	at org.junit.platform.launcher.core.EngineExecutionOrchestrator.execute(EngineExecutionOrchestrator.java:58)
	at org.junit.platform.launcher.core.DefaultLauncher.execute(DefaultLauncher.java:103)
	at org.junit.platform.launcher.core.DefaultLauncher.execute(DefaultLauncher.java:85)
	at org.junit.platform.launcher.core.DelegatingLauncher.execute(DelegatingLauncher.java:47)
	at org.junit.platform.launcher.core.InterceptingLauncher.lambda$execute$1(InterceptingLauncher.java:39)
	at org.junit.platform.launcher.core.ClasspathAlignmentCheckingLauncherInterceptor.intercept(ClasspathAlignmentCheckingLauncherInterceptor.java:25)
	at org.junit.platform.launcher.core.InterceptingLauncher.execute(InterceptingLauncher.java:38)
	at org.junit.platform.launcher.core.DelegatingLauncher.execute(DelegatingLauncher.java:47)
	at org.apache.maven.surefire.junitplatform.LazyLauncher.execute(LazyLauncher.java:56)
	at org.apache.maven.surefire.junitplatform.JUnitPlatformProvider.execute(JUnitPlatformProvider.java:194)
	at org.apache.maven.surefire.junitplatform.JUnitPlatformProvider.invokeAllTests(JUnitPlatformProvider.java:150)
	at org.apache.maven.surefire.junitplatform.JUnitPlatformProvider.invoke(JUnitPlatformProvider.java:124)
	at org.apache.maven.surefire.booter.ForkedBooter.runSuitesInProcess(ForkedBooter.java:385)
	at org.apache.maven.surefire.booter.ForkedBooter.execute(ForkedBooter.java:162)
	at org.apache.maven.surefire.booter.ForkedBooter.run(ForkedBooter.java:507)
	at org.apache.maven.surefire.booter.ForkedBooter.main(ForkedBooter.java:495)
Caused by: org.springframework.cloud.config.client.ConfigClientFailFastException: Could not locate PropertySource and the resource is not optional, failing
	at org.springframework.cloud.config.client.ConfigServerConfigDataLoader.doLoad(ConfigServerConfigDataLoader.java:218)
	at org.springframework.cloud.config.client.ConfigClientRetryBootstrapper.lambda$initialize$1(ConfigClientRetryBootstrapper.java:54)
	at org.springframework.cloud.config.client.ConfigServerConfigDataLoader.load(ConfigServerConfigDataLoader.java:96)
	at org.springframework.cloud.config.client.ConfigServerConfigDataLoader.load(ConfigServerConfigDataLoader.java:63)
	at org.springframework.boot.context.config.ConfigDataLoaders.load(ConfigDataLoaders.java:96)
	at org.springframework.boot.context.config.ConfigDataImporter.load(ConfigDataImporter.java:132)
	at org.springframework.boot.context.config.ConfigDataImporter.resolveAndLoad(ConfigDataImporter.java:87)
	at org.springframework.boot.context.config.ConfigDataEnvironmentContributors.withProcessedImports(ConfigDataEnvironmentContributors.java:129)
	at org.springframework.boot.context.config.ConfigDataEnvironment.processInitial(ConfigDataEnvironment.java:245)
	at org.springframework.boot.context.config.ConfigDataEnvironment.processAndApply(ConfigDataEnvironment.java:232)
	at org.springframework.boot.context.config.ConfigDataEnvironmentPostProcessor.postProcessEnvironment(ConfigDataEnvironmentPostProcessor.java:96)
	at org.springframework.boot.context.config.ConfigDataEnvironmentPostProcessor.postProcessEnvironment(ConfigDataEnvironmentPostProcessor.java:89)
	at org.springframework.boot.env.EnvironmentPostProcessorApplicationListener.onApplicationEnvironmentPreparedEvent(EnvironmentPostProcessorApplicationListener.java:132)
	at org.springframework.boot.env.EnvironmentPostProcessorApplicationListener.onApplicationEvent(EnvironmentPostProcessorApplicationListener.java:115)
	at org.springframework.context.event.SimpleApplicationEventMulticaster.doInvokeListener(SimpleApplicationEventMulticaster.java:185)
	at org.springframework.context.event.SimpleApplicationEventMulticaster.invokeListener(SimpleApplicationEventMulticaster.java:178)
	at org.springframework.context.event.SimpleApplicationEventMulticaster.multicastEvent(SimpleApplicationEventMulticaster.java:156)
	at org.springframework.context.event.SimpleApplicationEventMulticaster.multicastEvent(SimpleApplicationEventMulticaster.java:138)
	at org.springframework.boot.context.event.EventPublishingRunListener.multicastInitialEvent(EventPublishingRunListener.java:136)
	at org.springframework.boot.context.event.EventPublishingRunListener.environmentPrepared(EventPublishingRunListener.java:81)
	at org.springframework.boot.SpringApplicationRunListeners.lambda$environmentPrepared$2(SpringApplicationRunListeners.java:64)
	at java.base/java.lang.Iterable.forEach(Iterable.java:75)
	at org.springframework.boot.SpringApplicationRunListeners.doWithListeners(SpringApplicationRunListeners.java:118)
	at org.springframework.boot.SpringApplicationRunListeners.doWithListeners(SpringApplicationRunListeners.java:112)
	at org.springframework.boot.SpringApplicationRunListeners.environmentPrepared(SpringApplicationRunListeners.java:63)
	at org.springframework.boot.SpringApplication.prepareEnvironment(SpringApplication.java:353)
	at org.springframework.boot.SpringApplication.run(SpringApplication.java:313)
	at org.springframework.boot.test.context.SpringBootContextLoader.lambda$loadContext$3(SpringBootContextLoader.java:144)
	at org.springframework.util.function.ThrowingSupplier.get(ThrowingSupplier.java:58)
	at org.springframework.util.function.ThrowingSupplier.get(ThrowingSupplier.java:46)
	at org.springframework.boot.SpringApplication.withHook(SpringApplication.java:1461)
	at org.springframework.boot.test.context.SpringBootContextLoader$ContextLoaderHook.run(SpringBootContextLoader.java:563)
	at org.springframework.boot.test.context.SpringBootContextLoader.loadContext(SpringBootContextLoader.java:144)
	at org.springframework.boot.test.context.SpringBootContextLoader.loadContext(SpringBootContextLoader.java:110)
	at org.springframework.test.context.cache.DefaultCacheAwareContextLoaderDelegate.loadContextInternal(DefaultCacheAwareContextLoaderDelegate.java:225)
	at org.springframework.test.context.cache.DefaultCacheAwareContextLoaderDelegate.loadContext(DefaultCacheAwareContextLoaderDelegate.java:152)
	... 80 common frames omitted
Caused by: org.springframework.web.client.ResourceAccessException: I/O error on GET request for "http://localhost:8080/config-service/vks-service/default": Connection refused
	at org.springframework.web.client.RestTemplate.createResourceAccessException(RestTemplate.java:926)
	at org.springframework.web.client.RestTemplate.doExecute(RestTemplate.java:906)
	at org.springframework.web.client.RestTemplate.execute(RestTemplate.java:801)
	at org.springframework.web.client.RestTemplate.exchange(RestTemplate.java:683)
	at org.springframework.cloud.config.client.ConfigServerConfigDataLoader.getRemoteEnvironment(ConfigServerConfigDataLoader.java:349)
	at org.springframework.cloud.config.client.ConfigServerConfigDataLoader.doLoad(ConfigServerConfigDataLoader.java:130)
	... 115 common frames omitted
Caused by: java.net.ConnectException: Connection refused
	at java.base/sun.nio.ch.Net.pollConnect(Native Method)
	at java.base/sun.nio.ch.Net.pollConnectNow(Net.java:694)
	at java.base/sun.nio.ch.NioSocketImpl.timedFinishConnect(NioSocketImpl.java:549)
	at java.base/sun.nio.ch.NioSocketImpl.connect(NioSocketImpl.java:592)
	at java.base/java.net.Socket.connect(Socket.java:751)
	at java.base/sun.net.NetworkClient.doConnect(NetworkClient.java:178)
	at java.base/sun.net.www.http.HttpClient.openServer(HttpClient.java:531)
	at java.base/sun.net.www.http.HttpClient.openServer(HttpClient.java:636)
	at java.base/sun.net.www.http.HttpClient.<init>(HttpClient.java:282)
	at java.base/sun.net.www.http.HttpClient.New(HttpClient.java:386)
	at java.base/sun.net.www.http.HttpClient.New(HttpClient.java:408)
	at java.base/sun.net.www.protocol.http.HttpURLConnection.getNewHttpClient(HttpURLConnection.java:1324)
	at java.base/sun.net.www.protocol.http.HttpURLConnection.plainConnect0(HttpURLConnection.java:1257)
	at java.base/sun.net.www.protocol.http.HttpURLConnection.plainConnect(HttpURLConnection.java:1143)
	at java.base/sun.net.www.protocol.http.HttpURLConnection.connect(HttpURLConnection.java:1072)
	at org.springframework.http.client.SimpleClientHttpRequest.executeInternal(SimpleClientHttpRequest.java:79)
	at org.springframework.http.client.AbstractStreamingClientHttpRequest.executeInternal(AbstractStreamingClientHttpRequest.java:71)
	at org.springframework.http.client.AbstractClientHttpRequest.execute(AbstractClientHttpRequest.java:81)
	at org.springframework.web.client.RestTemplate.doExecute(RestTemplate.java:900)
	... 119 common frames omitted
[Service: vks-service TraceId:  SpanId: ] 2026-08-07 22:59:29.618 [main] WARN  o.s.test.context.TestContextManager Caught exception while allowing TestExecutionListener [org.springframework.boot.test.mock.mockito.MockitoTestExecutionListener] to prepare test instance [com.vks.interfaces.api.ProtectedApiControllerTest@35e6861]
java.lang.IllegalStateException: ApplicationContext failure threshold (1) exceeded: skipping repeated attempt to load context for [WebMergedContextConfiguration@274ac029 testClass = com.vks.interfaces.api.ProtectedApiControllerTest, locations = [], classes = [com.vks.VksServiceMainApplication], contextInitializerClasses = [], activeProfiles = [], propertySourceDescriptors = [], propertySourceProperties = ["org.springframework.boot.test.autoconfigure.web.servlet.WebMvcTestContextBootstrapper=true"], contextCustomizers = [[ImportsContextCustomizer@42c5d861 key = [org.springframework.boot.autoconfigure.security.oauth2.client.servlet.OAuth2ClientWebSecurityAutoConfiguration, com.vks.security.SecurityConfig, org.springframework.boot.autoconfigure.task.TaskExecutionAutoConfiguration, org.springframework.boot.autoconfigure.cache.CacheAutoConfiguration, org.springframework.boot.autoconfigure.web.servlet.HttpEncodingAutoConfiguration, org.springframework.boot.autoconfigure.validation.ValidationAutoConfiguration, org.springframework.boot.autoconfigure.security.saml2.Saml2RelyingPartyAutoConfiguration, org.springframework.boot.autoconfigure.context.MessageSourceAutoConfiguration, org.springframework.boot.autoconfigure.hateoas.HypermediaAutoConfiguration, org.springframework.boot.autoconfigure.jackson.JacksonAutoConfiguration, org.springframework.boot.autoconfigure.data.web.SpringDataWebAutoConfiguration, org.springframework.boot.test.autoconfigure.web.reactive.WebTestClientAutoConfiguration, org.springframework.boot.autoconfigure.web.servlet.error.ErrorMvcAutoConfiguration, org.springframework.boot.test.autoconfigure.web.servlet.MockMvcAutoConfiguration, org.springframework.boot.autoconfigure.security.servlet.SecurityAutoConfiguration, org.springframework.boot.autoconfigure.security.servlet.SecurityFilterAutoConfiguration, org.springframework.boot.autoconfigure.http.HttpMessageConvertersAutoConfiguration, org.springframework.boot.autoconfigure.security.oauth2.client.OAuth2ClientAutoConfiguration, org.springframework.boot.test.autoconfigure.web.servlet.MockMvcSecurityConfiguration, org.springframework.boot.test.autoconfigure.web.servlet.MockMvcWebClientAutoConfiguration, org.springframework.boot.test.autoconfigure.web.servlet.MockMvcWebDriverAutoConfiguration, org.springframework.boot.autoconfigure.thymeleaf.ThymeleafAutoConfiguration, org.springframework.boot.autoconfigure.gson.GsonAutoConfiguration, org.springframework.boot.autoconfigure.jsonb.JsonbAutoConfiguration, org.springframework.boot.autoconfigure.freemarker.FreeMarkerAutoConfiguration, org.springframework.boot.autoconfigure.web.servlet.WebMvcAutoConfiguration, org.springframework.boot.autoconfigure.security.servlet.UserDetailsServiceAutoConfiguration, org.springframework.boot.autoconfigure.security.oauth2.resource.servlet.OAuth2ResourceServerAutoConfiguration, org.springframework.boot.autoconfigure.groovy.template.GroovyTemplateAutoConfiguration, org.springframework.boot.autoconfigure.mustache.MustacheAutoConfiguration]], org.springframework.boot.test.context.filter.ExcludeFilterContextCustomizer@1f7b8d59, org.springframework.boot.test.json.DuplicateJsonObjectContextCustomizerFactory$DuplicateJsonObjectContextCustomizer@6158113e, org.springframework.boot.test.mock.mockito.MockitoContextCustomizer@fd11cea0, org.springframework.boot.test.web.reactor.netty.DisableReactorResourceFactoryGlobalResourcesContextCustomizerFactory$DisableReactorResourceFactoryGlobalResourcesContextCustomizerCustomizer@2f98fe6f, org.springframework.boot.test.autoconfigure.OnFailureConditionReportContextCustomizerFactory$OnFailureConditionReportContextCustomizer@7833407, org.springframework.boot.test.autoconfigure.OverrideAutoConfigurationContextCustomizerFactory$DisableAutoConfigurationContextCustomizer@9ba167e, org.springframework.boot.test.autoconfigure.actuate.observability.ObservabilityContextCustomizerFactory$DisableObservabilityContextCustomizer@1f, org.springframework.boot.test.autoconfigure.filter.TypeExcludeFiltersContextCustomizer@d0d5ef47, org.springframework.boot.test.autoconfigure.properties.PropertyMappingContextCustomizer@df565e59, org.springframework.boot.test.autoconfigure.web.servlet.WebDriverContextCustomizer@5ca006ac, org.springframework.test.context.support.DynamicPropertiesContextCustomizer@0, org.springframework.boot.test.context.SpringBootTestAnnotation@ef1e9fee], resourceBasePath = "src/main/webapp", contextLoader = org.springframework.boot.test.context.SpringBootContextLoader, parent = null]
	at org.springframework.test.context.cache.DefaultCacheAwareContextLoaderDelegate.loadContext(DefaultCacheAwareContextLoaderDelegate.java:145)
	at org.springframework.test.context.support.DefaultTestContext.getApplicationContext(DefaultTestContext.java:130)
	at org.springframework.boot.test.mock.mockito.MockitoTestExecutionListener.postProcessFields(MockitoTestExecutionListener.java:128)
	at org.springframework.boot.test.mock.mockito.MockitoTestExecutionListener.injectFields(MockitoTestExecutionListener.java:112)
	at org.springframework.boot.test.mock.mockito.MockitoTestExecutionListener.prepareTestInstance(MockitoTestExecutionListener.java:69)
	at org.springframework.test.context.TestContextManager.prepareTestInstance(TestContextManager.java:260)
	at org.springframework.test.context.junit.jupiter.SpringExtension.postProcessTestInstance(SpringExtension.java:159)
	at org.junit.jupiter.engine.descriptor.ClassBasedTestDescriptor.lambda$invokeTestInstancePostProcessors$10(ClassBasedTestDescriptor.java:383)
	at org.junit.jupiter.engine.descriptor.ClassBasedTestDescriptor.executeAndMaskThrowable(ClassBasedTestDescriptor.java:388)
	at org.junit.jupiter.engine.descriptor.ClassBasedTestDescriptor.lambda$invokeTestInstancePostProcessors$11(ClassBasedTestDescriptor.java:382)
	at java.base/java.util.stream.ForEachOps$ForEachOp$OfRef.accept(ForEachOps.java:184)
	at java.base/java.util.stream.ReferencePipeline$3$1.accept(ReferencePipeline.java:197)
	at java.base/java.util.stream.ReferencePipeline$2$1.accept(ReferencePipeline.java:179)
	at java.base/java.util.stream.ReferencePipeline$3$1.accept(ReferencePipeline.java:197)
	at java.base/java.util.ArrayList$ArrayListSpliterator.forEachRemaining(ArrayList.java:1708)
	at java.base/java.util.stream.AbstractPipeline.copyInto(AbstractPipeline.java:509)
	at java.base/java.util.stream.AbstractPipeline.wrapAndCopyInto(AbstractPipeline.java:499)
	at java.base/java.util.stream.ForEachOps$ForEachOp.evaluateSequential(ForEachOps.java:151)
	at java.base/java.util.stream.ForEachOps$ForEachOp$OfRef.evaluateSequential(ForEachOps.java:174)
	at java.base/java.util.stream.AbstractPipeline.evaluate(AbstractPipeline.java:234)
	at java.base/java.util.stream.ReferencePipeline.forEach(ReferencePipeline.java:596)
	at org.junit.jupiter.engine.descriptor.ClassBasedTestDescriptor.invokeTestInstancePostProcessors(ClassBasedTestDescriptor.java:382)
	at org.junit.jupiter.engine.descriptor.ClassBasedTestDescriptor.lambda$instantiateAndPostProcessTestInstance$6(ClassBasedTestDescriptor.java:293)
	at org.junit.platform.engine.support.hierarchical.ThrowableCollector.execute(ThrowableCollector.java:73)
	at org.junit.jupiter.engine.descriptor.ClassBasedTestDescriptor.instantiateAndPostProcessTestInstance(ClassBasedTestDescriptor.java:292)
	at org.junit.jupiter.engine.descriptor.ClassBasedTestDescriptor.lambda$testInstancesProvider$4(ClassBasedTestDescriptor.java:281)
	at java.base/java.util.Optional.orElseGet(Optional.java:364)
	at org.junit.jupiter.engine.descriptor.ClassBasedTestDescriptor.lambda$testInstancesProvider$5(ClassBasedTestDescriptor.java:280)
	at org.junit.jupiter.engine.execution.TestInstancesProvider.getTestInstances(TestInstancesProvider.java:27)
	at org.junit.jupiter.engine.descriptor.TestMethodTestDescriptor.lambda$prepare$0(TestMethodTestDescriptor.java:112)
	at org.junit.platform.engine.support.hierarchical.ThrowableCollector.execute(ThrowableCollector.java:73)
	at org.junit.jupiter.engine.descriptor.TestMethodTestDescriptor.prepare(TestMethodTestDescriptor.java:111)
	at org.junit.jupiter.engine.descriptor.TestMethodTestDescriptor.prepare(TestMethodTestDescriptor.java:69)
	at org.junit.platform.engine.support.hierarchical.NodeTestTask.lambda$prepare$2(NodeTestTask.java:128)
	at org.junit.platform.engine.support.hierarchical.ThrowableCollector.execute(ThrowableCollector.java:73)
	at org.junit.platform.engine.support.hierarchical.NodeTestTask.prepare(NodeTestTask.java:128)
	at org.junit.platform.engine.support.hierarchical.NodeTestTask.execute(NodeTestTask.java:95)
	at java.base/java.util.ArrayList.forEach(ArrayList.java:1596)
	at org.junit.platform.engine.support.hierarchical.SameThreadHierarchicalTestExecutorService.invokeAll(SameThreadHierarchicalTestExecutorService.java:41)
	at org.junit.platform.engine.support.hierarchical.NodeTestTask.lambda$executeRecursively$6(NodeTestTask.java:160)
	at org.junit.platform.engine.support.hierarchical.ThrowableCollector.execute(ThrowableCollector.java:73)
	at org.junit.platform.engine.support.hierarchical.NodeTestTask.lambda$executeRecursively$8(NodeTestTask.java:146)
	at org.junit.platform.engine.support.hierarchical.Node.around(Node.java:137)
	at org.junit.platform.engine.support.hierarchical.NodeTestTask.lambda$executeRecursively$9(NodeTestTask.java:144)
	at org.junit.platform.engine.support.hierarchical.ThrowableCollector.execute(ThrowableCollector.java:73)
	at org.junit.platform.engine.support.hierarchical.NodeTestTask.executeRecursively(NodeTestTask.java:143)
	at org.junit.platform.engine.support.hierarchical.NodeTestTask.execute(NodeTestTask.java:100)
	at java.base/java.util.ArrayList.forEach(ArrayList.java:1596)
	at org.junit.platform.engine.support.hierarchical.SameThreadHierarchicalTestExecutorService.invokeAll(SameThreadHierarchicalTestExecutorService.java:41)
	at org.junit.platform.engine.support.hierarchical.NodeTestTask.lambda$executeRecursively$6(NodeTestTask.java:160)
	at org.junit.platform.engine.support.hierarchical.ThrowableCollector.execute(ThrowableCollector.java:73)
	at org.junit.platform.engine.support.hierarchical.NodeTestTask.lambda$executeRecursively$8(NodeTestTask.java:146)
	at org.junit.platform.engine.support.hierarchical.Node.around(Node.java:137)
	at org.junit.platform.engine.support.hierarchical.NodeTestTask.lambda$executeRecursively$9(NodeTestTask.java:144)
	at org.junit.platform.engine.support.hierarchical.ThrowableCollector.execute(ThrowableCollector.java:73)
	at org.junit.platform.engine.support.hierarchical.NodeTestTask.executeRecursively(NodeTestTask.java:143)
	at org.junit.platform.engine.support.hierarchical.NodeTestTask.execute(NodeTestTask.java:100)
	at org.junit.platform.engine.support.hierarchical.SameThreadHierarchicalTestExecutorService.submit(SameThreadHierarchicalTestExecutorService.java:35)
	at org.junit.platform.engine.support.hierarchical.HierarchicalTestExecutor.execute(HierarchicalTestExecutor.java:57)
	at org.junit.platform.engine.support.hierarchical.HierarchicalTestEngine.execute(HierarchicalTestEngine.java:54)
	at org.junit.platform.launcher.core.EngineExecutionOrchestrator.execute(EngineExecutionOrchestrator.java:201)
	at org.junit.platform.launcher.core.EngineExecutionOrchestrator.execute(EngineExecutionOrchestrator.java:170)
	at org.junit.platform.launcher.core.EngineExecutionOrchestrator.execute(EngineExecutionOrchestrator.java:94)
	at org.junit.platform.launcher.core.EngineExecutionOrchestrator.lambda$execute$0(EngineExecutionOrchestrator.java:59)
	at org.junit.platform.launcher.core.EngineExecutionOrchestrator.withInterceptedStreams(EngineExecutionOrchestrator.java:142)
	at org.junit.platform.launcher.core.EngineExecutionOrchestrator.execute(EngineExecutionOrchestrator.java:58)
	at org.junit.platform.launcher.core.DefaultLauncher.execute(DefaultLauncher.java:103)
	at org.junit.platform.launcher.core.DefaultLauncher.execute(DefaultLauncher.java:85)
	at org.junit.platform.launcher.core.DelegatingLauncher.execute(DelegatingLauncher.java:47)
	at org.junit.platform.launcher.core.InterceptingLauncher.lambda$execute$1(InterceptingLauncher.java:39)
	at org.junit.platform.launcher.core.ClasspathAlignmentCheckingLauncherInterceptor.intercept(ClasspathAlignmentCheckingLauncherInterceptor.java:25)
	at org.junit.platform.launcher.core.InterceptingLauncher.execute(InterceptingLauncher.java:38)
	at org.junit.platform.launcher.core.DelegatingLauncher.execute(DelegatingLauncher.java:47)
	at org.apache.maven.surefire.junitplatform.LazyLauncher.execute(LazyLauncher.java:56)
	at org.apache.maven.surefire.junitplatform.JUnitPlatformProvider.execute(JUnitPlatformProvider.java:194)
	at org.apache.maven.surefire.junitplatform.JUnitPlatformProvider.invokeAllTests(JUnitPlatformProvider.java:150)
	at org.apache.maven.surefire.junitplatform.JUnitPlatformProvider.invoke(JUnitPlatformProvider.java:124)
	at org.apache.maven.surefire.booter.ForkedBooter.runSuitesInProcess(ForkedBooter.java:385)
	at org.apache.maven.surefire.booter.ForkedBooter.execute(ForkedBooter.java:162)
	at org.apache.maven.surefire.booter.ForkedBooter.run(ForkedBooter.java:507)
	at org.apache.maven.surefire.booter.ForkedBooter.main(ForkedBooter.java:495)
[Service: vks-service TraceId:  SpanId: ] 2026-08-07 22:59:29.621 [main] WARN  o.s.test.context.TestContextManager Caught exception while allowing TestExecutionListener [org.springframework.boot.test.mock.mockito.MockitoTestExecutionListener] to prepare test instance [com.vks.interfaces.api.ProtectedApiControllerTest@63e17053]
java.lang.IllegalStateException: ApplicationContext failure threshold (1) exceeded: skipping repeated attempt to load context for [WebMergedContextConfiguration@274ac029 testClass = com.vks.interfaces.api.ProtectedApiControllerTest, locations = [], classes = [com.vks.VksServiceMainApplication], contextInitializerClasses = [], activeProfiles = [], propertySourceDescriptors = [], propertySourceProperties = ["org.springframework.boot.test.autoconfigure.web.servlet.WebMvcTestContextBootstrapper=true"], contextCustomizers = [[ImportsContextCustomizer@42c5d861 key = [org.springframework.boot.autoconfigure.security.oauth2.client.servlet.OAuth2ClientWebSecurityAutoConfiguration, com.vks.security.SecurityConfig, org.springframework.boot.autoconfigure.task.TaskExecutionAutoConfiguration, org.springframework.boot.autoconfigure.cache.CacheAutoConfiguration, org.springframework.boot.autoconfigure.web.servlet.HttpEncodingAutoConfiguration, org.springframework.boot.autoconfigure.validation.ValidationAutoConfiguration, org.springframework.boot.autoconfigure.security.saml2.Saml2RelyingPartyAutoConfiguration, org.springframework.boot.autoconfigure.context.MessageSourceAutoConfiguration, org.springframework.boot.autoconfigure.hateoas.HypermediaAutoConfiguration, org.springframework.boot.autoconfigure.jackson.JacksonAutoConfiguration, org.springframework.boot.autoconfigure.data.web.SpringDataWebAutoConfiguration, org.springframework.boot.test.autoconfigure.web.reactive.WebTestClientAutoConfiguration, org.springframework.boot.autoconfigure.web.servlet.error.ErrorMvcAutoConfiguration, org.springframework.boot.test.autoconfigure.web.servlet.MockMvcAutoConfiguration, org.springframework.boot.autoconfigure.security.servlet.SecurityAutoConfiguration, org.springframework.boot.autoconfigure.security.servlet.SecurityFilterAutoConfiguration, org.springframework.boot.autoconfigure.http.HttpMessageConvertersAutoConfiguration, org.springframework.boot.autoconfigure.security.oauth2.client.OAuth2ClientAutoConfiguration, org.springframework.boot.test.autoconfigure.web.servlet.MockMvcSecurityConfiguration, org.springframework.boot.test.autoconfigure.web.servlet.MockMvcWebClientAutoConfiguration, org.springframework.boot.test.autoconfigure.web.servlet.MockMvcWebDriverAutoConfiguration, org.springframework.boot.autoconfigure.thymeleaf.ThymeleafAutoConfiguration, org.springframework.boot.autoconfigure.gson.GsonAutoConfiguration, org.springframework.boot.autoconfigure.jsonb.JsonbAutoConfiguration, org.springframework.boot.autoconfigure.freemarker.FreeMarkerAutoConfiguration, org.springframework.boot.autoconfigure.web.servlet.WebMvcAutoConfiguration, org.springframework.boot.autoconfigure.security.servlet.UserDetailsServiceAutoConfiguration, org.springframework.boot.autoconfigure.security.oauth2.resource.servlet.OAuth2ResourceServerAutoConfiguration, org.springframework.boot.autoconfigure.groovy.template.GroovyTemplateAutoConfiguration, org.springframework.boot.autoconfigure.mustache.MustacheAutoConfiguration]], org.springframework.boot.test.context.filter.ExcludeFilterContextCustomizer@1f7b8d59, org.springframework.boot.test.json.DuplicateJsonObjectContextCustomizerFactory$DuplicateJsonObjectContextCustomizer@6158113e, org.springframework.boot.test.mock.mockito.MockitoContextCustomizer@fd11cea0, org.springframework.boot.test.web.reactor.netty.DisableReactorResourceFactoryGlobalResourcesContextCustomizerFactory$DisableReactorResourceFactoryGlobalResourcesContextCustomizerCustomizer@2f98fe6f, org.springframework.boot.test.autoconfigure.OnFailureConditionReportContextCustomizerFactory$OnFailureConditionReportContextCustomizer@7833407, org.springframework.boot.test.autoconfigure.OverrideAutoConfigurationContextCustomizerFactory$DisableAutoConfigurationContextCustomizer@9ba167e, org.springframework.boot.test.autoconfigure.actuate.observability.ObservabilityContextCustomizerFactory$DisableObservabilityContextCustomizer@1f, org.springframework.boot.test.autoconfigure.filter.TypeExcludeFiltersContextCustomizer@d0d5ef47, org.springframework.boot.test.autoconfigure.properties.PropertyMappingContextCustomizer@df565e59, org.springframework.boot.test.autoconfigure.web.servlet.WebDriverContextCustomizer@5ca006ac, org.springframework.test.context.support.DynamicPropertiesContextCustomizer@0, org.springframework.boot.test.context.SpringBootTestAnnotation@ef1e9fee], resourceBasePath = "src/main/webapp", contextLoader = org.springframework.boot.test.context.SpringBootContextLoader, parent = null]
	at org.springframework.test.context.cache.DefaultCacheAwareContextLoaderDelegate.loadContext(DefaultCacheAwareContextLoaderDelegate.java:145)
	at org.springframework.test.context.support.DefaultTestContext.getApplicationContext(DefaultTestContext.java:130)
	at org.springframework.boot.test.mock.mockito.MockitoTestExecutionListener.postProcessFields(MockitoTestExecutionListener.java:128)
	at org.springframework.boot.test.mock.mockito.MockitoTestExecutionListener.injectFields(MockitoTestExecutionListener.java:112)
	at org.springframework.boot.test.mock.mockito.MockitoTestExecutionListener.prepareTestInstance(MockitoTestExecutionListener.java:69)
	at org.springframework.test.context.TestContextManager.prepareTestInstance(TestContextManager.java:260)
	at org.springframework.test.context.junit.jupiter.SpringExtension.postProcessTestInstance(SpringExtension.java:159)
	at org.junit.jupiter.engine.descriptor.ClassBasedTestDescriptor.lambda$invokeTestInstancePostProcessors$10(ClassBasedTestDescriptor.java:383)
	at org.junit.jupiter.engine.descriptor.ClassBasedTestDescriptor.executeAndMaskThrowable(ClassBasedTestDescriptor.java:388)
	at org.junit.jupiter.engine.descriptor.ClassBasedTestDescriptor.lambda$invokeTestInstancePostProcessors$11(ClassBasedTestDescriptor.java:382)
	at java.base/java.util.stream.ForEachOps$ForEachOp$OfRef.accept(ForEachOps.java:184)
	at java.base/java.util.stream.ReferencePipeline$3$1.accept(ReferencePipeline.java:197)
	at java.base/java.util.stream.ReferencePipeline$2$1.accept(ReferencePipeline.java:179)
	at java.base/java.util.stream.ReferencePipeline$3$1.accept(ReferencePipeline.java:197)
	at java.base/java.util.ArrayList$ArrayListSpliterator.forEachRemaining(ArrayList.java:1708)
	at java.base/java.util.stream.AbstractPipeline.copyInto(AbstractPipeline.java:509)
	at java.base/java.util.stream.AbstractPipeline.wrapAndCopyInto(AbstractPipeline.java:499)
	at java.base/java.util.stream.ForEachOps$ForEachOp.evaluateSequential(ForEachOps.java:151)
	at java.base/java.util.stream.ForEachOps$ForEachOp$OfRef.evaluateSequential(ForEachOps.java:174)
	at java.base/java.util.stream.AbstractPipeline.evaluate(AbstractPipeline.java:234)
	at java.base/java.util.stream.ReferencePipeline.forEach(ReferencePipeline.java:596)
	at org.junit.jupiter.engine.descriptor.ClassBasedTestDescriptor.invokeTestInstancePostProcessors(ClassBasedTestDescriptor.java:382)
	at org.junit.jupiter.engine.descriptor.ClassBasedTestDescriptor.lambda$instantiateAndPostProcessTestInstance$6(ClassBasedTestDescriptor.java:293)
	at org.junit.platform.engine.support.hierarchical.ThrowableCollector.execute(ThrowableCollector.java:73)
	at org.junit.jupiter.engine.descriptor.ClassBasedTestDescriptor.instantiateAndPostProcessTestInstance(ClassBasedTestDescriptor.java:292)
	at org.junit.jupiter.engine.descriptor.ClassBasedTestDescriptor.lambda$testInstancesProvider$4(ClassBasedTestDescriptor.java:281)
	at java.base/java.util.Optional.orElseGet(Optional.java:364)
	at org.junit.jupiter.engine.descriptor.ClassBasedTestDescriptor.lambda$testInstancesProvider$5(ClassBasedTestDescriptor.java:280)
	at org.junit.jupiter.engine.execution.TestInstancesProvider.getTestInstances(TestInstancesProvider.java:27)
	at org.junit.jupiter.engine.descriptor.TestMethodTestDescriptor.lambda$prepare$0(TestMethodTestDescriptor.java:112)
	at org.junit.platform.engine.support.hierarchical.ThrowableCollector.execute(ThrowableCollector.java:73)
	at org.junit.jupiter.engine.descriptor.TestMethodTestDescriptor.prepare(TestMethodTestDescriptor.java:111)
	at org.junit.jupiter.engine.descriptor.TestMethodTestDescriptor.prepare(TestMethodTestDescriptor.java:69)
	at org.junit.platform.engine.support.hierarchical.NodeTestTask.lambda$prepare$2(NodeTestTask.java:128)
	at org.junit.platform.engine.support.hierarchical.ThrowableCollector.execute(ThrowableCollector.java:73)
	at org.junit.platform.engine.support.hierarchical.NodeTestTask.prepare(NodeTestTask.java:128)
	at org.junit.platform.engine.support.hierarchical.NodeTestTask.execute(NodeTestTask.java:95)
	at java.base/java.util.ArrayList.forEach(ArrayList.java:1596)
	at org.junit.platform.engine.support.hierarchical.SameThreadHierarchicalTestExecutorService.invokeAll(SameThreadHierarchicalTestExecutorService.java:41)
	at org.junit.platform.engine.support.hierarchical.NodeTestTask.lambda$executeRecursively$6(NodeTestTask.java:160)
	at org.junit.platform.engine.support.hierarchical.ThrowableCollector.execute(ThrowableCollector.java:73)
	at org.junit.platform.engine.support.hierarchical.NodeTestTask.lambda$executeRecursively$8(NodeTestTask.java:146)
	at org.junit.platform.engine.support.hierarchical.Node.around(Node.java:137)
	at org.junit.platform.engine.support.hierarchical.NodeTestTask.lambda$executeRecursively$9(NodeTestTask.java:144)
	at org.junit.platform.engine.support.hierarchical.ThrowableCollector.execute(ThrowableCollector.java:73)
	at org.junit.platform.engine.support.hierarchical.NodeTestTask.executeRecursively(NodeTestTask.java:143)
	at org.junit.platform.engine.support.hierarchical.NodeTestTask.execute(NodeTestTask.java:100)
	at java.base/java.util.ArrayList.forEach(ArrayList.java:1596)
	at org.junit.platform.engine.support.hierarchical.SameThreadHierarchicalTestExecutorService.invokeAll(SameThreadHierarchicalTestExecutorService.java:41)
	at org.junit.platform.engine.support.hierarchical.NodeTestTask.lambda$executeRecursively$6(NodeTestTask.java:160)
	at org.junit.platform.engine.support.hierarchical.ThrowableCollector.execute(ThrowableCollector.java:73)
	at org.junit.platform.engine.support.hierarchical.NodeTestTask.lambda$executeRecursively$8(NodeTestTask.java:146)
	at org.junit.platform.engine.support.hierarchical.Node.around(Node.java:137)
	at org.junit.platform.engine.support.hierarchical.NodeTestTask.lambda$executeRecursively$9(NodeTestTask.java:144)
	at org.junit.platform.engine.support.hierarchical.ThrowableCollector.execute(ThrowableCollector.java:73)
	at org.junit.platform.engine.support.hierarchical.NodeTestTask.executeRecursively(NodeTestTask.java:143)
	at org.junit.platform.engine.support.hierarchical.NodeTestTask.execute(NodeTestTask.java:100)
	at org.junit.platform.engine.support.hierarchical.SameThreadHierarchicalTestExecutorService.submit(SameThreadHierarchicalTestExecutorService.java:35)
	at org.junit.platform.engine.support.hierarchical.HierarchicalTestExecutor.execute(HierarchicalTestExecutor.java:57)
	at org.junit.platform.engine.support.hierarchical.HierarchicalTestEngine.execute(HierarchicalTestEngine.java:54)
	at org.junit.platform.launcher.core.EngineExecutionOrchestrator.execute(EngineExecutionOrchestrator.java:201)
	at org.junit.platform.launcher.core.EngineExecutionOrchestrator.execute(EngineExecutionOrchestrator.java:170)
	at org.junit.platform.launcher.core.EngineExecutionOrchestrator.execute(EngineExecutionOrchestrator.java:94)
	at org.junit.platform.launcher.core.EngineExecutionOrchestrator.lambda$execute$0(EngineExecutionOrchestrator.java:59)
	at org.junit.platform.launcher.core.EngineExecutionOrchestrator.withInterceptedStreams(EngineExecutionOrchestrator.java:142)
	at org.junit.platform.launcher.core.EngineExecutionOrchestrator.execute(EngineExecutionOrchestrator.java:58)
	at org.junit.platform.launcher.core.DefaultLauncher.execute(DefaultLauncher.java:103)
	at org.junit.platform.launcher.core.DefaultLauncher.execute(DefaultLauncher.java:85)
	at org.junit.platform.launcher.core.DelegatingLauncher.execute(DelegatingLauncher.java:47)
	at org.junit.platform.launcher.core.InterceptingLauncher.lambda$execute$1(InterceptingLauncher.java:39)
	at org.junit.platform.launcher.core.ClasspathAlignmentCheckingLauncherInterceptor.intercept(ClasspathAlignmentCheckingLauncherInterceptor.java:25)
	at org.junit.platform.launcher.core.InterceptingLauncher.execute(InterceptingLauncher.java:38)
	at org.junit.platform.launcher.core.DelegatingLauncher.execute(DelegatingLauncher.java:47)
	at org.apache.maven.surefire.junitplatform.LazyLauncher.execute(LazyLauncher.java:56)
	at org.apache.maven.surefire.junitplatform.JUnitPlatformProvider.execute(JUnitPlatformProvider.java:194)
	at org.apache.maven.surefire.junitplatform.JUnitPlatformProvider.invokeAllTests(JUnitPlatformProvider.java:150)
	at org.apache.maven.surefire.junitplatform.JUnitPlatformProvider.invoke(JUnitPlatformProvider.java:124)
	at org.apache.maven.surefire.booter.ForkedBooter.runSuitesInProcess(ForkedBooter.java:385)
	at org.apache.maven.surefire.booter.ForkedBooter.execute(ForkedBooter.java:162)
	at org.apache.maven.surefire.booter.ForkedBooter.run(ForkedBooter.java:507)
	at org.apache.maven.surefire.booter.ForkedBooter.main(ForkedBooter.java:495)
[Service: vks-service TraceId:  SpanId: ] 2026-08-07 22:59:29.624 [main] WARN  o.s.test.context.TestContextManager Caught exception while allowing TestExecutionListener [org.springframework.boot.test.mock.mockito.MockitoTestExecutionListener] to prepare test instance [com.vks.interfaces.api.ProtectedApiControllerTest@6e9c118f]
java.lang.IllegalStateException: ApplicationContext failure threshold (1) exceeded: skipping repeated attempt to load context for [WebMergedContextConfiguration@274ac029 testClass = com.vks.interfaces.api.ProtectedApiControllerTest, locations = [], classes = [com.vks.VksServiceMainApplication], contextInitializerClasses = [], activeProfiles = [], propertySourceDescriptors = [], propertySourceProperties = ["org.springframework.boot.test.autoconfigure.web.servlet.WebMvcTestContextBootstrapper=true"], contextCustomizers = [[ImportsContextCustomizer@42c5d861 key = [org.springframework.boot.autoconfigure.security.oauth2.client.servlet.OAuth2ClientWebSecurityAutoConfiguration, com.vks.security.SecurityConfig, org.springframework.boot.autoconfigure.task.TaskExecutionAutoConfiguration, org.springframework.boot.autoconfigure.cache.CacheAutoConfiguration, org.springframework.boot.autoconfigure.web.servlet.HttpEncodingAutoConfiguration, org.springframework.boot.autoconfigure.validation.ValidationAutoConfiguration, org.springframework.boot.autoconfigure.security.saml2.Saml2RelyingPartyAutoConfiguration, org.springframework.boot.autoconfigure.context.MessageSourceAutoConfiguration, org.springframework.boot.autoconfigure.hateoas.HypermediaAutoConfiguration, org.springframework.boot.autoconfigure.jackson.JacksonAutoConfiguration, org.springframework.boot.autoconfigure.data.web.SpringDataWebAutoConfiguration, org.springframework.boot.test.autoconfigure.web.reactive.WebTestClientAutoConfiguration, org.springframework.boot.autoconfigure.web.servlet.error.ErrorMvcAutoConfiguration, org.springframework.boot.test.autoconfigure.web.servlet.MockMvcAutoConfiguration, org.springframework.boot.autoconfigure.security.servlet.SecurityAutoConfiguration, org.springframework.boot.autoconfigure.security.servlet.SecurityFilterAutoConfiguration, org.springframework.boot.autoconfigure.http.HttpMessageConvertersAutoConfiguration, org.springframework.boot.autoconfigure.security.oauth2.client.OAuth2ClientAutoConfiguration, org.springframework.boot.test.autoconfigure.web.servlet.MockMvcSecurityConfiguration, org.springframework.boot.test.autoconfigure.web.servlet.MockMvcWebClientAutoConfiguration, org.springframework.boot.test.autoconfigure.web.servlet.MockMvcWebDriverAutoConfiguration, org.springframework.boot.autoconfigure.thymeleaf.ThymeleafAutoConfiguration, org.springframework.boot.autoconfigure.gson.GsonAutoConfiguration, org.springframework.boot.autoconfigure.jsonb.JsonbAutoConfiguration, org.springframework.boot.autoconfigure.freemarker.FreeMarkerAutoConfiguration, org.springframework.boot.autoconfigure.web.servlet.WebMvcAutoConfiguration, org.springframework.boot.autoconfigure.security.servlet.UserDetailsServiceAutoConfiguration, org.springframework.boot.autoconfigure.security.oauth2.resource.servlet.OAuth2ResourceServerAutoConfiguration, org.springframework.boot.autoconfigure.groovy.template.GroovyTemplateAutoConfiguration, org.springframework.boot.autoconfigure.mustache.MustacheAutoConfiguration]], org.springframework.boot.test.context.filter.ExcludeFilterContextCustomizer@1f7b8d59, org.springframework.boot.test.json.DuplicateJsonObjectContextCustomizerFactory$DuplicateJsonObjectContextCustomizer@6158113e, org.springframework.boot.test.mock.mockito.MockitoContextCustomizer@fd11cea0, org.springframework.boot.test.web.reactor.netty.DisableReactorResourceFactoryGlobalResourcesContextCustomizerFactory$DisableReactorResourceFactoryGlobalResourcesContextCustomizerCustomizer@2f98fe6f, org.springframework.boot.test.autoconfigure.OnFailureConditionReportContextCustomizerFactory$OnFailureConditionReportContextCustomizer@7833407, org.springframework.boot.test.autoconfigure.OverrideAutoConfigurationContextCustomizerFactory$DisableAutoConfigurationContextCustomizer@9ba167e, org.springframework.boot.test.autoconfigure.actuate.observability.ObservabilityContextCustomizerFactory$DisableObservabilityContextCustomizer@1f, org.springframework.boot.test.autoconfigure.filter.TypeExcludeFiltersContextCustomizer@d0d5ef47, org.springframework.boot.test.autoconfigure.properties.PropertyMappingContextCustomizer@df565e59, org.springframework.boot.test.autoconfigure.web.servlet.WebDriverContextCustomizer@5ca006ac, org.springframework.test.context.support.DynamicPropertiesContextCustomizer@0, org.springframework.boot.test.context.SpringBootTestAnnotation@ef1e9fee], resourceBasePath = "src/main/webapp", contextLoader = org.springframework.boot.test.context.SpringBootContextLoader, parent = null]
	at org.springframework.test.context.cache.DefaultCacheAwareContextLoaderDelegate.loadContext(DefaultCacheAwareContextLoaderDelegate.java:145)
	at org.springframework.test.context.support.DefaultTestContext.getApplicationContext(DefaultTestContext.java:130)
	at org.springframework.boot.test.mock.mockito.MockitoTestExecutionListener.postProcessFields(MockitoTestExecutionListener.java:128)
	at org.springframework.boot.test.mock.mockito.MockitoTestExecutionListener.injectFields(MockitoTestExecutionListener.java:112)
	at org.springframework.boot.test.mock.mockito.MockitoTestExecutionListener.prepareTestInstance(MockitoTestExecutionListener.java:69)
	at org.springframework.test.context.TestContextManager.prepareTestInstance(TestContextManager.java:260)
	at org.springframework.test.context.junit.jupiter.SpringExtension.postProcessTestInstance(SpringExtension.java:159)
	at org.junit.jupiter.engine.descriptor.ClassBasedTestDescriptor.lambda$invokeTestInstancePostProcessors$10(ClassBasedTestDescriptor.java:383)
	at org.junit.jupiter.engine.descriptor.ClassBasedTestDescriptor.executeAndMaskThrowable(ClassBasedTestDescriptor.java:388)
	at org.junit.jupiter.engine.descriptor.ClassBasedTestDescriptor.lambda$invokeTestInstancePostProcessors$11(ClassBasedTestDescriptor.java:382)
	at java.base/java.util.stream.ForEachOps$ForEachOp$OfRef.accept(ForEachOps.java:184)
	at java.base/java.util.stream.ReferencePipeline$3$1.accept(ReferencePipeline.java:197)
	at java.base/java.util.stream.ReferencePipeline$2$1.accept(ReferencePipeline.java:179)
	at java.base/java.util.stream.ReferencePipeline$3$1.accept(ReferencePipeline.java:197)
	at java.base/java.util.ArrayList$ArrayListSpliterator.forEachRemaining(ArrayList.java:1708)
	at java.base/java.util.stream.AbstractPipeline.copyInto(AbstractPipeline.java:509)
	at java.base/java.util.stream.AbstractPipeline.wrapAndCopyInto(AbstractPipeline.java:499)
	at java.base/java.util.stream.ForEachOps$ForEachOp.evaluateSequential(ForEachOps.java:151)
	at java.base/java.util.stream.ForEachOps$ForEachOp$OfRef.evaluateSequential(ForEachOps.java:174)
	at java.base/java.util.stream.AbstractPipeline.evaluate(AbstractPipeline.java:234)
	at java.base/java.util.stream.ReferencePipeline.forEach(ReferencePipeline.java:596)
	at org.junit.jupiter.engine.descriptor.ClassBasedTestDescriptor.invokeTestInstancePostProcessors(ClassBasedTestDescriptor.java:382)
	at org.junit.jupiter.engine.descriptor.ClassBasedTestDescriptor.lambda$instantiateAndPostProcessTestInstance$6(ClassBasedTestDescriptor.java:293)
	at org.junit.platform.engine.support.hierarchical.ThrowableCollector.execute(ThrowableCollector.java:73)
	at org.junit.jupiter.engine.descriptor.ClassBasedTestDescriptor.instantiateAndPostProcessTestInstance(ClassBasedTestDescriptor.java:292)
	at org.junit.jupiter.engine.descriptor.ClassBasedTestDescriptor.lambda$testInstancesProvider$4(ClassBasedTestDescriptor.java:281)
	at java.base/java.util.Optional.orElseGet(Optional.java:364)
	at org.junit.jupiter.engine.descriptor.ClassBasedTestDescriptor.lambda$testInstancesProvider$5(ClassBasedTestDescriptor.java:280)
	at org.junit.jupiter.engine.execution.TestInstancesProvider.getTestInstances(TestInstancesProvider.java:27)
	at org.junit.jupiter.engine.descriptor.TestMethodTestDescriptor.lambda$prepare$0(TestMethodTestDescriptor.java:112)
	at org.junit.platform.engine.support.hierarchical.ThrowableCollector.execute(ThrowableCollector.java:73)
	at org.junit.jupiter.engine.descriptor.TestMethodTestDescriptor.prepare(TestMethodTestDescriptor.java:111)
	at org.junit.jupiter.engine.descriptor.TestMethodTestDescriptor.prepare(TestMethodTestDescriptor.java:69)
	at org.junit.platform.engine.support.hierarchical.NodeTestTask.lambda$prepare$2(NodeTestTask.java:128)
	at org.junit.platform.engine.support.hierarchical.ThrowableCollector.execute(ThrowableCollector.java:73)
	at org.junit.platform.engine.support.hierarchical.NodeTestTask.prepare(NodeTestTask.java:128)
	at org.junit.platform.engine.support.hierarchical.NodeTestTask.execute(NodeTestTask.java:95)
	at java.base/java.util.ArrayList.forEach(ArrayList.java:1596)
	at org.junit.platform.engine.support.hierarchical.SameThreadHierarchicalTestExecutorService.invokeAll(SameThreadHierarchicalTestExecutorService.java:41)
	at org.junit.platform.engine.support.hierarchical.NodeTestTask.lambda$executeRecursively$6(NodeTestTask.java:160)
	at org.junit.platform.engine.support.hierarchical.ThrowableCollector.execute(ThrowableCollector.java:73)
	at org.junit.platform.engine.support.hierarchical.NodeTestTask.lambda$executeRecursively$8(NodeTestTask.java:146)
	at org.junit.platform.engine.support.hierarchical.Node.around(Node.java:137)
	at org.junit.platform.engine.support.hierarchical.NodeTestTask.lambda$executeRecursively$9(NodeTestTask.java:144)
	at org.junit.platform.engine.support.hierarchical.ThrowableCollector.execute(ThrowableCollector.java:73)
	at org.junit.platform.engine.support.hierarchical.NodeTestTask.executeRecursively(NodeTestTask.java:143)
	at org.junit.platform.engine.support.hierarchical.NodeTestTask.execute(NodeTestTask.java:100)
	at java.base/java.util.ArrayList.forEach(ArrayList.java:1596)
	at org.junit.platform.engine.support.hierarchical.SameThreadHierarchicalTestExecutorService.invokeAll(SameThreadHierarchicalTestExecutorService.java:41)
	at org.junit.platform.engine.support.hierarchical.NodeTestTask.lambda$executeRecursively$6(NodeTestTask.java:160)
	at org.junit.platform.engine.support.hierarchical.ThrowableCollector.execute(ThrowableCollector.java:73)
	at org.junit.platform.engine.support.hierarchical.NodeTestTask.lambda$executeRecursively$8(NodeTestTask.java:146)
	at org.junit.platform.engine.support.hierarchical.Node.around(Node.java:137)
	at org.junit.platform.engine.support.hierarchical.NodeTestTask.lambda$executeRecursively$9(NodeTestTask.java:144)
	at org.junit.platform.engine.support.hierarchical.ThrowableCollector.execute(ThrowableCollector.java:73)
	at org.junit.platform.engine.support.hierarchical.NodeTestTask.executeRecursively(NodeTestTask.java:143)
	at org.junit.platform.engine.support.hierarchical.NodeTestTask.execute(NodeTestTask.java:100)
	at org.junit.platform.engine.support.hierarchical.SameThreadHierarchicalTestExecutorService.submit(SameThreadHierarchicalTestExecutorService.java:35)
	at org.junit.platform.engine.support.hierarchical.HierarchicalTestExecutor.execute(HierarchicalTestExecutor.java:57)
	at org.junit.platform.engine.support.hierarchical.HierarchicalTestEngine.execute(HierarchicalTestEngine.java:54)
	at org.junit.platform.launcher.core.EngineExecutionOrchestrator.execute(EngineExecutionOrchestrator.java:201)
	at org.junit.platform.launcher.core.EngineExecutionOrchestrator.execute(EngineExecutionOrchestrator.java:170)
	at org.junit.platform.launcher.core.EngineExecutionOrchestrator.execute(EngineExecutionOrchestrator.java:94)
	at org.junit.platform.launcher.core.EngineExecutionOrchestrator.lambda$execute$0(EngineExecutionOrchestrator.java:59)
	at org.junit.platform.launcher.core.EngineExecutionOrchestrator.withInterceptedStreams(EngineExecutionOrchestrator.java:142)
	at org.junit.platform.launcher.core.EngineExecutionOrchestrator.execute(EngineExecutionOrchestrator.java:58)
	at org.junit.platform.launcher.core.DefaultLauncher.execute(DefaultLauncher.java:103)
	at org.junit.platform.launcher.core.DefaultLauncher.execute(DefaultLauncher.java:85)
	at org.junit.platform.launcher.core.DelegatingLauncher.execute(DelegatingLauncher.java:47)
	at org.junit.platform.launcher.core.InterceptingLauncher.lambda$execute$1(InterceptingLauncher.java:39)
	at org.junit.platform.launcher.core.ClasspathAlignmentCheckingLauncherInterceptor.intercept(ClasspathAlignmentCheckingLauncherInterceptor.java:25)
	at org.junit.platform.launcher.core.InterceptingLauncher.execute(InterceptingLauncher.java:38)
	at org.junit.platform.launcher.core.DelegatingLauncher.execute(DelegatingLauncher.java:47)
	at org.apache.maven.surefire.junitplatform.LazyLauncher.execute(LazyLauncher.java:56)
	at org.apache.maven.surefire.junitplatform.JUnitPlatformProvider.execute(JUnitPlatformProvider.java:194)
	at org.apache.maven.surefire.junitplatform.JUnitPlatformProvider.invokeAllTests(JUnitPlatformProvider.java:150)
	at org.apache.maven.surefire.junitplatform.JUnitPlatformProvider.invoke(JUnitPlatformProvider.java:124)
	at org.apache.maven.surefire.booter.ForkedBooter.runSuitesInProcess(ForkedBooter.java:385)
	at org.apache.maven.surefire.booter.ForkedBooter.execute(ForkedBooter.java:162)
	at org.apache.maven.surefire.booter.ForkedBooter.run(ForkedBooter.java:507)
	at org.apache.maven.surefire.booter.ForkedBooter.main(ForkedBooter.java:495)
[Service: vks-service TraceId:  SpanId: ] 2026-08-07 22:59:29.626 [main] WARN  o.s.test.context.TestContextManager Caught exception while allowing TestExecutionListener [org.springframework.boot.test.mock.mockito.MockitoTestExecutionListener] to prepare test instance [com.vks.interfaces.api.ProtectedApiControllerTest@6ded49c4]
java.lang.IllegalStateException: ApplicationContext failure threshold (1) exceeded: skipping repeated attempt to load context for [WebMergedContextConfiguration@274ac029 testClass = com.vks.interfaces.api.ProtectedApiControllerTest, locations = [], classes = [com.vks.VksServiceMainApplication], contextInitializerClasses = [], activeProfiles = [], propertySourceDescriptors = [], propertySourceProperties = ["org.springframework.boot.test.autoconfigure.web.servlet.WebMvcTestContextBootstrapper=true"], contextCustomizers = [[ImportsContextCustomizer@42c5d861 key = [org.springframework.boot.autoconfigure.security.oauth2.client.servlet.OAuth2ClientWebSecurityAutoConfiguration, com.vks.security.SecurityConfig, org.springframework.boot.autoconfigure.task.TaskExecutionAutoConfiguration, org.springframework.boot.autoconfigure.cache.CacheAutoConfiguration, org.springframework.boot.autoconfigure.web.servlet.HttpEncodingAutoConfiguration, org.springframework.boot.autoconfigure.validation.ValidationAutoConfiguration, org.springframework.boot.autoconfigure.security.saml2.Saml2RelyingPartyAutoConfiguration, org.springframework.boot.autoconfigure.context.MessageSourceAutoConfiguration, org.springframework.boot.autoconfigure.hateoas.HypermediaAutoConfiguration, org.springframework.boot.autoconfigure.jackson.JacksonAutoConfiguration, org.springframework.boot.autoconfigure.data.web.SpringDataWebAutoConfiguration, org.springframework.boot.test.autoconfigure.web.reactive.WebTestClientAutoConfiguration, org.springframework.boot.autoconfigure.web.servlet.error.ErrorMvcAutoConfiguration, org.springframework.boot.test.autoconfigure.web.servlet.MockMvcAutoConfiguration, org.springframework.boot.autoconfigure.security.servlet.SecurityAutoConfiguration, org.springframework.boot.autoconfigure.security.servlet.SecurityFilterAutoConfiguration, org.springframework.boot.autoconfigure.http.HttpMessageConvertersAutoConfiguration, org.springframework.boot.autoconfigure.security.oauth2.client.OAuth2ClientAutoConfiguration, org.springframework.boot.test.autoconfigure.web.servlet.MockMvcSecurityConfiguration, org.springframework.boot.test.autoconfigure.web.servlet.MockMvcWebClientAutoConfiguration, org.springframework.boot.test.autoconfigure.web.servlet.MockMvcWebDriverAutoConfiguration, org.springframework.boot.autoconfigure.thymeleaf.ThymeleafAutoConfiguration, org.springframework.boot.autoconfigure.gson.GsonAutoConfiguration, org.springframework.boot.autoconfigure.jsonb.JsonbAutoConfiguration, org.springframework.boot.autoconfigure.freemarker.FreeMarkerAutoConfiguration, org.springframework.boot.autoconfigure.web.servlet.WebMvcAutoConfiguration, org.springframework.boot.autoconfigure.security.servlet.UserDetailsServiceAutoConfiguration, org.springframework.boot.autoconfigure.security.oauth2.resource.servlet.OAuth2ResourceServerAutoConfiguration, org.springframework.boot.autoconfigure.groovy.template.GroovyTemplateAutoConfiguration, org.springframework.boot.autoconfigure.mustache.MustacheAutoConfiguration]], org.springframework.boot.test.context.filter.ExcludeFilterContextCustomizer@1f7b8d59, org.springframework.boot.test.json.DuplicateJsonObjectContextCustomizerFactory$DuplicateJsonObjectContextCustomizer@6158113e, org.springframework.boot.test.mock.mockito.MockitoContextCustomizer@fd11cea0, org.springframework.boot.test.web.reactor.netty.DisableReactorResourceFactoryGlobalResourcesContextCustomizerFactory$DisableReactorResourceFactoryGlobalResourcesContextCustomizerCustomizer@2f98fe6f, org.springframework.boot.test.autoconfigure.OnFailureConditionReportContextCustomizerFactory$OnFailureConditionReportContextCustomizer@7833407, org.springframework.boot.test.autoconfigure.OverrideAutoConfigurationContextCustomizerFactory$DisableAutoConfigurationContextCustomizer@9ba167e, org.springframework.boot.test.autoconfigure.actuate.observability.ObservabilityContextCustomizerFactory$DisableObservabilityContextCustomizer@1f, org.springframework.boot.test.autoconfigure.filter.TypeExcludeFiltersContextCustomizer@d0d5ef47, org.springframework.boot.test.autoconfigure.properties.PropertyMappingContextCustomizer@df565e59, org.springframework.boot.test.autoconfigure.web.servlet.WebDriverContextCustomizer@5ca006ac, org.springframework.test.context.support.DynamicPropertiesContextCustomizer@0, org.springframework.boot.test.context.SpringBootTestAnnotation@ef1e9fee], resourceBasePath = "src/main/webapp", contextLoader = org.springframework.boot.test.context.SpringBootContextLoader, parent = null]
	at org.springframework.test.context.cache.DefaultCacheAwareContextLoaderDelegate.loadContext(DefaultCacheAwareContextLoaderDelegate.java:145)
	at org.springframework.test.context.support.DefaultTestContext.getApplicationContext(DefaultTestContext.java:130)
	at org.springframework.boot.test.mock.mockito.MockitoTestExecutionListener.postProcessFields(MockitoTestExecutionListener.java:128)
	at org.springframework.boot.test.mock.mockito.MockitoTestExecutionListener.injectFields(MockitoTestExecutionListener.java:112)
	at org.springframework.boot.test.mock.mockito.MockitoTestExecutionListener.prepareTestInstance(MockitoTestExecutionListener.java:69)
	at org.springframework.test.context.TestContextManager.prepareTestInstance(TestContextManager.java:260)
	at org.springframework.test.context.junit.jupiter.SpringExtension.postProcessTestInstance(SpringExtension.java:159)
	at org.junit.jupiter.engine.descriptor.ClassBasedTestDescriptor.lambda$invokeTestInstancePostProcessors$10(ClassBasedTestDescriptor.java:383)
	at org.junit.jupiter.engine.descriptor.ClassBasedTestDescriptor.executeAndMaskThrowable(ClassBasedTestDescriptor.java:388)
	at org.junit.jupiter.engine.descriptor.ClassBasedTestDescriptor.lambda$invokeTestInstancePostProcessors$11(ClassBasedTestDescriptor.java:382)
	at java.base/java.util.stream.ForEachOps$ForEachOp$OfRef.accept(ForEachOps.java:184)
	at java.base/java.util.stream.ReferencePipeline$3$1.accept(ReferencePipeline.java:197)
	at java.base/java.util.stream.ReferencePipeline$2$1.accept(ReferencePipeline.java:179)
	at java.base/java.util.stream.ReferencePipeline$3$1.accept(ReferencePipeline.java:197)
	at java.base/java.util.ArrayList$ArrayListSpliterator.forEachRemaining(ArrayList.java:1708)
	at java.base/java.util.stream.AbstractPipeline.copyInto(AbstractPipeline.java:509)
	at java.base/java.util.stream.AbstractPipeline.wrapAndCopyInto(AbstractPipeline.java:499)
	at java.base/java.util.stream.ForEachOps$ForEachOp.evaluateSequential(ForEachOps.java:151)
	at java.base/java.util.stream.ForEachOps$ForEachOp$OfRef.evaluateSequential(ForEachOps.java:174)
	at java.base/java.util.stream.AbstractPipeline.evaluate(AbstractPipeline.java:234)
	at java.base/java.util.stream.ReferencePipeline.forEach(ReferencePipeline.java:596)
	at org.junit.jupiter.engine.descriptor.ClassBasedTestDescriptor.invokeTestInstancePostProcessors(ClassBasedTestDescriptor.java:382)
	at org.junit.jupiter.engine.descriptor.ClassBasedTestDescriptor.lambda$instantiateAndPostProcessTestInstance$6(ClassBasedTestDescriptor.java:293)
	at org.junit.platform.engine.support.hierarchical.ThrowableCollector.execute(ThrowableCollector.java:73)
	at org.junit.jupiter.engine.descriptor.ClassBasedTestDescriptor.instantiateAndPostProcessTestInstance(ClassBasedTestDescriptor.java:292)
	at org.junit.jupiter.engine.descriptor.ClassBasedTestDescriptor.lambda$testInstancesProvider$4(ClassBasedTestDescriptor.java:281)
	at java.base/java.util.Optional.orElseGet(Optional.java:364)
	at org.junit.jupiter.engine.descriptor.ClassBasedTestDescriptor.lambda$testInstancesProvider$5(ClassBasedTestDescriptor.java:280)
	at org.junit.jupiter.engine.execution.TestInstancesProvider.getTestInstances(TestInstancesProvider.java:27)
	at org.junit.jupiter.engine.descriptor.TestMethodTestDescriptor.lambda$prepare$0(TestMethodTestDescriptor.java:112)
	at org.junit.platform.engine.support.hierarchical.ThrowableCollector.execute(ThrowableCollector.java:73)
	at org.junit.jupiter.engine.descriptor.TestMethodTestDescriptor.prepare(TestMethodTestDescriptor.java:111)
	at org.junit.jupiter.engine.descriptor.TestMethodTestDescriptor.prepare(TestMethodTestDescriptor.java:69)
	at org.junit.platform.engine.support.hierarchical.NodeTestTask.lambda$prepare$2(NodeTestTask.java:128)
	at org.junit.platform.engine.support.hierarchical.ThrowableCollector.execute(ThrowableCollector.java:73)
	at org.junit.platform.engine.support.hierarchical.NodeTestTask.prepare(NodeTestTask.java:128)
	at org.junit.platform.engine.support.hierarchical.NodeTestTask.execute(NodeTestTask.java:95)
	at java.base/java.util.ArrayList.forEach(ArrayList.java:1596)
	at org.junit.platform.engine.support.hierarchical.SameThreadHierarchicalTestExecutorService.invokeAll(SameThreadHierarchicalTestExecutorService.java:41)
	at org.junit.platform.engine.support.hierarchical.NodeTestTask.lambda$executeRecursively$6(NodeTestTask.java:160)
	at org.junit.platform.engine.support.hierarchical.ThrowableCollector.execute(ThrowableCollector.java:73)
	at org.junit.platform.engine.support.hierarchical.NodeTestTask.lambda$executeRecursively$8(NodeTestTask.java:146)
	at org.junit.platform.engine.support.hierarchical.Node.around(Node.java:137)
	at org.junit.platform.engine.support.hierarchical.NodeTestTask.lambda$executeRecursively$9(NodeTestTask.java:144)
	at org.junit.platform.engine.support.hierarchical.ThrowableCollector.execute(ThrowableCollector.java:73)
	at org.junit.platform.engine.support.hierarchical.NodeTestTask.executeRecursively(NodeTestTask.java:143)
	at org.junit.platform.engine.support.hierarchical.NodeTestTask.execute(NodeTestTask.java:100)
	at java.base/java.util.ArrayList.forEach(ArrayList.java:1596)
	at org.junit.platform.engine.support.hierarchical.SameThreadHierarchicalTestExecutorService.invokeAll(SameThreadHierarchicalTestExecutorService.java:41)
	at org.junit.platform.engine.support.hierarchical.NodeTestTask.lambda$executeRecursively$6(NodeTestTask.java:160)
	at org.junit.platform.engine.support.hierarchical.ThrowableCollector.execute(ThrowableCollector.java:73)
	at org.junit.platform.engine.support.hierarchical.NodeTestTask.lambda$executeRecursively$8(NodeTestTask.java:146)
	at org.junit.platform.engine.support.hierarchical.Node.around(Node.java:137)
	at org.junit.platform.engine.support.hierarchical.NodeTestTask.lambda$executeRecursively$9(NodeTestTask.java:144)
	at org.junit.platform.engine.support.hierarchical.ThrowableCollector.execute(ThrowableCollector.java:73)
	at org.junit.platform.engine.support.hierarchical.NodeTestTask.executeRecursively(NodeTestTask.java:143)
	at org.junit.platform.engine.support.hierarchical.NodeTestTask.execute(NodeTestTask.java:100)
	at org.junit.platform.engine.support.hierarchical.SameThreadHierarchicalTestExecutorService.submit(SameThreadHierarchicalTestExecutorService.java:35)
	at org.junit.platform.engine.support.hierarchical.HierarchicalTestExecutor.execute(HierarchicalTestExecutor.java:57)
	at org.junit.platform.engine.support.hierarchical.HierarchicalTestEngine.execute(HierarchicalTestEngine.java:54)
	at org.junit.platform.launcher.core.EngineExecutionOrchestrator.execute(EngineExecutionOrchestrator.java:201)
	at org.junit.platform.launcher.core.EngineExecutionOrchestrator.execute(EngineExecutionOrchestrator.java:170)
	at org.junit.platform.launcher.core.EngineExecutionOrchestrator.execute(EngineExecutionOrchestrator.java:94)
	at org.junit.platform.launcher.core.EngineExecutionOrchestrator.lambda$execute$0(EngineExecutionOrchestrator.java:59)
	at org.junit.platform.launcher.core.EngineExecutionOrchestrator.withInterceptedStreams(EngineExecutionOrchestrator.java:142)
	at org.junit.platform.launcher.core.EngineExecutionOrchestrator.execute(EngineExecutionOrchestrator.java:58)
	at org.junit.platform.launcher.core.DefaultLauncher.execute(DefaultLauncher.java:103)
	at org.junit.platform.launcher.core.DefaultLauncher.execute(DefaultLauncher.java:85)
	at org.junit.platform.launcher.core.DelegatingLauncher.execute(DelegatingLauncher.java:47)
	at org.junit.platform.launcher.core.InterceptingLauncher.lambda$execute$1(InterceptingLauncher.java:39)
	at org.junit.platform.launcher.core.ClasspathAlignmentCheckingLauncherInterceptor.intercept(ClasspathAlignmentCheckingLauncherInterceptor.java:25)
	at org.junit.platform.launcher.core.InterceptingLauncher.execute(InterceptingLauncher.java:38)
	at org.junit.platform.launcher.core.DelegatingLauncher.execute(DelegatingLauncher.java:47)
	at org.apache.maven.surefire.junitplatform.LazyLauncher.execute(LazyLauncher.java:56)
	at org.apache.maven.surefire.junitplatform.JUnitPlatformProvider.execute(JUnitPlatformProvider.java:194)
	at org.apache.maven.surefire.junitplatform.JUnitPlatformProvider.invokeAllTests(JUnitPlatformProvider.java:150)
	at org.apache.maven.surefire.junitplatform.JUnitPlatformProvider.invoke(JUnitPlatformProvider.java:124)
	at org.apache.maven.surefire.booter.ForkedBooter.runSuitesInProcess(ForkedBooter.java:385)
	at org.apache.maven.surefire.booter.ForkedBooter.execute(ForkedBooter.java:162)
	at org.apache.maven.surefire.booter.ForkedBooter.run(ForkedBooter.java:507)
	at org.apache.maven.surefire.booter.ForkedBooter.main(ForkedBooter.java:495)
[Service: vks-service TraceId:  SpanId: ] 2026-08-07 22:59:29.628 [main] WARN  o.s.test.context.TestContextManager Caught exception while allowing TestExecutionListener [org.springframework.boot.test.mock.mockito.MockitoTestExecutionListener] to prepare test instance [com.vks.interfaces.api.ProtectedApiControllerTest@7145469]
java.lang.IllegalStateException: ApplicationContext failure threshold (1) exceeded: skipping repeated attempt to load context for [WebMergedContextConfiguration@274ac029 testClass = com.vks.interfaces.api.ProtectedApiControllerTest, locations = [], classes = [com.vks.VksServiceMainApplication], contextInitializerClasses = [], activeProfiles = [], propertySourceDescriptors = [], propertySourceProperties = ["org.springframework.boot.test.autoconfigure.web.servlet.WebMvcTestContextBootstrapper=true"], contextCustomizers = [[ImportsContextCustomizer@42c5d861 key = [org.springframework.boot.autoconfigure.security.oauth2.client.servlet.OAuth2ClientWebSecurityAutoConfiguration, com.vks.security.SecurityConfig, org.springframework.boot.autoconfigure.task.TaskExecutionAutoConfiguration, org.springframework.boot.autoconfigure.cache.CacheAutoConfiguration, org.springframework.boot.autoconfigure.web.servlet.HttpEncodingAutoConfiguration, org.springframework.boot.autoconfigure.validation.ValidationAutoConfiguration, org.springframework.boot.autoconfigure.security.saml2.Saml2RelyingPartyAutoConfiguration, org.springframework.boot.autoconfigure.context.MessageSourceAutoConfiguration, org.springframework.boot.autoconfigure.hateoas.HypermediaAutoConfiguration, org.springframework.boot.autoconfigure.jackson.JacksonAutoConfiguration, org.springframework.boot.autoconfigure.data.web.SpringDataWebAutoConfiguration, org.springframework.boot.test.autoconfigure.web.reactive.WebTestClientAutoConfiguration, org.springframework.boot.autoconfigure.web.servlet.error.ErrorMvcAutoConfiguration, org.springframework.boot.test.autoconfigure.web.servlet.MockMvcAutoConfiguration, org.springframework.boot.autoconfigure.security.servlet.SecurityAutoConfiguration, org.springframework.boot.autoconfigure.security.servlet.SecurityFilterAutoConfiguration, org.springframework.boot.autoconfigure.http.HttpMessageConvertersAutoConfiguration, org.springframework.boot.autoconfigure.security.oauth2.client.OAuth2ClientAutoConfiguration, org.springframework.boot.test.autoconfigure.web.servlet.MockMvcSecurityConfiguration, org.springframework.boot.test.autoconfigure.web.servlet.MockMvcWebClientAutoConfiguration, org.springframework.boot.test.autoconfigure.web.servlet.MockMvcWebDriverAutoConfiguration, org.springframework.boot.autoconfigure.thymeleaf.ThymeleafAutoConfiguration, org.springframework.boot.autoconfigure.gson.GsonAutoConfiguration, org.springframework.boot.autoconfigure.jsonb.JsonbAutoConfiguration, org.springframework.boot.autoconfigure.freemarker.FreeMarkerAutoConfiguration, org.springframework.boot.autoconfigure.web.servlet.WebMvcAutoConfiguration, org.springframework.boot.autoconfigure.security.servlet.UserDetailsServiceAutoConfiguration, org.springframework.boot.autoconfigure.security.oauth2.resource.servlet.OAuth2ResourceServerAutoConfiguration, org.springframework.boot.autoconfigure.groovy.template.GroovyTemplateAutoConfiguration, org.springframework.boot.autoconfigure.mustache.MustacheAutoConfiguration]], org.springframework.boot.test.context.filter.ExcludeFilterContextCustomizer@1f7b8d59, org.springframework.boot.test.json.DuplicateJsonObjectContextCustomizerFactory$DuplicateJsonObjectContextCustomizer@6158113e, org.springframework.boot.test.mock.mockito.MockitoContextCustomizer@fd11cea0, org.springframework.boot.test.web.reactor.netty.DisableReactorResourceFactoryGlobalResourcesContextCustomizerFactory$DisableReactorResourceFactoryGlobalResourcesContextCustomizerCustomizer@2f98fe6f, org.springframework.boot.test.autoconfigure.OnFailureConditionReportContextCustomizerFactory$OnFailureConditionReportContextCustomizer@7833407, org.springframework.boot.test.autoconfigure.OverrideAutoConfigurationContextCustomizerFactory$DisableAutoConfigurationContextCustomizer@9ba167e, org.springframework.boot.test.autoconfigure.actuate.observability.ObservabilityContextCustomizerFactory$DisableObservabilityContextCustomizer@1f, org.springframework.boot.test.autoconfigure.filter.TypeExcludeFiltersContextCustomizer@d0d5ef47, org.springframework.boot.test.autoconfigure.properties.PropertyMappingContextCustomizer@df565e59, org.springframework.boot.test.autoconfigure.web.servlet.WebDriverContextCustomizer@5ca006ac, org.springframework.test.context.support.DynamicPropertiesContextCustomizer@0, org.springframework.boot.test.context.SpringBootTestAnnotation@ef1e9fee], resourceBasePath = "src/main/webapp", contextLoader = org.springframework.boot.test.context.SpringBootContextLoader, parent = null]
	at org.springframework.test.context.cache.DefaultCacheAwareContextLoaderDelegate.loadContext(DefaultCacheAwareContextLoaderDelegate.java:145)
	at org.springframework.test.context.support.DefaultTestContext.getApplicationContext(DefaultTestContext.java:130)
	at org.springframework.boot.test.mock.mockito.MockitoTestExecutionListener.postProcessFields(MockitoTestExecutionListener.java:128)
	at org.springframework.boot.test.mock.mockito.MockitoTestExecutionListener.injectFields(MockitoTestExecutionListener.java:112)
	at org.springframework.boot.test.mock.mockito.MockitoTestExecutionListener.prepareTestInstance(MockitoTestExecutionListener.java:69)
	at org.springframework.test.context.TestContextManager.prepareTestInstance(TestContextManager.java:260)
	at org.springframework.test.context.junit.jupiter.SpringExtension.postProcessTestInstance(SpringExtension.java:159)
	at org.junit.jupiter.engine.descriptor.ClassBasedTestDescriptor.lambda$invokeTestInstancePostProcessors$10(ClassBasedTestDescriptor.java:383)
	at org.junit.jupiter.engine.descriptor.ClassBasedTestDescriptor.executeAndMaskThrowable(ClassBasedTestDescriptor.java:388)
	at org.junit.jupiter.engine.descriptor.ClassBasedTestDescriptor.lambda$invokeTestInstancePostProcessors$11(ClassBasedTestDescriptor.java:382)
	at java.base/java.util.stream.ForEachOps$ForEachOp$OfRef.accept(ForEachOps.java:184)
	at java.base/java.util.stream.ReferencePipeline$3$1.accept(ReferencePipeline.java:197)
	at java.base/java.util.stream.ReferencePipeline$2$1.accept(ReferencePipeline.java:179)
	at java.base/java.util.stream.ReferencePipeline$3$1.accept(ReferencePipeline.java:197)
	at java.base/java.util.ArrayList$ArrayListSpliterator.forEachRemaining(ArrayList.java:1708)
	at java.base/java.util.stream.AbstractPipeline.copyInto(AbstractPipeline.java:509)
	at java.base/java.util.stream.AbstractPipeline.wrapAndCopyInto(AbstractPipeline.java:499)
	at java.base/java.util.stream.ForEachOps$ForEachOp.evaluateSequential(ForEachOps.java:151)
	at java.base/java.util.stream.ForEachOps$ForEachOp$OfRef.evaluateSequential(ForEachOps.java:174)
	at java.base/java.util.stream.AbstractPipeline.evaluate(AbstractPipeline.java:234)
	at java.base/java.util.stream.ReferencePipeline.forEach(ReferencePipeline.java:596)
	at org.junit.jupiter.engine.descriptor.ClassBasedTestDescriptor.invokeTestInstancePostProcessors(ClassBasedTestDescriptor.java:382)
	at org.junit.jupiter.engine.descriptor.ClassBasedTestDescriptor.lambda$instantiateAndPostProcessTestInstance$6(ClassBasedTestDescriptor.java:293)
	at org.junit.platform.engine.support.hierarchical.ThrowableCollector.execute(ThrowableCollector.java:73)
	at org.junit.jupiter.engine.descriptor.ClassBasedTestDescriptor.instantiateAndPostProcessTestInstance(ClassBasedTestDescriptor.java:292)
	at org.junit.jupiter.engine.descriptor.ClassBasedTestDescriptor.lambda$testInstancesProvider$4(ClassBasedTestDescriptor.java:281)
	at java.base/java.util.Optional.orElseGet(Optional.java:364)
	at org.junit.jupiter.engine.descriptor.ClassBasedTestDescriptor.lambda$testInstancesProvider$5(ClassBasedTestDescriptor.java:280)
	at org.junit.jupiter.engine.execution.TestInstancesProvider.getTestInstances(TestInstancesProvider.java:27)
	at org.junit.jupiter.engine.descriptor.TestMethodTestDescriptor.lambda$prepare$0(TestMethodTestDescriptor.java:112)
	at org.junit.platform.engine.support.hierarchical.ThrowableCollector.execute(ThrowableCollector.java:73)
	at org.junit.jupiter.engine.descriptor.TestMethodTestDescriptor.prepare(TestMethodTestDescriptor.java:111)
	at org.junit.jupiter.engine.descriptor.TestMethodTestDescriptor.prepare(TestMethodTestDescriptor.java:69)
	at org.junit.platform.engine.support.hierarchical.NodeTestTask.lambda$prepare$2(NodeTestTask.java:128)
	at org.junit.platform.engine.support.hierarchical.ThrowableCollector.execute(ThrowableCollector.java:73)
	at org.junit.platform.engine.support.hierarchical.NodeTestTask.prepare(NodeTestTask.java:128)
	at org.junit.platform.engine.support.hierarchical.NodeTestTask.execute(NodeTestTask.java:95)
	at java.base/java.util.ArrayList.forEach(ArrayList.java:1596)
	at org.junit.platform.engine.support.hierarchical.SameThreadHierarchicalTestExecutorService.invokeAll(SameThreadHierarchicalTestExecutorService.java:41)
	at org.junit.platform.engine.support.hierarchical.NodeTestTask.lambda$executeRecursively$6(NodeTestTask.java:160)
	at org.junit.platform.engine.support.hierarchical.ThrowableCollector.execute(ThrowableCollector.java:73)
	at org.junit.platform.engine.support.hierarchical.NodeTestTask.lambda$executeRecursively$8(NodeTestTask.java:146)
	at org.junit.platform.engine.support.hierarchical.Node.around(Node.java:137)
	at org.junit.platform.engine.support.hierarchical.NodeTestTask.lambda$executeRecursively$9(NodeTestTask.java:144)
	at org.junit.platform.engine.support.hierarchical.ThrowableCollector.execute(ThrowableCollector.java:73)
	at org.junit.platform.engine.support.hierarchical.NodeTestTask.executeRecursively(NodeTestTask.java:143)
	at org.junit.platform.engine.support.hierarchical.NodeTestTask.execute(NodeTestTask.java:100)
	at java.base/java.util.ArrayList.forEach(ArrayList.java:1596)
	at org.junit.platform.engine.support.hierarchical.SameThreadHierarchicalTestExecutorService.invokeAll(SameThreadHierarchicalTestExecutorService.java:41)
	at org.junit.platform.engine.support.hierarchical.NodeTestTask.lambda$executeRecursively$6(NodeTestTask.java:160)
	at org.junit.platform.engine.support.hierarchical.ThrowableCollector.execute(ThrowableCollector.java:73)
	at org.junit.platform.engine.support.hierarchical.NodeTestTask.lambda$executeRecursively$8(NodeTestTask.java:146)
	at org.junit.platform.engine.support.hierarchical.Node.around(Node.java:137)
	at org.junit.platform.engine.support.hierarchical.NodeTestTask.lambda$executeRecursively$9(NodeTestTask.java:144)
	at org.junit.platform.engine.support.hierarchical.ThrowableCollector.execute(ThrowableCollector.java:73)
	at org.junit.platform.engine.support.hierarchical.NodeTestTask.executeRecursively(NodeTestTask.java:143)
	at org.junit.platform.engine.support.hierarchical.NodeTestTask.execute(NodeTestTask.java:100)
	at org.junit.platform.engine.support.hierarchical.SameThreadHierarchicalTestExecutorService.submit(SameThreadHierarchicalTestExecutorService.java:35)
	at org.junit.platform.engine.support.hierarchical.HierarchicalTestExecutor.execute(HierarchicalTestExecutor.java:57)
	at org.junit.platform.engine.support.hierarchical.HierarchicalTestEngine.execute(HierarchicalTestEngine.java:54)
	at org.junit.platform.launcher.core.EngineExecutionOrchestrator.execute(EngineExecutionOrchestrator.java:201)
	at org.junit.platform.launcher.core.EngineExecutionOrchestrator.execute(EngineExecutionOrchestrator.java:170)
	at org.junit.platform.launcher.core.EngineExecutionOrchestrator.execute(EngineExecutionOrchestrator.java:94)
	at org.junit.platform.launcher.core.EngineExecutionOrchestrator.lambda$execute$0(EngineExecutionOrchestrator.java:59)
	at org.junit.platform.launcher.core.EngineExecutionOrchestrator.withInterceptedStreams(EngineExecutionOrchestrator.java:142)
	at org.junit.platform.launcher.core.EngineExecutionOrchestrator.execute(EngineExecutionOrchestrator.java:58)
	at org.junit.platform.launcher.core.DefaultLauncher.execute(DefaultLauncher.java:103)
	at org.junit.platform.launcher.core.DefaultLauncher.execute(DefaultLauncher.java:85)
	at org.junit.platform.launcher.core.DelegatingLauncher.execute(DelegatingLauncher.java:47)
	at org.junit.platform.launcher.core.InterceptingLauncher.lambda$execute$1(InterceptingLauncher.java:39)
	at org.junit.platform.launcher.core.ClasspathAlignmentCheckingLauncherInterceptor.intercept(ClasspathAlignmentCheckingLauncherInterceptor.java:25)
	at org.junit.platform.launcher.core.InterceptingLauncher.execute(InterceptingLauncher.java:38)
	at org.junit.platform.launcher.core.DelegatingLauncher.execute(DelegatingLauncher.java:47)
	at org.apache.maven.surefire.junitplatform.LazyLauncher.execute(LazyLauncher.java:56)
	at org.apache.maven.surefire.junitplatform.JUnitPlatformProvider.execute(JUnitPlatformProvider.java:194)
	at org.apache.maven.surefire.junitplatform.JUnitPlatformProvider.invokeAllTests(JUnitPlatformProvider.java:150)
	at org.apache.maven.surefire.junitplatform.JUnitPlatformProvider.invoke(JUnitPlatformProvider.java:124)
	at org.apache.maven.surefire.booter.ForkedBooter.runSuitesInProcess(ForkedBooter.java:385)
	at org.apache.maven.surefire.booter.ForkedBooter.execute(ForkedBooter.java:162)
	at org.apache.maven.surefire.booter.ForkedBooter.run(ForkedBooter.java:507)
	at org.apache.maven.surefire.booter.ForkedBooter.main(ForkedBooter.java:495)
[Service: vks-service TraceId:  SpanId: ] 2026-08-07 22:59:29.631 [main] WARN  o.s.test.context.TestContextManager Caught exception while allowing TestExecutionListener [org.springframework.boot.test.mock.mockito.MockitoTestExecutionListener] to prepare test instance [com.vks.interfaces.api.ProtectedApiControllerTest@75591913]
java.lang.IllegalStateException: ApplicationContext failure threshold (1) exceeded: skipping repeated attempt to load context for [WebMergedContextConfiguration@274ac029 testClass = com.vks.interfaces.api.ProtectedApiControllerTest, locations = [], classes = [com.vks.VksServiceMainApplication], contextInitializerClasses = [], activeProfiles = [], propertySourceDescriptors = [], propertySourceProperties = ["org.springframework.boot.test.autoconfigure.web.servlet.WebMvcTestContextBootstrapper=true"], contextCustomizers = [[ImportsContextCustomizer@42c5d861 key = [org.springframework.boot.autoconfigure.security.oauth2.client.servlet.OAuth2ClientWebSecurityAutoConfiguration, com.vks.security.SecurityConfig, org.springframework.boot.autoconfigure.task.TaskExecutionAutoConfiguration, org.springframework.boot.autoconfigure.cache.CacheAutoConfiguration, org.springframework.boot.autoconfigure.web.servlet.HttpEncodingAutoConfiguration, org.springframework.boot.autoconfigure.validation.ValidationAutoConfiguration, org.springframework.boot.autoconfigure.security.saml2.Saml2RelyingPartyAutoConfiguration, org.springframework.boot.autoconfigure.context.MessageSourceAutoConfiguration, org.springframework.boot.autoconfigure.hateoas.HypermediaAutoConfiguration, org.springframework.boot.autoconfigure.jackson.JacksonAutoConfiguration, org.springframework.boot.autoconfigure.data.web.SpringDataWebAutoConfiguration, org.springframework.boot.test.autoconfigure.web.reactive.WebTestClientAutoConfiguration, org.springframework.boot.autoconfigure.web.servlet.error.ErrorMvcAutoConfiguration, org.springframework.boot.test.autoconfigure.web.servlet.MockMvcAutoConfiguration, org.springframework.boot.autoconfigure.security.servlet.SecurityAutoConfiguration, org.springframework.boot.autoconfigure.security.servlet.SecurityFilterAutoConfiguration, org.springframework.boot.autoconfigure.http.HttpMessageConvertersAutoConfiguration, org.springframework.boot.autoconfigure.security.oauth2.client.OAuth2ClientAutoConfiguration, org.springframework.boot.test.autoconfigure.web.servlet.MockMvcSecurityConfiguration, org.springframework.boot.test.autoconfigure.web.servlet.MockMvcWebClientAutoConfiguration, org.springframework.boot.test.autoconfigure.web.servlet.MockMvcWebDriverAutoConfiguration, org.springframework.boot.autoconfigure.thymeleaf.ThymeleafAutoConfiguration, org.springframework.boot.autoconfigure.gson.GsonAutoConfiguration, org.springframework.boot.autoconfigure.jsonb.JsonbAutoConfiguration, org.springframework.boot.autoconfigure.freemarker.FreeMarkerAutoConfiguration, org.springframework.boot.autoconfigure.web.servlet.WebMvcAutoConfiguration, org.springframework.boot.autoconfigure.security.servlet.UserDetailsServiceAutoConfiguration, org.springframework.boot.autoconfigure.security.oauth2.resource.servlet.OAuth2ResourceServerAutoConfiguration, org.springframework.boot.autoconfigure.groovy.template.GroovyTemplateAutoConfiguration, org.springframework.boot.autoconfigure.mustache.MustacheAutoConfiguration]], org.springframework.boot.test.context.filter.ExcludeFilterContextCustomizer@1f7b8d59, org.springframework.boot.test.json.DuplicateJsonObjectContextCustomizerFactory$DuplicateJsonObjectContextCustomizer@6158113e, org.springframework.boot.test.mock.mockito.MockitoContextCustomizer@fd11cea0, org.springframework.boot.test.web.reactor.netty.DisableReactorResourceFactoryGlobalResourcesContextCustomizerFactory$DisableReactorResourceFactoryGlobalResourcesContextCustomizerCustomizer@2f98fe6f, org.springframework.boot.test.autoconfigure.OnFailureConditionReportContextCustomizerFactory$OnFailureConditionReportContextCustomizer@7833407, org.springframework.boot.test.autoconfigure.OverrideAutoConfigurationContextCustomizerFactory$DisableAutoConfigurationContextCustomizer@9ba167e, org.springframework.boot.test.autoconfigure.actuate.observability.ObservabilityContextCustomizerFactory$DisableObservabilityContextCustomizer@1f, org.springframework.boot.test.autoconfigure.filter.TypeExcludeFiltersContextCustomizer@d0d5ef47, org.springframework.boot.test.autoconfigure.properties.PropertyMappingContextCustomizer@df565e59, org.springframework.boot.test.autoconfigure.web.servlet.WebDriverContextCustomizer@5ca006ac, org.springframework.test.context.support.DynamicPropertiesContextCustomizer@0, org.springframework.boot.test.context.SpringBootTestAnnotation@ef1e9fee], resourceBasePath = "src/main/webapp", contextLoader = org.springframework.boot.test.context.SpringBootContextLoader, parent = null]
	at org.springframework.test.context.cache.DefaultCacheAwareContextLoaderDelegate.loadContext(DefaultCacheAwareContextLoaderDelegate.java:145)
	at org.springframework.test.context.support.DefaultTestContext.getApplicationContext(DefaultTestContext.java:130)
	at org.springframework.boot.test.mock.mockito.MockitoTestExecutionListener.postProcessFields(MockitoTestExecutionListener.java:128)
	at org.springframework.boot.test.mock.mockito.MockitoTestExecutionListener.injectFields(MockitoTestExecutionListener.java:112)
	at org.springframework.boot.test.mock.mockito.MockitoTestExecutionListener.prepareTestInstance(MockitoTestExecutionListener.java:69)
	at org.springframework.test.context.TestContextManager.prepareTestInstance(TestContextManager.java:260)
	at org.springframework.test.context.junit.jupiter.SpringExtension.postProcessTestInstance(SpringExtension.java:159)
	at org.junit.jupiter.engine.descriptor.ClassBasedTestDescriptor.lambda$invokeTestInstancePostProcessors$10(ClassBasedTestDescriptor.java:383)
	at org.junit.jupiter.engine.descriptor.ClassBasedTestDescriptor.executeAndMaskThrowable(ClassBasedTestDescriptor.java:388)
	at org.junit.jupiter.engine.descriptor.ClassBasedTestDescriptor.lambda$invokeTestInstancePostProcessors$11(ClassBasedTestDescriptor.java:382)
	at java.base/java.util.stream.ForEachOps$ForEachOp$OfRef.accept(ForEachOps.java:184)
	at java.base/java.util.stream.ReferencePipeline$3$1.accept(ReferencePipeline.java:197)
	at java.base/java.util.stream.ReferencePipeline$2$1.accept(ReferencePipeline.java:179)
	at java.base/java.util.stream.ReferencePipeline$3$1.accept(ReferencePipeline.java:197)
	at java.base/java.util.ArrayList$ArrayListSpliterator.forEachRemaining(ArrayList.java:1708)
	at java.base/java.util.stream.AbstractPipeline.copyInto(AbstractPipeline.java:509)
	at java.base/java.util.stream.AbstractPipeline.wrapAndCopyInto(AbstractPipeline.java:499)
	at java.base/java.util.stream.ForEachOps$ForEachOp.evaluateSequential(ForEachOps.java:151)
	at java.base/java.util.stream.ForEachOps$ForEachOp$OfRef.evaluateSequential(ForEachOps.java:174)
	at java.base/java.util.stream.AbstractPipeline.evaluate(AbstractPipeline.java:234)
	at java.base/java.util.stream.ReferencePipeline.forEach(ReferencePipeline.java:596)
	at org.junit.jupiter.engine.descriptor.ClassBasedTestDescriptor.invokeTestInstancePostProcessors(ClassBasedTestDescriptor.java:382)
	at org.junit.jupiter.engine.descriptor.ClassBasedTestDescriptor.lambda$instantiateAndPostProcessTestInstance$6(ClassBasedTestDescriptor.java:293)
	at org.junit.platform.engine.support.hierarchical.ThrowableCollector.execute(ThrowableCollector.java:73)
	at org.junit.jupiter.engine.descriptor.ClassBasedTestDescriptor.instantiateAndPostProcessTestInstance(ClassBasedTestDescriptor.java:292)
	at org.junit.jupiter.engine.descriptor.ClassBasedTestDescriptor.lambda$testInstancesProvider$4(ClassBasedTestDescriptor.java:281)
	at java.base/java.util.Optional.orElseGet(Optional.java:364)
	at org.junit.jupiter.engine.descriptor.ClassBasedTestDescriptor.lambda$testInstancesProvider$5(ClassBasedTestDescriptor.java:280)
	at org.junit.jupiter.engine.execution.TestInstancesProvider.getTestInstances(TestInstancesProvider.java:27)
	at org.junit.jupiter.engine.descriptor.TestMethodTestDescriptor.lambda$prepare$0(TestMethodTestDescriptor.java:112)
	at org.junit.platform.engine.support.hierarchical.ThrowableCollector.execute(ThrowableCollector.java:73)
	at org.junit.jupiter.engine.descriptor.TestMethodTestDescriptor.prepare(TestMethodTestDescriptor.java:111)
	at org.junit.jupiter.engine.descriptor.TestMethodTestDescriptor.prepare(TestMethodTestDescriptor.java:69)
	at org.junit.platform.engine.support.hierarchical.NodeTestTask.lambda$prepare$2(NodeTestTask.java:128)
	at org.junit.platform.engine.support.hierarchical.ThrowableCollector.execute(ThrowableCollector.java:73)
	at org.junit.platform.engine.support.hierarchical.NodeTestTask.prepare(NodeTestTask.java:128)
	at org.junit.platform.engine.support.hierarchical.NodeTestTask.execute(NodeTestTask.java:95)
	at java.base/java.util.ArrayList.forEach(ArrayList.java:1596)
	at org.junit.platform.engine.support.hierarchical.SameThreadHierarchicalTestExecutorService.invokeAll(SameThreadHierarchicalTestExecutorService.java:41)
	at org.junit.platform.engine.support.hierarchical.NodeTestTask.lambda$executeRecursively$6(NodeTestTask.java:160)
	at org.junit.platform.engine.support.hierarchical.ThrowableCollector.execute(ThrowableCollector.java:73)
	at org.junit.platform.engine.support.hierarchical.NodeTestTask.lambda$executeRecursively$8(NodeTestTask.java:146)
	at org.junit.platform.engine.support.hierarchical.Node.around(Node.java:137)
	at org.junit.platform.engine.support.hierarchical.NodeTestTask.lambda$executeRecursively$9(NodeTestTask.java:144)
	at org.junit.platform.engine.support.hierarchical.ThrowableCollector.execute(ThrowableCollector.java:73)
	at org.junit.platform.engine.support.hierarchical.NodeTestTask.executeRecursively(NodeTestTask.java:143)
	at org.junit.platform.engine.support.hierarchical.NodeTestTask.execute(NodeTestTask.java:100)
	at java.base/java.util.ArrayList.forEach(ArrayList.java:1596)
	at org.junit.platform.engine.support.hierarchical.SameThreadHierarchicalTestExecutorService.invokeAll(SameThreadHierarchicalTestExecutorService.java:41)
	at org.junit.platform.engine.support.hierarchical.NodeTestTask.lambda$executeRecursively$6(NodeTestTask.java:160)
	at org.junit.platform.engine.support.hierarchical.ThrowableCollector.execute(ThrowableCollector.java:73)
	at org.junit.platform.engine.support.hierarchical.NodeTestTask.lambda$executeRecursively$8(NodeTestTask.java:146)
	at org.junit.platform.engine.support.hierarchical.Node.around(Node.java:137)
	at org.junit.platform.engine.support.hierarchical.NodeTestTask.lambda$executeRecursively$9(NodeTestTask.java:144)
	at org.junit.platform.engine.support.hierarchical.ThrowableCollector.execute(ThrowableCollector.java:73)
	at org.junit.platform.engine.support.hierarchical.NodeTestTask.executeRecursively(NodeTestTask.java:143)
	at org.junit.platform.engine.support.hierarchical.NodeTestTask.execute(NodeTestTask.java:100)
	at org.junit.platform.engine.support.hierarchical.SameThreadHierarchicalTestExecutorService.submit(SameThreadHierarchicalTestExecutorService.java:35)
	at org.junit.platform.engine.support.hierarchical.HierarchicalTestExecutor.execute(HierarchicalTestExecutor.java:57)
	at org.junit.platform.engine.support.hierarchical.HierarchicalTestEngine.execute(HierarchicalTestEngine.java:54)
	at org.junit.platform.launcher.core.EngineExecutionOrchestrator.execute(EngineExecutionOrchestrator.java:201)
	at org.junit.platform.launcher.core.EngineExecutionOrchestrator.execute(EngineExecutionOrchestrator.java:170)
	at org.junit.platform.launcher.core.EngineExecutionOrchestrator.execute(EngineExecutionOrchestrator.java:94)
	at org.junit.platform.launcher.core.EngineExecutionOrchestrator.lambda$execute$0(EngineExecutionOrchestrator.java:59)
	at org.junit.platform.launcher.core.EngineExecutionOrchestrator.withInterceptedStreams(EngineExecutionOrchestrator.java:142)
	at org.junit.platform.launcher.core.EngineExecutionOrchestrator.execute(EngineExecutionOrchestrator.java:58)
	at org.junit.platform.launcher.core.DefaultLauncher.execute(DefaultLauncher.java:103)
	at org.junit.platform.launcher.core.DefaultLauncher.execute(DefaultLauncher.java:85)
	at org.junit.platform.launcher.core.DelegatingLauncher.execute(DelegatingLauncher.java:47)
	at org.junit.platform.launcher.core.InterceptingLauncher.lambda$execute$1(InterceptingLauncher.java:39)
	at org.junit.platform.launcher.core.ClasspathAlignmentCheckingLauncherInterceptor.intercept(ClasspathAlignmentCheckingLauncherInterceptor.java:25)
	at org.junit.platform.launcher.core.InterceptingLauncher.execute(InterceptingLauncher.java:38)
	at org.junit.platform.launcher.core.DelegatingLauncher.execute(DelegatingLauncher.java:47)
	at org.apache.maven.surefire.junitplatform.LazyLauncher.execute(LazyLauncher.java:56)
	at org.apache.maven.surefire.junitplatform.JUnitPlatformProvider.execute(JUnitPlatformProvider.java:194)
	at org.apache.maven.surefire.junitplatform.JUnitPlatformProvider.invokeAllTests(JUnitPlatformProvider.java:150)
	at org.apache.maven.surefire.junitplatform.JUnitPlatformProvider.invoke(JUnitPlatformProvider.java:124)
	at org.apache.maven.surefire.booter.ForkedBooter.runSuitesInProcess(ForkedBooter.java:385)
	at org.apache.maven.surefire.booter.ForkedBooter.execute(ForkedBooter.java:162)
	at org.apache.maven.surefire.booter.ForkedBooter.run(ForkedBooter.java:507)
	at org.apache.maven.surefire.booter.ForkedBooter.main(ForkedBooter.java:495)
[Service: vks-service TraceId:  SpanId: ] 2026-08-07 22:59:29.641 [main] INFO  c.v.i.slot.service.SlotServiceImpl Fetching slots for event id: a8f6cf41-777e-4179-a43e-f8c50748a874
[Service: vks-service TraceId:  SpanId: ] 2026-08-07 22:59:29.646 [main] INFO  c.v.i.slot.service.SlotServiceImpl Deleting slot id: 1ea1f547-a7ba-4a62-a9d5-475e0a6497e7 for event id: 90f1e5e4-7258-4aed-9d5d-9598b1fd130c
[Service: vks-service TraceId:  SpanId: ] 2026-08-07 22:59:29.650 [main] INFO  c.v.i.slot.service.SlotServiceImpl Updating slot id: 302a7e0e-01dd-4ab1-aa38-c174427aaf33 for event id: 168d437a-0dad-40fd-b1c5-adbf9d211669
[Service: vks-service TraceId:  SpanId: ] 2026-08-07 22:59:29.654 [main] INFO  c.v.i.slot.service.SlotServiceImpl Creating slot for event id: 4685a7ab-98ca-4aed-bc1e-1a4f17804c02
[Service: vks-service TraceId:  SpanId: ] 2026-08-07 22:59:29.852 [main] INFO  c.v.i.login.service.LoginServiceImpl Login attempt for username: 9876543210
[Service: vks-service TraceId:  SpanId: ] 2026-08-07 22:59:29.853 [main] WARN  c.v.i.login.service.LoginServiceImpl Login failed - user not found for username: 9876543210
[Service: vks-service TraceId:  SpanId: ] 2026-08-07 22:59:30.014 [main] INFO  c.v.i.login.service.LoginServiceImpl Login attempt for username: 9876543210
[Service: vks-service TraceId:  SpanId: ] 2026-08-07 22:59:30.127 [main] INFO  c.v.i.login.service.LoginServiceImpl Login successful for username: 9876543210, id: 1
[Service: vks-service TraceId:  SpanId: ] 2026-08-07 22:59:30.130 [main] WARN  c.v.i.login.service.LoginServiceImpl Refresh token failed - invalid or expired refresh token
[Service: vks-service TraceId:  SpanId: ] 2026-08-07 22:59:30.233 [main] INFO  c.v.i.login.service.LoginServiceImpl Login attempt for username: 9876543210
[Service: vks-service TraceId:  SpanId: ] 2026-08-07 22:59:30.321 [main] WARN  c.v.i.login.service.LoginServiceImpl Login failed - incorrect password for username: 9876543210
[Service: vks-service TraceId:  SpanId: ] 2026-08-07 22:59:30.324 [main] INFO  c.v.i.login.service.LoginServiceImpl Token refreshed for subject: 9876543210
[Service: vks-service TraceId:  SpanId: ] 2026-08-07 23:01:40.830 [main] WARN  o.s.b.t.j.DuplicateJsonObjectContextCustomizerFactory$DuplicateJsonObjectContextCustomizer 

Found multiple occurrences of org.json.JSONObject on the class path:

	jar:file:/Users/bittu.kumar/.m2/repository/org/json/json/20251224/json-20251224.jar!/org/json/JSONObject.class
	jar:file:/Users/bittu.kumar/.m2/repository/com/vaadin/external/google/android-json/0.0.20131108.vaadin1/android-json-0.0.20131108.vaadin1.jar!/org/json/JSONObject.class

You may wish to exclude one of them to ensure predictable runtime behavior

[Service: vks-service TraceId:  SpanId: ] 2026-08-07 23:01:40.854 [main] INFO  c.v.i.a.AuthControllerSecurityTest Starting AuthControllerSecurityTest using Java 21.0.12 with PID 80420 (started by bittu.kumar in /Users/bittu.kumar/Documents/GitHub/vks-service)
[Service: vks-service TraceId:  SpanId: ] 2026-08-07 23:01:40.854 [main] DEBUG c.v.i.a.AuthControllerSecurityTest Running with Spring Boot v3.5.5, Spring v6.2.10
[Service: vks-service TraceId:  SpanId: ] 2026-08-07 23:01:40.855 [main] INFO  c.v.i.a.AuthControllerSecurityTest No active profile set, falling back to 1 default profile: "default"
[Service: vks-service TraceId:  SpanId: ] 2026-08-07 23:01:40.870 [main] DEBUG o.s.w.c.s.GenericWebApplicationContext Refreshing org.springframework.web.context.support.GenericWebApplicationContext@47d8c666
[Service: vks-service TraceId:  SpanId: ] 2026-08-07 23:01:42.146 [main] DEBUG o.s.w.s.m.m.a.RequestMappingHandlerMapping 9 mappings in 'requestMappingHandlerMapping'
[Service: vks-service TraceId:  SpanId: ] 2026-08-07 23:01:42.341 [main] DEBUG o.s.w.s.h.SimpleUrlHandlerMapping Patterns [/webjars/**, /**] in 'resourceHandlerMapping'
[Service: vks-service TraceId:  SpanId: ] 2026-08-07 23:01:42.372 [main] WARN  o.s.b.a.s.s.UserDetailsServiceAutoConfiguration 

Using generated security password: f7cc4556-822e-46a5-9e7d-72a3de9b7e3c

This generated password is for development use only. Your security configuration must be updated before running your application in production.

[Service: vks-service TraceId:  SpanId: ] 2026-08-07 23:01:42.391 [main] INFO  o.s.s.c.a.a.c.InitializeUserDetailsBeanManagerConfigurer$InitializeUserDetailsManagerConfigurer Global AuthenticationManager configured with UserDetailsService bean with name inMemoryUserDetailsManager
[Service: vks-service TraceId:  SpanId: ] 2026-08-07 23:01:42.915 [main] DEBUG o.s.w.s.m.m.a.RequestMappingHandlerAdapter ControllerAdvice beans: 0 @ModelAttribute, 0 @InitBinder, 1 RequestBodyAdvice, 1 ResponseBodyAdvice
[Service: vks-service TraceId:  SpanId: ] 2026-08-07 23:01:42.995 [main] DEBUG o.s.w.s.m.m.a.ExceptionHandlerExceptionResolver ControllerAdvice beans: 0 @ExceptionHandler, 1 ResponseBodyAdvice
[Service: vks-service TraceId:  SpanId: ] 2026-08-07 23:01:43.079 [main] INFO  o.s.b.t.m.w.SpringBootMockServletContext Initializing Spring TestDispatcherServlet ''
[Service: vks-service TraceId:  SpanId: ] 2026-08-07 23:01:43.080 [main] INFO  o.s.t.w.s.TestDispatcherServlet Initializing Servlet ''
[Service: vks-service TraceId:  SpanId: ] 2026-08-07 23:01:43.081 [main] INFO  o.s.t.w.s.TestDispatcherServlet Completed initialization in 1 ms
[Service: vks-service TraceId:  SpanId: ] 2026-08-07 23:01:43.204 [main] INFO  c.v.i.a.AuthControllerSecurityTest Started AuthControllerSecurityTest in 3.034 seconds (process running for 6.343)
[Service: vks-service TraceId:  SpanId: ] 2026-08-07 23:01:43.264 [main] INFO  c.v.security.JwtAuthenticationFilter Incoming request: POST /api/v1/auth/reset-password
[Service: vks-service TraceId:  SpanId: ] 2026-08-07 23:01:43.265 [main] DEBUG c.v.security.JwtAuthenticationFilter Bearer token present: true
[Service: vks-service TraceId:  SpanId: ] 2026-08-07 23:01:43.265 [main] INFO  c.v.security.JwtAuthenticationFilter Authenticated user: 9876543210
[Service: vks-service TraceId:  SpanId: ] 2026-08-07 23:01:43.274 [main] DEBUG o.s.w.s.m.m.a.RequestMappingHandlerMapping Mapped to com.vks.interfaces.resetpassword.controller.ResetPasswordController#resetPassword(ResetPasswordRequest)
[Service: vks-service TraceId:  SpanId: ] 2026-08-07 23:01:43.332 [main] DEBUG o.s.w.s.m.m.a.RequestResponseBodyMethodProcessor Read "application/json;charset=UTF-8" to [ResetPasswordRequest(username=null, newPassword=NewPass@123, confirmPassword=NewPass@123)]
[Service: vks-service TraceId:  SpanId: ] 2026-08-07 23:01:43.432 [main] DEBUG o.s.w.s.m.m.a.HttpEntityMethodProcessor Using 'application/json', given [*/*] and supported [application/json, application/*+json, application/yaml]
[Service: vks-service TraceId:  SpanId: ] 2026-08-07 23:01:43.433 [main] DEBUG o.s.w.s.m.m.a.HttpEntityMethodProcessor Writing [ResetPasswordResponse(success=true, message=Password reset successful)]
[Service: vks-service TraceId:  SpanId: ] 2026-08-07 23:01:43.491 [main] INFO  c.v.security.JwtAuthenticationFilter Incoming request: POST /api/v1/auth/forgot-password
[Service: vks-service TraceId:  SpanId: ] 2026-08-07 23:01:43.491 [main] DEBUG c.v.security.JwtAuthenticationFilter Bearer token present: false
[Service: vks-service TraceId:  SpanId: ] 2026-08-07 23:01:43.491 [main] WARN  c.v.security.JwtAuthenticationFilter No valid JWT token found for request: /api/v1/auth/forgot-password
[Service: vks-service TraceId:  SpanId: ] 2026-08-07 23:01:43.492 [main] DEBUG o.s.w.s.m.m.a.RequestMappingHandlerMapping Mapped to com.vks.interfaces.forgotpassword.controller.ForgotPasswordController#forgotPassword(ForgotPasswordRequest)
[Service: vks-service TraceId:  SpanId: ] 2026-08-07 23:01:43.494 [main] DEBUG o.s.w.s.m.m.a.RequestResponseBodyMethodProcessor Read "application/json;charset=UTF-8" to [ForgotPasswordRequest(username=9876543210)]
[Service: vks-service TraceId:  SpanId: ] 2026-08-07 23:01:43.498 [main] DEBUG o.s.w.s.m.m.a.HttpEntityMethodProcessor Using 'application/json', given [*/*] and supported [application/json, application/*+json, application/yaml]
[Service: vks-service TraceId:  SpanId: ] 2026-08-07 23:01:43.498 [main] DEBUG o.s.w.s.m.m.a.HttpEntityMethodProcessor Writing [ForgotPasswordResponse(success=true, message=OTP sent to registered email address. Valid for 5 minut (truncated)...]
[Service: vks-service TraceId:  SpanId: ] 2026-08-07 23:01:43.509 [main] INFO  c.v.security.JwtAuthenticationFilter Incoming request: POST /api/v1/auth/signup
[Service: vks-service TraceId:  SpanId: ] 2026-08-07 23:01:43.510 [main] DEBUG c.v.security.JwtAuthenticationFilter Bearer token present: false
[Service: vks-service TraceId:  SpanId: ] 2026-08-07 23:01:43.510 [main] WARN  c.v.security.JwtAuthenticationFilter No valid JWT token found for request: /api/v1/auth/signup
[Service: vks-service TraceId:  SpanId: ] 2026-08-07 23:01:43.510 [main] DEBUG o.s.w.s.m.m.a.RequestMappingHandlerMapping Mapped to com.vks.interfaces.signup.controller.SignupController#signup(SignupRequest)
[Service: vks-service TraceId:  SpanId: ] 2026-08-07 23:01:43.516 [main] DEBUG o.s.w.s.m.m.a.RequestResponseBodyMethodProcessor Read "application/json;charset=UTF-8" to [SignupRequest(firstname=John, lastname=Doe, mobileno=9876543210, emailid=john@example.com, password= (truncated)...]
[Service: vks-service TraceId:  SpanId: ] 2026-08-07 23:01:43.537 [main] DEBUG o.s.w.s.m.m.a.HttpEntityMethodProcessor Using 'application/json', given [*/*] and supported [application/json, application/*+json, application/yaml]
[Service: vks-service TraceId:  SpanId: ] 2026-08-07 23:01:43.537 [main] DEBUG o.s.w.s.m.m.a.HttpEntityMethodProcessor Writing [SignupResponse(success=true, message=User registered successfully)]
[Service: vks-service TraceId:  SpanId: ] 2026-08-07 23:01:43.545 [main] INFO  c.v.security.JwtAuthenticationFilter Incoming request: POST /api/v1/auth/login
[Service: vks-service TraceId:  SpanId: ] 2026-08-07 23:01:43.545 [main] DEBUG c.v.security.JwtAuthenticationFilter Bearer token present: false
[Service: vks-service TraceId:  SpanId: ] 2026-08-07 23:01:43.545 [main] WARN  c.v.security.JwtAuthenticationFilter No valid JWT token found for request: /api/v1/auth/login
[Service: vks-service TraceId:  SpanId: ] 2026-08-07 23:01:43.545 [main] DEBUG o.s.w.s.m.m.a.RequestMappingHandlerMapping Mapped to com.vks.interfaces.login.controller.LoginController#login(LoginRequest)
[Service: vks-service TraceId:  SpanId: ] 2026-08-07 23:01:43.547 [main] DEBUG o.s.w.s.m.m.a.RequestResponseBodyMethodProcessor Read "application/json;charset=UTF-8" to [LoginRequest(username=9876543210, password=Pass@1234)]
[Service: vks-service TraceId:  SpanId: ] 2026-08-07 23:01:43.552 [main] DEBUG o.s.w.s.m.m.a.HttpEntityMethodProcessor Using 'application/json', given [*/*] and supported [application/json, application/*+json, application/yaml]
[Service: vks-service TraceId:  SpanId: ] 2026-08-07 23:01:43.554 [main] DEBUG o.s.w.s.m.m.a.HttpEntityMethodProcessor Writing [LoginResponse(success=true, message=Login successful, token=access, refreshToken=refresh)]
[Service: vks-service TraceId:  SpanId: ] 2026-08-07 23:01:43.562 [main] INFO  c.v.security.JwtAuthenticationFilter Incoming request: POST /api/v1/auth/reset-password
[Service: vks-service TraceId:  SpanId: ] 2026-08-07 23:01:43.563 [main] DEBUG c.v.security.JwtAuthenticationFilter Bearer token present: false
[Service: vks-service TraceId:  SpanId: ] 2026-08-07 23:01:43.563 [main] WARN  c.v.security.JwtAuthenticationFilter No valid JWT token found for request: /api/v1/auth/reset-password
[Service: vks-service TraceId:  SpanId: ] 2026-08-07 23:01:43.571 [main] INFO  c.v.security.JwtAuthenticationFilter Incoming request: POST /api/v1/auth/signup
[Service: vks-service TraceId:  SpanId: ] 2026-08-07 23:01:43.571 [main] DEBUG c.v.security.JwtAuthenticationFilter Bearer token present: false
[Service: vks-service TraceId:  SpanId: ] 2026-08-07 23:01:43.571 [main] WARN  c.v.security.JwtAuthenticationFilter No valid JWT token found for request: /api/v1/auth/signup
[Service: vks-service TraceId:  SpanId: ] 2026-08-07 23:01:43.572 [main] DEBUG o.s.w.s.m.m.a.RequestMappingHandlerMapping Mapped to com.vks.interfaces.signup.controller.SignupController#signup(SignupRequest)
[Service: vks-service TraceId:  SpanId: ] 2026-08-07 23:01:43.572 [main] DEBUG o.s.w.s.m.m.a.RequestResponseBodyMethodProcessor Read "application/json;charset=UTF-8" to [SignupRequest(firstname=, lastname=Doe, mobileno=9876543210, emailid=john@example.com, password=Pass (truncated)...]
[Service: vks-service TraceId:  SpanId: ] 2026-08-07 23:01:43.583 [main] WARN  o.s.w.s.m.s.DefaultHandlerExceptionResolver Resolved [org.springframework.web.bind.MethodArgumentNotValidException: Validation failed for argument [0] in public org.springframework.http.ResponseEntity<com.vks.interfaces.signup.model.SignupResponse> com.vks.interfaces.signup.controller.SignupController.signup(com.vks.interfaces.signup.model.SignupRequest): [Field error in object 'signupRequest' on field 'firstname': rejected value []; codes [NotBlank.signupRequest.firstname,NotBlank.firstname,NotBlank.java.lang.String,NotBlank]; arguments [org.springframework.context.support.DefaultMessageSourceResolvable: codes [signupRequest.firstname,firstname]; arguments []; default message [firstname]]; default message [First name is required]] ]
[Service: vks-service TraceId:  SpanId: ] 2026-08-07 23:01:44.072 [main] INFO  c.v.i.f.s.ForgotPasswordServiceImpl OTP verification attempt for username: 9876543210
[Service: vks-service TraceId:  SpanId: ] 2026-08-07 23:01:44.072 [main] WARN  c.v.i.f.s.ForgotPasswordServiceImpl OTP verification failed - OTP expired for username: 9876543210
[Service: vks-service TraceId:  SpanId: ] 2026-08-07 23:01:44.077 [main] INFO  c.v.i.f.s.ForgotPasswordServiceImpl Reset password with token for username: 9876543210
[Service: vks-service TraceId:  SpanId: ] 2026-08-07 23:01:44.078 [main] WARN  c.v.i.f.s.ForgotPasswordServiceImpl Reset password with token - user not found for username: 9876543210
[Service: vks-service TraceId:  SpanId: ] 2026-08-07 23:01:44.083 [main] INFO  c.v.i.f.s.ForgotPasswordServiceImpl Forgot password request for username: 9876543210
[Service: vks-service TraceId:  SpanId: ] 2026-08-07 23:01:44.086 [main] INFO  c.v.i.f.s.ForgotPasswordServiceImpl OTP sent to email for username: 9876543210
[Service: vks-service TraceId:  SpanId: ] 2026-08-07 23:01:44.090 [main] WARN  c.v.i.f.s.ForgotPasswordServiceImpl Reset password with token failed - invalid or expired token
[Service: vks-service TraceId:  SpanId: ] 2026-08-07 23:01:44.094 [main] INFO  c.v.i.f.s.ForgotPasswordServiceImpl OTP verification attempt for username: 9876543210
[Service: vks-service TraceId:  SpanId: ] 2026-08-07 23:01:44.096 [main] INFO  c.v.i.f.s.ForgotPasswordServiceImpl OTP verified successfully for username: 9876543210
[Service: vks-service TraceId:  SpanId: ] 2026-08-07 23:01:44.099 [main] INFO  c.v.i.f.s.ForgotPasswordServiceImpl Forgot password request for username: 9876543210
[Service: vks-service TraceId:  SpanId: ] 2026-08-07 23:01:44.099 [main] WARN  c.v.i.f.s.ForgotPasswordServiceImpl Forgot password - no email registered for username: 9876543210
[Service: vks-service TraceId:  SpanId: ] 2026-08-07 23:01:44.791 [main] INFO  c.v.i.f.s.ForgotPasswordServiceImpl Reset password with token for username: 9876543210
[Service: vks-service TraceId:  SpanId: ] 2026-08-07 23:01:44.879 [main] INFO  c.v.i.f.s.ForgotPasswordServiceImpl Password reset successful for username: 9876543210
[Service: vks-service TraceId:  SpanId: ] 2026-08-07 23:01:44.969 [main] INFO  c.v.i.f.s.ForgotPasswordServiceImpl OTP verification attempt for username: 9876543210
[Service: vks-service TraceId:  SpanId: ] 2026-08-07 23:01:44.969 [main] WARN  c.v.i.f.s.ForgotPasswordServiceImpl OTP verification failed - no OTP found for username: 9876543210
[Service: vks-service TraceId:  SpanId: ] 2026-08-07 23:01:44.972 [main] INFO  c.v.i.f.s.ForgotPasswordServiceImpl Forgot password request for username: 9876543210
[Service: vks-service TraceId:  SpanId: ] 2026-08-07 23:01:44.972 [main] WARN  c.v.i.f.s.ForgotPasswordServiceImpl Forgot password - user not found for username: 9876543210
[Service: vks-service TraceId:  SpanId: ] 2026-08-07 23:01:44.974 [main] INFO  c.v.i.f.s.ForgotPasswordServiceImpl OTP verification attempt for username: 9876543210
[Service: vks-service TraceId:  SpanId: ] 2026-08-07 23:01:44.974 [main] WARN  c.v.i.f.s.ForgotPasswordServiceImpl OTP verification failed - invalid OTP for username: 9876543210
[Service: vks-service TraceId:  SpanId: ] 2026-08-07 23:01:45.025 [main] INFO  c.v.i.s.service.SignupServiceImpl Signup attempt for mobileno: 9876543210
[Service: vks-service TraceId:  SpanId: ] 2026-08-07 23:01:45.026 [main] WARN  c.v.i.s.service.SignupServiceImpl Signup failed - mobile number already registered: 9876543210
[Service: vks-service TraceId:  SpanId: ] 2026-08-07 23:01:45.027 [main] INFO  c.v.i.s.service.SignupServiceImpl Signup attempt for mobileno: 9876543210
[Service: vks-service TraceId:  SpanId: ] 2026-08-07 23:01:45.117 [main] INFO  c.v.i.s.service.SignupServiceImpl Signup successful for mobileno: 9876543210, id: null
[Service: vks-service TraceId:  SpanId: ] 2026-08-07 23:01:45.207 [main] INFO  c.v.i.s.service.SignupServiceImpl Signup attempt for mobileno: 9876543210
[Service: vks-service TraceId:  SpanId: ] 2026-08-07 23:01:45.207 [main] WARN  c.v.i.s.service.SignupServiceImpl Signup failed - password mismatch for mobileno: 9876543210
[Service: vks-service TraceId:  SpanId: ] 2026-08-07 23:01:45.213 [main] INFO  c.v.i.e.service.EventServiceImpl Searching events with filters: EventSearchRequest(eventName=Tech, location=null, createdBy=null, startDateFrom=null, startDateTo=null, endDateFrom=null, endDateTo=null)
[Service: vks-service TraceId:  SpanId: ] 2026-08-07 23:01:45.222 [main] INFO  c.v.i.e.service.EventServiceImpl Creating event: Tech Summit by 9876543210
[Service: vks-service TraceId:  SpanId: ] 2026-08-07 23:01:45.223 [main] INFO  c.v.i.e.service.EventServiceImpl Fetching all events
[Service: vks-service TraceId:  SpanId: ] 2026-08-07 23:01:45.225 [main] INFO  c.v.i.e.service.EventServiceImpl Fetching event id: 2aaf487b-f556-4dd1-93ac-81f20674b4c2
[Service: vks-service TraceId:  SpanId: ] 2026-08-07 23:01:45.226 [main] INFO  c.v.i.e.service.EventServiceImpl Deleting event id: d7880e3a-881d-41bf-8244-bc1b3f71c8a1
[Service: vks-service TraceId:  SpanId: ] 2026-08-07 23:01:45.228 [main] INFO  c.v.i.e.service.EventServiceImpl Updating event id: 0502fdf6-1cc6-4ae1-a2a8-8b6dbbe893b1
[Service: vks-service TraceId:  SpanId: ] 2026-08-07 23:01:45.275 [main] INFO  c.v.i.r.s.ResetPasswordServiceImpl Reset password attempt for authenticated user: 9876543210
[Service: vks-service TraceId:  SpanId: ] 2026-08-07 23:01:45.275 [main] WARN  c.v.i.r.s.ResetPasswordServiceImpl Reset password failed - password mismatch for authenticated user: 9876543210
[Service: vks-service TraceId:  SpanId: ] 2026-08-07 23:01:45.277 [main] INFO  c.v.i.r.s.ResetPasswordServiceImpl Reset password attempt for authenticated user: 9876543210
[Service: vks-service TraceId:  SpanId: ] 2026-08-07 23:01:45.277 [main] WARN  c.v.i.r.s.ResetPasswordServiceImpl Reset password failed - user not found for authenticated user: 9876543210
[Service: vks-service TraceId:  SpanId: ] 2026-08-07 23:01:45.371 [main] INFO  c.v.i.r.s.ResetPasswordServiceImpl Reset password attempt for authenticated user: 9876543210
[Service: vks-service TraceId:  SpanId: ] 2026-08-07 23:01:45.459 [main] INFO  c.v.i.r.s.ResetPasswordServiceImpl Password reset successful for authenticated user: 9876543210
[Service: vks-service TraceId:  SpanId: ] 2026-08-07 23:01:45.551 [main] INFO  o.s.t.c.s.AnnotationConfigContextLoaderUtils Could not detect default configuration classes for test class [com.vks.interfaces.api.ProtectedApiControllerTest]: ProtectedApiControllerTest does not declare any static, non-private, non-final, nested classes annotated with @Configuration.
[Service: vks-service TraceId:  SpanId: ] 2026-08-07 23:01:45.576 [main] INFO  o.s.b.t.c.SpringBootTestContextBootstrapper Found @SpringBootConfiguration com.vks.VksServiceMainApplication for test class com.vks.interfaces.api.ProtectedApiControllerTest
[Service: vks-service TraceId:  SpanId: ] 2026-08-07 23:01:45.623 [main] WARN  o.s.b.t.j.DuplicateJsonObjectContextCustomizerFactory$DuplicateJsonObjectContextCustomizer 

Found multiple occurrences of org.json.JSONObject on the class path:

	jar:file:/Users/bittu.kumar/.m2/repository/org/json/json/20251224/json-20251224.jar!/org/json/JSONObject.class
	jar:file:/Users/bittu.kumar/.m2/repository/com/vaadin/external/google/android-json/0.0.20131108.vaadin1/android-json-0.0.20131108.vaadin1.jar!/org/json/JSONObject.class

You may wish to exclude one of them to ensure predictable runtime behavior

[Service: vks-service TraceId:  SpanId: ] 2026-08-07 23:01:45.626 [main] INFO  c.v.i.api.ProtectedApiControllerTest Starting ProtectedApiControllerTest using Java 21.0.12 with PID 80420 (started by bittu.kumar in /Users/bittu.kumar/Documents/GitHub/vks-service)
[Service: vks-service TraceId:  SpanId: ] 2026-08-07 23:01:45.626 [main] DEBUG c.v.i.api.ProtectedApiControllerTest Running with Spring Boot v3.5.5, Spring v6.2.10
[Service: vks-service TraceId:  SpanId: ] 2026-08-07 23:01:45.626 [main] INFO  c.v.i.api.ProtectedApiControllerTest No active profile set, falling back to 1 default profile: "default"
[Service: vks-service TraceId:  SpanId: ] 2026-08-07 23:01:45.627 [main] DEBUG o.s.w.c.s.GenericWebApplicationContext Refreshing org.springframework.web.context.support.GenericWebApplicationContext@273b3afc
[Service: vks-service TraceId:  SpanId: ] 2026-08-07 23:01:45.862 [main] DEBUG o.s.w.s.m.m.a.RequestMappingHandlerMapping 15 mappings in 'requestMappingHandlerMapping'
[Service: vks-service TraceId:  SpanId: ] 2026-08-07 23:01:45.890 [main] DEBUG o.s.w.s.h.SimpleUrlHandlerMapping Patterns [/webjars/**, /**] in 'resourceHandlerMapping'
[Service: vks-service TraceId:  SpanId: ] 2026-08-07 23:01:45.896 [main] WARN  o.s.b.a.s.s.UserDetailsServiceAutoConfiguration 

Using generated security password: ef94716d-a554-4d1d-97ff-4d01e802197f

This generated password is for development use only. Your security configuration must be updated before running your application in production.

[Service: vks-service TraceId:  SpanId: ] 2026-08-07 23:01:45.897 [main] INFO  o.s.s.c.a.a.c.InitializeUserDetailsBeanManagerConfigurer$InitializeUserDetailsManagerConfigurer Global AuthenticationManager configured with UserDetailsService bean with name inMemoryUserDetailsManager
[Service: vks-service TraceId:  SpanId: ] 2026-08-07 23:01:45.922 [main] DEBUG o.s.w.s.m.m.a.RequestMappingHandlerAdapter ControllerAdvice beans: 0 @ModelAttribute, 0 @InitBinder, 1 RequestBodyAdvice, 1 ResponseBodyAdvice
[Service: vks-service TraceId:  SpanId: ] 2026-08-07 23:01:45.926 [main] DEBUG o.s.w.s.m.m.a.ExceptionHandlerExceptionResolver ControllerAdvice beans: 0 @ExceptionHandler, 1 ResponseBodyAdvice
[Service: vks-service TraceId:  SpanId: ] 2026-08-07 23:01:45.932 [main] INFO  o.s.b.t.m.w.SpringBootMockServletContext Initializing Spring TestDispatcherServlet ''
[Service: vks-service TraceId:  SpanId: ] 2026-08-07 23:01:45.932 [main] INFO  o.s.t.w.s.TestDispatcherServlet Initializing Servlet ''
[Service: vks-service TraceId:  SpanId: ] 2026-08-07 23:01:45.933 [main] INFO  o.s.t.w.s.TestDispatcherServlet Completed initialization in 1 ms
[Service: vks-service TraceId:  SpanId: ] 2026-08-07 23:01:45.940 [main] INFO  c.v.i.api.ProtectedApiControllerTest Started ProtectedApiControllerTest in 0.361 seconds (process running for 9.079)
[Service: vks-service TraceId:  SpanId: ] 2026-08-07 23:01:45.945 [main] INFO  c.v.security.JwtAuthenticationFilter Incoming request: POST /api/v1/events/3f21326b-d430-475a-80a1-2cf2b0cf2dbb/slots
[Service: vks-service TraceId:  SpanId: ] 2026-08-07 23:01:45.946 [main] DEBUG c.v.security.JwtAuthenticationFilter Bearer token present: true
[Service: vks-service TraceId:  SpanId: ] 2026-08-07 23:01:45.946 [main] INFO  c.v.security.JwtAuthenticationFilter Authenticated user: 9876543210
[Service: vks-service TraceId:  SpanId: ] 2026-08-07 23:01:45.946 [main] DEBUG o.s.w.s.m.m.a.RequestMappingHandlerMapping Mapped to com.vks.interfaces.slot.controller.SlotController#createSlot(UUID, SlotRequest)
[Service: vks-service TraceId:  SpanId: ] 2026-08-07 23:01:45.955 [main] DEBUG o.s.w.s.m.m.a.RequestResponseBodyMethodProcessor Read "application/json;charset=UTF-8" to [SlotRequest(slotDate=2025-09-01, startTime=09:00, endTime=10:30, price=499.00)]
[Service: vks-service TraceId:  SpanId: ] 2026-08-07 23:01:45.966 [main] DEBUG o.s.w.s.m.m.a.HttpEntityMethodProcessor Using 'application/json', given [*/*] and supported [application/json, application/*+json, application/yaml]
[Service: vks-service TraceId:  SpanId: ] 2026-08-07 23:01:45.968 [main] DEBUG o.s.w.s.m.m.a.HttpEntityMethodProcessor Writing [SlotResponse(slotId=a8e31506-186d-4de3-8f6d-4f8d2cfbcbfa, eventId=3f21326b-d430-475a-80a1-2cf2b0cf2d (truncated)...]
[Service: vks-service TraceId:  SpanId: ] 2026-08-07 23:01:45.976 [main] INFO  c.v.security.JwtAuthenticationFilter Incoming request: GET /api/v1/events
[Service: vks-service TraceId:  SpanId: ] 2026-08-07 23:01:45.976 [main] DEBUG c.v.security.JwtAuthenticationFilter Bearer token present: false
[Service: vks-service TraceId:  SpanId: ] 2026-08-07 23:01:45.976 [main] WARN  c.v.security.JwtAuthenticationFilter No valid JWT token found for request: /api/v1/events
[Service: vks-service TraceId:  SpanId: ] 2026-08-07 23:01:45.981 [main] INFO  c.v.security.JwtAuthenticationFilter Incoming request: GET /api/v1/events
[Service: vks-service TraceId:  SpanId: ] 2026-08-07 23:01:45.981 [main] DEBUG c.v.security.JwtAuthenticationFilter Bearer token present: true
[Service: vks-service TraceId:  SpanId: ] 2026-08-07 23:01:45.981 [main] INFO  c.v.security.JwtAuthenticationFilter Authenticated user: 9876543210
[Service: vks-service TraceId:  SpanId: ] 2026-08-07 23:01:45.981 [main] DEBUG o.s.w.s.m.m.a.RequestMappingHandlerMapping Mapped to com.vks.interfaces.eventcatalog.controller.EventController#listEvents()
[Service: vks-service TraceId:  SpanId: ] 2026-08-07 23:01:45.989 [main] DEBUG o.s.w.s.m.m.a.HttpEntityMethodProcessor Using 'application/json', given [*/*] and supported [application/json, application/*+json, application/yaml]
[Service: vks-service TraceId:  SpanId: ] 2026-08-07 23:01:45.990 [main] DEBUG o.s.w.s.m.m.a.HttpEntityMethodProcessor Writing [[EventResponse(eventId=411fb8eb-c293-4cb9-ac91-a29d6f0ec941, eventName=Tech Summit, description=Conf (truncated)...]
[Service: vks-service TraceId:  SpanId: ] 2026-08-07 23:01:46.000 [main] INFO  c.v.security.JwtAuthenticationFilter Incoming request: PATCH /api/v1/bookings/739851d4-cb71-4e7f-8336-ac29fec4bfb1/cancel
[Service: vks-service TraceId:  SpanId: ] 2026-08-07 23:01:46.000 [main] DEBUG c.v.security.JwtAuthenticationFilter Bearer token present: true
[Service: vks-service TraceId:  SpanId: ] 2026-08-07 23:01:46.000 [main] INFO  c.v.security.JwtAuthenticationFilter Authenticated user: 9876543210
[Service: vks-service TraceId:  SpanId: ] 2026-08-07 23:01:46.001 [main] DEBUG o.s.w.s.m.m.a.RequestMappingHandlerMapping Mapped to com.vks.interfaces.bookings.controller.BookingController#cancelBooking(UUID)
[Service: vks-service TraceId:  SpanId: ] 2026-08-07 23:01:46.009 [main] DEBUG o.s.w.s.m.m.a.HttpEntityMethodProcessor Using 'application/json', given [*/*] and supported [application/json, application/*+json, application/yaml]
[Service: vks-service TraceId:  SpanId: ] 2026-08-07 23:01:46.011 [main] DEBUG o.s.w.s.m.m.a.HttpEntityMethodProcessor Writing [BookingResponse(bookingId=739851d4-cb71-4e7f-8336-ac29fec4bfb1, eventId=002a691f-bb5c-4f30-beea-e8c4 (truncated)...]
[Service: vks-service TraceId:  SpanId: ] 2026-08-07 23:01:46.017 [main] INFO  c.v.security.JwtAuthenticationFilter Incoming request: POST /api/v1/events
[Service: vks-service TraceId:  SpanId: ] 2026-08-07 23:01:46.017 [main] DEBUG c.v.security.JwtAuthenticationFilter Bearer token present: true
[Service: vks-service TraceId:  SpanId: ] 2026-08-07 23:01:46.017 [main] INFO  c.v.security.JwtAuthenticationFilter Authenticated user: 9876543210
[Service: vks-service TraceId:  SpanId: ] 2026-08-07 23:01:46.018 [main] DEBUG o.s.w.s.m.m.a.RequestMappingHandlerMapping Mapped to com.vks.interfaces.eventcatalog.controller.EventController#createEvent(EventRequest, Authentication)
[Service: vks-service TraceId:  SpanId: ] 2026-08-07 23:01:46.021 [main] DEBUG o.s.w.s.m.m.a.RequestResponseBodyMethodProcessor Read "application/json;charset=UTF-8" to [EventRequest(eventName=Tech Summit, description=Conference, location=Bangalore, startDate=null, endD (truncated)...]
[Service: vks-service TraceId:  SpanId: ] 2026-08-07 23:01:46.026 [main] DEBUG o.s.w.s.m.m.a.HttpEntityMethodProcessor Using 'application/json', given [*/*] and supported [application/json, application/*+json, application/yaml]
[Service: vks-service TraceId:  SpanId: ] 2026-08-07 23:01:46.027 [main] DEBUG o.s.w.s.m.m.a.HttpEntityMethodProcessor Writing [EventResponse(eventId=831ca532-4592-4ab9-bc4b-594cbc0024ec, eventName=Tech Summit, description=Confe (truncated)...]
[Service: vks-service TraceId:  SpanId: ] 2026-08-07 23:01:46.033 [main] INFO  c.v.security.JwtAuthenticationFilter Incoming request: DELETE /api/v1/events/45c3ca9d-c048-4496-a8d4-67bd902e533b/slots/467dd079-5289-4703-88fc-304004a00216
[Service: vks-service TraceId:  SpanId: ] 2026-08-07 23:01:46.034 [main] DEBUG c.v.security.JwtAuthenticationFilter Bearer token present: true
[Service: vks-service TraceId:  SpanId: ] 2026-08-07 23:01:46.034 [main] INFO  c.v.security.JwtAuthenticationFilter Authenticated user: 9876543210
[Service: vks-service TraceId:  SpanId: ] 2026-08-07 23:01:46.035 [main] DEBUG o.s.w.s.m.m.a.RequestMappingHandlerMapping Mapped to com.vks.interfaces.slot.controller.SlotController#deleteSlot(UUID, UUID)
[Service: vks-service TraceId:  SpanId: ] 2026-08-07 23:01:46.036 [main] DEBUG o.s.w.s.m.m.a.HttpEntityMethodProcessor Using 'application/json', given [*/*] and supported [application/json, application/*+json, application/yaml]
[Service: vks-service TraceId:  SpanId: ] 2026-08-07 23:01:46.036 [main] DEBUG o.s.w.s.m.m.a.HttpEntityMethodProcessor Nothing to write: null body
[Service: vks-service TraceId:  SpanId: ] 2026-08-07 23:01:46.042 [main] INFO  c.v.security.JwtAuthenticationFilter Incoming request: POST /api/v1/events/505cf4df-c269-40e0-8857-094e9e2827af/slots/18cc0ef3-ddcf-4d86-bfb3-dcf2cdb6a359/bookings
[Service: vks-service TraceId:  SpanId: ] 2026-08-07 23:01:46.042 [main] DEBUG c.v.security.JwtAuthenticationFilter Bearer token present: true
[Service: vks-service TraceId:  SpanId: ] 2026-08-07 23:01:46.043 [main] INFO  c.v.security.JwtAuthenticationFilter Authenticated user: 9876543210
[Service: vks-service TraceId:  SpanId: ] 2026-08-07 23:01:46.043 [main] DEBUG o.s.w.s.m.m.a.RequestMappingHandlerMapping Mapped to com.vks.interfaces.bookings.controller.BookingController#createBooking(UUID, UUID)
[Service: vks-service TraceId:  SpanId: ] 2026-08-07 23:01:46.044 [main] DEBUG o.s.w.s.m.m.a.HttpEntityMethodProcessor Using 'application/json', given [*/*] and supported [application/json, application/*+json, application/yaml]
[Service: vks-service TraceId:  SpanId: ] 2026-08-07 23:01:46.044 [main] DEBUG o.s.w.s.m.m.a.HttpEntityMethodProcessor Writing [BookingResponse(bookingId=4251ed27-cac7-479b-af09-7c04d09d9b05, eventId=505cf4df-c269-40e0-8857-094e (truncated)...]
[Service: vks-service TraceId:  SpanId: ] 2026-08-07 23:01:46.052 [main] INFO  c.v.i.slot.service.SlotServiceImpl Fetching slots for event id: f7a081f4-c8d2-4834-9002-601b30646653
[Service: vks-service TraceId:  SpanId: ] 2026-08-07 23:01:46.055 [main] INFO  c.v.i.slot.service.SlotServiceImpl Deleting slot id: 666e1987-5653-4f9f-8abe-22b1387768e2 for event id: 407b4d2e-8550-4736-be0c-0cfba69e9446
[Service: vks-service TraceId:  SpanId: ] 2026-08-07 23:01:46.057 [main] INFO  c.v.i.slot.service.SlotServiceImpl Updating slot id: 69d29b22-7b11-4df5-ad5d-c4ef5d2950b9 for event id: b63737bf-2673-4444-b432-32ae4f5c72f2
[Service: vks-service TraceId:  SpanId: ] 2026-08-07 23:01:46.059 [main] INFO  c.v.i.slot.service.SlotServiceImpl Creating slot for event id: 419b8336-3ebf-4a55-8063-5c760df113c6
[Service: vks-service TraceId:  SpanId: ] 2026-08-07 23:01:46.110 [main] INFO  c.v.i.login.service.LoginServiceImpl Login attempt for username: 9876543210
[Service: vks-service TraceId:  SpanId: ] 2026-08-07 23:01:46.111 [main] WARN  c.v.i.login.service.LoginServiceImpl Login failed - user not found for username: 9876543210
[Service: vks-service TraceId:  SpanId: ] 2026-08-07 23:01:46.206 [main] INFO  c.v.i.login.service.LoginServiceImpl Login attempt for username: 9876543210
[Service: vks-service TraceId:  SpanId: ] 2026-08-07 23:01:46.295 [main] INFO  c.v.i.login.service.LoginServiceImpl Login successful for username: 9876543210, id: 1
[Service: vks-service TraceId:  SpanId: ] 2026-08-07 23:01:46.296 [main] WARN  c.v.i.login.service.LoginServiceImpl Refresh token failed - invalid or expired refresh token
[Service: vks-service TraceId:  SpanId: ] 2026-08-07 23:01:46.397 [main] INFO  c.v.i.login.service.LoginServiceImpl Login attempt for username: 9876543210
[Service: vks-service TraceId:  SpanId: ] 2026-08-07 23:01:46.485 [main] WARN  c.v.i.login.service.LoginServiceImpl Login failed - incorrect password for username: 9876543210
[Service: vks-service TraceId:  SpanId: ] 2026-08-07 23:01:46.488 [main] INFO  c.v.i.login.service.LoginServiceImpl Token refreshed for subject: 9876543210
[Service: vks-service TraceId:  SpanId: ] 2026-08-07 23:01:46.508 [SpringApplicationShutdownHook] DEBUG o.s.w.c.s.GenericWebApplicationContext Closing org.springframework.web.context.support.GenericWebApplicationContext@47d8c666, started on Fri Aug 07 23:01:40 IST 2026
[Service: vks-service TraceId:  SpanId: ] 2026-08-07 23:01:46.511 [SpringApplicationShutdownHook] DEBUG o.s.w.c.s.GenericWebApplicationContext Closing org.springframework.web.context.support.GenericWebApplicationContext@273b3afc, started on Fri Aug 07 23:01:45 IST 2026
[Service: vks-service CorrelationId:  TraceId:  SpanId: ] 2026-10-03 15:50:08.903 [main] INFO  com.vks.VksServiceMainApplication Starting VksServiceMainApplication using Java 21.0.12 with PID 65712 (/Users/bittu.kumar/Documents/GitHub-Binnu/vks-service/target/classes started by bittu.kumar in /Users/bittu.kumar/Documents/GitHub-Binnu/vks-service)
[Service: vks-service CorrelationId:  TraceId:  SpanId: ] 2026-10-03 15:50:08.905 [main] DEBUG com.vks.VksServiceMainApplication Running with Spring Boot v3.5.5, Spring v6.2.10
[Service: vks-service CorrelationId:  TraceId:  SpanId: ] 2026-10-03 15:50:08.906 [main] INFO  com.vks.VksServiceMainApplication The following 1 profile is active: "local"
[Service: vks-service CorrelationId:  TraceId:  SpanId: ] 2026-10-03 15:50:10.394 [main] INFO  o.s.d.r.c.RepositoryConfigurationDelegate Bootstrapping Spring Data JPA repositories in DEFAULT mode.
[Service: vks-service CorrelationId:  TraceId:  SpanId: ] 2026-10-03 15:50:10.571 [main] INFO  o.s.d.r.c.RepositoryConfigurationDelegate Finished Spring Data repository scanning in 167 ms. Found 9 JPA repository interfaces.
[Service: vks-service CorrelationId:  TraceId:  SpanId: ] 2026-10-03 15:50:10.893 [main] INFO  o.s.cloud.context.scope.GenericScope BeanFactory id=526ec975-1656-353c-9d1a-2ede5478b833
[Service: vks-service CorrelationId:  TraceId:  SpanId: ] 2026-10-03 15:50:11.000 [main] INFO  c.u.j.c.EnableEncryptablePropertiesBeanFactoryPostProcessor Post-processing PropertySource instances
[Service: vks-service CorrelationId:  TraceId:  SpanId: ] 2026-10-03 15:50:11.001 [main] INFO  c.u.j.EncryptablePropertySourceConverter Skipping PropertySource configurationProperties [class org.springframework.boot.context.properties.source.ConfigurationPropertySourcesPropertySource
[Service: vks-service CorrelationId:  TraceId:  SpanId: ] 2026-10-03 15:50:11.003 [main] INFO  c.u.j.EncryptablePropertySourceConverter Skipping PropertySource servletConfigInitParams [class org.springframework.core.env.PropertySource$StubPropertySource
[Service: vks-service CorrelationId:  TraceId:  SpanId: ] 2026-10-03 15:50:11.003 [main] INFO  c.u.j.EncryptablePropertySourceConverter Skipping PropertySource servletContextInitParams [class org.springframework.core.env.PropertySource$StubPropertySource
[Service: vks-service CorrelationId:  TraceId:  SpanId: ] 2026-10-03 15:50:11.004 [main] INFO  c.u.j.EncryptablePropertySourceConverter Converting PropertySource systemProperties [org.springframework.core.env.PropertiesPropertySource] to EncryptableMapPropertySourceWrapper
[Service: vks-service CorrelationId:  TraceId:  SpanId: ] 2026-10-03 15:50:11.004 [main] INFO  c.u.j.EncryptablePropertySourceConverter Converting PropertySource systemEnvironment [org.springframework.boot.env.SystemEnvironmentPropertySourceEnvironmentPostProcessor$OriginAwareSystemEnvironmentPropertySource] to EncryptableSystemEnvironmentPropertySourceWrapper
[Service: vks-service CorrelationId:  TraceId:  SpanId: ] 2026-10-03 15:50:11.004 [main] INFO  c.u.j.EncryptablePropertySourceConverter Converting PropertySource random [org.springframework.boot.env.RandomValuePropertySource] to EncryptablePropertySourceWrapper
[Service: vks-service CorrelationId:  TraceId:  SpanId: ] 2026-10-03 15:50:11.004 [main] INFO  c.u.j.EncryptablePropertySourceConverter Converting PropertySource cachedrandom [org.springframework.cloud.util.random.CachedRandomPropertySource] to EncryptablePropertySourceWrapper
[Service: vks-service CorrelationId:  TraceId:  SpanId: ] 2026-10-03 15:50:11.004 [main] INFO  c.u.j.EncryptablePropertySourceConverter Converting PropertySource Config resource 'class path resource [application.yml]' via location 'optional:classpath:/' [org.springframework.boot.env.OriginTrackedMapPropertySource] to EncryptableMapPropertySourceWrapper
[Service: vks-service CorrelationId:  TraceId:  SpanId: ] 2026-10-03 15:50:11.005 [main] INFO  c.u.j.EncryptablePropertySourceConverter Converting PropertySource springCloudClientHostInfo [org.springframework.core.env.MapPropertySource] to EncryptableMapPropertySourceWrapper
[Service: vks-service CorrelationId:  TraceId:  SpanId: ] 2026-10-03 15:50:11.005 [main] INFO  c.u.j.EncryptablePropertySourceConverter Converting PropertySource logCorrelation [org.springframework.boot.actuate.autoconfigure.tracing.LogCorrelationEnvironmentPostProcessor$LogCorrelationPropertySource] to EncryptableEnumerablePropertySourceWrapper
[Service: vks-service CorrelationId:  TraceId:  SpanId: ] 2026-10-03 15:50:11.005 [main] INFO  c.u.j.EncryptablePropertySourceConverter Converting PropertySource applicationInfo [org.springframework.boot.ApplicationInfoPropertySource] to EncryptableMapPropertySourceWrapper
[Service: vks-service CorrelationId:  TraceId:  SpanId: ] 2026-10-03 15:50:11.337 [main] INFO  o.s.b.w.e.tomcat.TomcatWebServer Tomcat initialized with port 8099 (http)
[Service: vks-service CorrelationId:  TraceId:  SpanId: ] 2026-10-03 15:50:11.350 [main] INFO  o.a.catalina.core.StandardService Starting service [Tomcat]
[Service: vks-service CorrelationId:  TraceId:  SpanId: ] 2026-10-03 15:50:11.351 [main] INFO  o.a.catalina.core.StandardEngine Starting Servlet engine: [Apache Tomcat/10.1.44]
[Service: vks-service CorrelationId:  TraceId:  SpanId: ] 2026-10-03 15:50:11.448 [main] INFO  o.a.c.c.C.[.[.[/vks-service] Initializing Spring embedded WebApplicationContext
[Service: vks-service CorrelationId:  TraceId:  SpanId: ] 2026-10-03 15:50:11.448 [main] INFO  o.s.b.w.s.c.ServletWebServerApplicationContext Root WebApplicationContext: initialization completed in 2489 ms
[Service: vks-service CorrelationId:  TraceId:  SpanId: ] 2026-10-03 15:50:11.525 [main] INFO  c.u.j.f.DefaultLazyPropertyFilter Property Filter custom Bean not found with name 'encryptablePropertyFilter'. Initializing Default Property Filter
[Service: vks-service CorrelationId:  TraceId:  SpanId: ] 2026-10-03 15:50:11.533 [main] INFO  c.u.j.r.DefaultLazyPropertyResolver Property Resolver custom Bean not found with name 'encryptablePropertyResolver'. Initializing Default Property Resolver
[Service: vks-service CorrelationId:  TraceId:  SpanId: ] 2026-10-03 15:50:11.535 [main] INFO  c.u.j.d.DefaultLazyPropertyDetector Property Detector custom Bean not found with name 'encryptablePropertyDetector'. Initializing Default Property Detector
[Service: vks-service CorrelationId:  TraceId:  SpanId: ] 2026-10-03 15:50:11.774 [main] INFO  o.s.b.web.servlet.RegistrationBean Filter jwtFilterRegistration was not registered (disabled)
[Service: vks-service CorrelationId:  TraceId:  SpanId: ] 2026-10-03 15:50:11.803 [main] DEBUG c.v.c.filter.CorrelationIdFilter Filter 'correlationIdFilter' configured for use
[Service: vks-service CorrelationId:  TraceId:  SpanId: ] 2026-10-03 15:50:11.804 [main] DEBUG o.s.w.f.ServerHttpObservationFilter Filter 'webMvcObservationFilter' configured for use
[Service: vks-service CorrelationId:  TraceId:  SpanId: ] 2026-10-03 15:50:11.804 [main] DEBUG c.v.c.filter.LoginRateLimitFilter Filter 'loginRateLimitFilter' configured for use
[Service: vks-service CorrelationId:  TraceId:  SpanId: ] 2026-10-03 15:50:12.045 [main] INFO  com.zaxxer.hikari.HikariDataSource HikariPool-1 - Starting...
[Service: vks-service CorrelationId:  TraceId:  SpanId: ] 2026-10-03 15:50:12.219 [main] INFO  com.zaxxer.hikari.pool.HikariPool HikariPool-1 - Added connection org.postgresql.jdbc.PgConnection@310f8a05
[Service: vks-service CorrelationId:  TraceId:  SpanId: ] 2026-10-03 15:50:12.221 [main] INFO  com.zaxxer.hikari.HikariDataSource HikariPool-1 - Start completed.
[Service: vks-service CorrelationId:  TraceId:  SpanId: ] 2026-10-03 15:50:12.254 [main] INFO  org.flywaydb.core.FlywayExecutor Database: jdbc:postgresql://localhost:5432/booking_platform (PostgreSQL 16.15)
[Service: vks-service CorrelationId:  TraceId:  SpanId: ] 2026-10-03 15:50:12.314 [main] INFO  o.f.c.i.s.JdbcTableSchemaHistory Schema history table "public"."flyway_schema_history" does not exist yet
[Service: vks-service CorrelationId:  TraceId:  SpanId: ] 2026-10-03 15:50:12.318 [main] INFO  o.f.core.internal.command.DbValidate Successfully validated 2 migrations (execution time 00:00.033s)
[Service: vks-service CorrelationId:  TraceId:  SpanId: ] 2026-10-03 15:50:12.348 [main] INFO  o.f.c.i.s.JdbcTableSchemaHistory Creating Schema History table "public"."flyway_schema_history" ...
[Service: vks-service CorrelationId:  TraceId:  SpanId: ] 2026-10-03 15:50:12.428 [main] INFO  o.f.core.internal.command.DbMigrate Current version of schema "public": << Empty Schema >>
[Service: vks-service CorrelationId:  TraceId:  SpanId: ] 2026-10-03 15:50:12.445 [main] INFO  o.f.core.internal.command.DbMigrate Migrating schema "public" to version "1 - baseline"
[Service: vks-service CorrelationId:  TraceId:  SpanId: ] 2026-10-03 15:50:12.516 [main] INFO  o.f.core.internal.command.DbMigrate Migrating schema "public" to version "2 - payment and ticket tables"
[Service: vks-service CorrelationId:  TraceId:  SpanId: ] 2026-10-03 15:50:12.572 [main] INFO  o.f.core.internal.command.DbMigrate Successfully applied 2 migrations to schema "public", now at version v2 (execution time 00:00.045s)
[Service: vks-service CorrelationId:  TraceId:  SpanId: ] 2026-10-03 15:50:12.689 [main] INFO  o.h.jpa.internal.util.LogHelper HHH000204: Processing PersistenceUnitInfo [name: default]
[Service: vks-service CorrelationId:  TraceId:  SpanId: ] 2026-10-03 15:50:12.765 [main] INFO  org.hibernate.Version HHH000412: Hibernate ORM core version 6.6.26.Final
[Service: vks-service CorrelationId:  TraceId:  SpanId: ] 2026-10-03 15:50:12.803 [main] INFO  o.h.c.i.RegionFactoryInitiator HHH000026: Second-level cache disabled
[Service: vks-service CorrelationId:  TraceId:  SpanId: ] 2026-10-03 15:50:13.227 [main] INFO  o.s.o.j.p.SpringPersistenceUnitInfo No LoadTimeWeaver setup: ignoring JPA class transformer
[Service: vks-service CorrelationId:  TraceId:  SpanId: ] 2026-10-03 15:50:13.347 [main] INFO  o.hibernate.orm.connections.pooling HHH10001005: Database info:
	Database JDBC URL [Connecting through datasource 'HikariDataSource (HikariPool-1)']
	Database driver: undefined/unknown
	Database version: 16.15
	Autocommit mode: undefined/unknown
	Isolation level: undefined/unknown
	Minimum pool size: undefined/unknown
	Maximum pool size: undefined/unknown
[Service: vks-service CorrelationId:  TraceId:  SpanId: ] 2026-10-03 15:50:14.411 [main] INFO  o.h.e.t.j.p.i.JtaPlatformInitiator HHH000489: No JTA platform available (set 'hibernate.transaction.jta.platform' to enable JTA platform integration)
[Service: vks-service CorrelationId:  TraceId:  SpanId: ] 2026-10-03 15:50:14.481 [main] WARN  o.h.e.jdbc.spi.SqlExceptionHelper SQL Warning Code: 0, SQLState: 00000
[Service: vks-service CorrelationId:  TraceId:  SpanId: ] 2026-10-03 15:50:14.481 [main] WARN  o.h.e.jdbc.spi.SqlExceptionHelper constraint "uk_bookings_tenant_customer_idempotency" of relation "bookings" does not exist, skipping
[Service: vks-service CorrelationId:  TraceId:  SpanId: ] 2026-10-03 15:50:14.484 [main] WARN  o.h.e.jdbc.spi.SqlExceptionHelper SQL Warning Code: 0, SQLState: 00000
[Service: vks-service CorrelationId:  TraceId:  SpanId: ] 2026-10-03 15:50:14.485 [main] WARN  o.h.e.jdbc.spi.SqlExceptionHelper constraint "uk53vpr0nhrhwv60ucxiimn2oi0" of relation "signup" does not exist, skipping
[Service: vks-service CorrelationId:  TraceId:  SpanId: ] 2026-10-03 15:50:14.488 [main] WARN  o.h.e.jdbc.spi.SqlExceptionHelper SQL Warning Code: 0, SQLState: 00000
[Service: vks-service CorrelationId:  TraceId:  SpanId: ] 2026-10-03 15:50:14.488 [main] WARN  o.h.e.jdbc.spi.SqlExceptionHelper constraint "uk93mohii4ixbpt0vxk0taiol9x" of relation "signup" does not exist, skipping
[Service: vks-service CorrelationId:  TraceId:  SpanId: ] 2026-10-03 15:50:14.499 [main] INFO  o.s.o.j.LocalContainerEntityManagerFactoryBean Initialized JPA EntityManagerFactory for persistence unit 'default'
[Service: vks-service CorrelationId:  TraceId:  SpanId: ] 2026-10-03 15:50:14.506 [main] WARN  o.s.b.w.s.c.AnnotationConfigServletWebServerApplicationContext Exception encountered during context initialization - cancelling refresh attempt: org.springframework.beans.factory.UnsatisfiedDependencyException: Error creating bean with name 'emailService' defined in file [/Users/bittu.kumar/Documents/GitHub-Binnu/vks-service/target/classes/com/vks/common/EmailService.class]: Unsatisfied dependency expressed through constructor parameter 0: No qualifying bean of type 'org.springframework.mail.javamail.JavaMailSender' available: expected at least 1 bean which qualifies as autowire candidate. Dependency annotations: {}
[Service: vks-service CorrelationId:  TraceId:  SpanId: ] 2026-10-03 15:50:14.507 [main] INFO  o.s.o.j.LocalContainerEntityManagerFactoryBean Closing JPA EntityManagerFactory for persistence unit 'default'
[Service: vks-service CorrelationId:  TraceId:  SpanId: ] 2026-10-03 15:50:14.509 [main] INFO  com.zaxxer.hikari.HikariDataSource HikariPool-1 - Shutdown initiated...
[Service: vks-service CorrelationId:  TraceId:  SpanId: ] 2026-10-03 15:50:14.513 [main] INFO  com.zaxxer.hikari.HikariDataSource HikariPool-1 - Shutdown completed.
[Service: vks-service CorrelationId:  TraceId:  SpanId: ] 2026-10-03 15:50:14.515 [main] INFO  o.a.catalina.core.StandardService Stopping service [Tomcat]
[Service: vks-service CorrelationId:  TraceId:  SpanId: ] 2026-10-03 15:50:14.532 [main] INFO  o.s.b.a.l.ConditionEvaluationReportLogger 

Error starting ApplicationContext. To display the condition evaluation report re-run your application with 'debug' enabled.
[Service: vks-service CorrelationId:  TraceId:  SpanId: ] 2026-10-03 15:50:14.554 [main] ERROR o.s.b.d.LoggingFailureAnalysisReporter 

***************************
APPLICATION FAILED TO START
***************************

Description:

Parameter 0 of constructor in com.vks.common.EmailService required a bean of type 'org.springframework.mail.javamail.JavaMailSender' that could not be found.


Action:

Consider defining a bean of type 'org.springframework.mail.javamail.JavaMailSender' in your configuration.

[Service: vks-service CorrelationId:  TraceId:  SpanId: ] 2026-10-03 15:50:46.239 [main] INFO  com.vks.VksServiceMainApplication Starting VksServiceMainApplication using Java 21.0.12 with PID 65849 (/Users/bittu.kumar/Documents/GitHub-Binnu/vks-service/target/classes started by bittu.kumar in /Users/bittu.kumar/Documents/GitHub-Binnu/vks-service)
[Service: vks-service CorrelationId:  TraceId:  SpanId: ] 2026-10-03 15:50:46.241 [main] DEBUG com.vks.VksServiceMainApplication Running with Spring Boot v3.5.5, Spring v6.2.10
[Service: vks-service CorrelationId:  TraceId:  SpanId: ] 2026-10-03 15:50:46.241 [main] INFO  com.vks.VksServiceMainApplication The following 1 profile is active: "local"
[Service: vks-service CorrelationId:  TraceId:  SpanId: ] 2026-10-03 15:50:48.058 [main] INFO  o.s.d.r.c.RepositoryConfigurationDelegate Bootstrapping Spring Data JPA repositories in DEFAULT mode.
[Service: vks-service CorrelationId:  TraceId:  SpanId: ] 2026-10-03 15:50:48.268 [main] INFO  o.s.d.r.c.RepositoryConfigurationDelegate Finished Spring Data repository scanning in 199 ms. Found 9 JPA repository interfaces.
[Service: vks-service CorrelationId:  TraceId:  SpanId: ] 2026-10-03 15:50:48.510 [main] INFO  o.s.cloud.context.scope.GenericScope BeanFactory id=16cc4afc-366c-31c5-a899-74193a354cfd
[Service: vks-service CorrelationId:  TraceId:  SpanId: ] 2026-10-03 15:50:48.610 [main] INFO  c.u.j.c.EnableEncryptablePropertiesBeanFactoryPostProcessor Post-processing PropertySource instances
[Service: vks-service CorrelationId:  TraceId:  SpanId: ] 2026-10-03 15:50:48.610 [main] INFO  c.u.j.EncryptablePropertySourceConverter Skipping PropertySource configurationProperties [class org.springframework.boot.context.properties.source.ConfigurationPropertySourcesPropertySource
[Service: vks-service CorrelationId:  TraceId:  SpanId: ] 2026-10-03 15:50:48.611 [main] INFO  c.u.j.EncryptablePropertySourceConverter Skipping PropertySource servletConfigInitParams [class org.springframework.core.env.PropertySource$StubPropertySource
[Service: vks-service CorrelationId:  TraceId:  SpanId: ] 2026-10-03 15:50:48.612 [main] INFO  c.u.j.EncryptablePropertySourceConverter Skipping PropertySource servletContextInitParams [class org.springframework.core.env.PropertySource$StubPropertySource
[Service: vks-service CorrelationId:  TraceId:  SpanId: ] 2026-10-03 15:50:48.613 [main] INFO  c.u.j.EncryptablePropertySourceConverter Converting PropertySource systemProperties [org.springframework.core.env.PropertiesPropertySource] to EncryptableMapPropertySourceWrapper
[Service: vks-service CorrelationId:  TraceId:  SpanId: ] 2026-10-03 15:50:48.613 [main] INFO  c.u.j.EncryptablePropertySourceConverter Converting PropertySource systemEnvironment [org.springframework.boot.env.SystemEnvironmentPropertySourceEnvironmentPostProcessor$OriginAwareSystemEnvironmentPropertySource] to EncryptableSystemEnvironmentPropertySourceWrapper
[Service: vks-service CorrelationId:  TraceId:  SpanId: ] 2026-10-03 15:50:48.614 [main] INFO  c.u.j.EncryptablePropertySourceConverter Converting PropertySource random [org.springframework.boot.env.RandomValuePropertySource] to EncryptablePropertySourceWrapper
[Service: vks-service CorrelationId:  TraceId:  SpanId: ] 2026-10-03 15:50:48.614 [main] INFO  c.u.j.EncryptablePropertySourceConverter Converting PropertySource cachedrandom [org.springframework.cloud.util.random.CachedRandomPropertySource] to EncryptablePropertySourceWrapper
[Service: vks-service CorrelationId:  TraceId:  SpanId: ] 2026-10-03 15:50:48.614 [main] INFO  c.u.j.EncryptablePropertySourceConverter Converting PropertySource Config resource 'class path resource [application.yml]' via location 'optional:classpath:/' [org.springframework.boot.env.OriginTrackedMapPropertySource] to EncryptableMapPropertySourceWrapper
[Service: vks-service CorrelationId:  TraceId:  SpanId: ] 2026-10-03 15:50:48.614 [main] INFO  c.u.j.EncryptablePropertySourceConverter Converting PropertySource springCloudClientHostInfo [org.springframework.core.env.MapPropertySource] to EncryptableMapPropertySourceWrapper
[Service: vks-service CorrelationId:  TraceId:  SpanId: ] 2026-10-03 15:50:48.614 [main] INFO  c.u.j.EncryptablePropertySourceConverter Converting PropertySource logCorrelation [org.springframework.boot.actuate.autoconfigure.tracing.LogCorrelationEnvironmentPostProcessor$LogCorrelationPropertySource] to EncryptableEnumerablePropertySourceWrapper
[Service: vks-service CorrelationId:  TraceId:  SpanId: ] 2026-10-03 15:50:48.614 [main] INFO  c.u.j.EncryptablePropertySourceConverter Converting PropertySource applicationInfo [org.springframework.boot.ApplicationInfoPropertySource] to EncryptableMapPropertySourceWrapper
[Service: vks-service CorrelationId:  TraceId:  SpanId: ] 2026-10-03 15:50:49.038 [main] INFO  o.s.b.w.e.tomcat.TomcatWebServer Tomcat initialized with port 8099 (http)
[Service: vks-service CorrelationId:  TraceId:  SpanId: ] 2026-10-03 15:50:49.051 [main] INFO  o.a.catalina.core.StandardService Starting service [Tomcat]
[Service: vks-service CorrelationId:  TraceId:  SpanId: ] 2026-10-03 15:50:49.051 [main] INFO  o.a.catalina.core.StandardEngine Starting Servlet engine: [Apache Tomcat/10.1.44]
[Service: vks-service CorrelationId:  TraceId:  SpanId: ] 2026-10-03 15:50:49.119 [main] INFO  o.a.c.c.C.[.[.[/vks-service] Initializing Spring embedded WebApplicationContext
[Service: vks-service CorrelationId:  TraceId:  SpanId: ] 2026-10-03 15:50:49.120 [main] INFO  o.s.b.w.s.c.ServletWebServerApplicationContext Root WebApplicationContext: initialization completed in 2840 ms
[Service: vks-service CorrelationId:  TraceId:  SpanId: ] 2026-10-03 15:50:49.218 [main] INFO  c.u.j.f.DefaultLazyPropertyFilter Property Filter custom Bean not found with name 'encryptablePropertyFilter'. Initializing Default Property Filter
[Service: vks-service CorrelationId:  TraceId:  SpanId: ] 2026-10-03 15:50:49.228 [main] INFO  c.u.j.r.DefaultLazyPropertyResolver Property Resolver custom Bean not found with name 'encryptablePropertyResolver'. Initializing Default Property Resolver
[Service: vks-service CorrelationId:  TraceId:  SpanId: ] 2026-10-03 15:50:49.231 [main] INFO  c.u.j.d.DefaultLazyPropertyDetector Property Detector custom Bean not found with name 'encryptablePropertyDetector'. Initializing Default Property Detector
[Service: vks-service CorrelationId:  TraceId:  SpanId: ] 2026-10-03 15:50:49.464 [main] INFO  o.s.b.web.servlet.RegistrationBean Filter jwtFilterRegistration was not registered (disabled)
[Service: vks-service CorrelationId:  TraceId:  SpanId: ] 2026-10-03 15:50:49.483 [main] DEBUG c.v.c.filter.CorrelationIdFilter Filter 'correlationIdFilter' configured for use
[Service: vks-service CorrelationId:  TraceId:  SpanId: ] 2026-10-03 15:50:49.484 [main] DEBUG o.s.w.f.ServerHttpObservationFilter Filter 'webMvcObservationFilter' configured for use
[Service: vks-service CorrelationId:  TraceId:  SpanId: ] 2026-10-03 15:50:49.484 [main] DEBUG c.v.c.filter.LoginRateLimitFilter Filter 'loginRateLimitFilter' configured for use
[Service: vks-service CorrelationId:  TraceId:  SpanId: ] 2026-10-03 15:50:49.684 [main] INFO  com.zaxxer.hikari.HikariDataSource HikariPool-1 - Starting...
[Service: vks-service CorrelationId:  TraceId:  SpanId: ] 2026-10-03 15:50:50.060 [main] INFO  com.zaxxer.hikari.pool.HikariPool HikariPool-1 - Added connection org.postgresql.jdbc.PgConnection@266a47fd
[Service: vks-service CorrelationId:  TraceId:  SpanId: ] 2026-10-03 15:50:50.062 [main] INFO  com.zaxxer.hikari.HikariDataSource HikariPool-1 - Start completed.
[Service: vks-service CorrelationId:  TraceId:  SpanId: ] 2026-10-03 15:50:50.102 [main] INFO  org.flywaydb.core.FlywayExecutor Database: jdbc:postgresql://localhost:5432/booking_platform (PostgreSQL 16.15)
[Service: vks-service CorrelationId:  TraceId:  SpanId: ] 2026-10-03 15:50:50.179 [main] INFO  o.f.core.internal.command.DbValidate Successfully validated 2 migrations (execution time 00:00.038s)
[Service: vks-service CorrelationId:  TraceId:  SpanId: ] 2026-10-03 15:50:50.213 [main] INFO  o.f.core.internal.command.DbMigrate Current version of schema "public": 2
[Service: vks-service CorrelationId:  TraceId:  SpanId: ] 2026-10-03 15:50:50.218 [main] INFO  o.f.core.internal.command.DbMigrate Schema "public" is up to date. No migration necessary.
[Service: vks-service CorrelationId:  TraceId:  SpanId: ] 2026-10-03 15:50:50.330 [main] INFO  o.h.jpa.internal.util.LogHelper HHH000204: Processing PersistenceUnitInfo [name: default]
[Service: vks-service CorrelationId:  TraceId:  SpanId: ] 2026-10-03 15:50:50.431 [main] INFO  org.hibernate.Version HHH000412: Hibernate ORM core version 6.6.26.Final
[Service: vks-service CorrelationId:  TraceId:  SpanId: ] 2026-10-03 15:50:50.495 [main] INFO  o.h.c.i.RegionFactoryInitiator HHH000026: Second-level cache disabled
[Service: vks-service CorrelationId:  TraceId:  SpanId: ] 2026-10-03 15:50:50.824 [main] INFO  o.s.o.j.p.SpringPersistenceUnitInfo No LoadTimeWeaver setup: ignoring JPA class transformer
[Service: vks-service CorrelationId:  TraceId:  SpanId: ] 2026-10-03 15:50:50.924 [main] INFO  o.hibernate.orm.connections.pooling HHH10001005: Database info:
	Database JDBC URL [Connecting through datasource 'HikariDataSource (HikariPool-1)']
	Database driver: undefined/unknown
	Database version: 16.15
	Autocommit mode: undefined/unknown
	Isolation level: undefined/unknown
	Minimum pool size: undefined/unknown
	Maximum pool size: undefined/unknown
[Service: vks-service CorrelationId:  TraceId:  SpanId: ] 2026-10-03 15:50:52.188 [main] INFO  o.h.e.t.j.p.i.JtaPlatformInitiator HHH000489: No JTA platform available (set 'hibernate.transaction.jta.platform' to enable JTA platform integration)
[Service: vks-service CorrelationId:  TraceId:  SpanId: ] 2026-10-03 15:50:52.392 [main] INFO  o.s.o.j.LocalContainerEntityManagerFactoryBean Initialized JPA EntityManagerFactory for persistence unit 'default'
[Service: vks-service CorrelationId:  TraceId:  SpanId: ] 2026-10-03 15:50:52.751 [main] INFO  o.s.d.j.r.query.QueryEnhancerFactory Hibernate is in classpath; If applicable, HQL parser will be used.
[Service: vks-service CorrelationId:  TraceId:  SpanId: ] 2026-10-03 15:50:54.171 [main] WARN  o.s.b.a.o.j.JpaBaseConfiguration$JpaWebConfiguration spring.jpa.open-in-view is enabled by default. Therefore, database queries may be performed during view rendering. Explicitly configure spring.jpa.open-in-view to disable this warning
[Service: vks-service CorrelationId:  TraceId:  SpanId: ] 2026-10-03 15:50:54.260 [main] DEBUG o.s.w.s.m.m.a.RequestMappingHandlerMapping 38 mappings in 'requestMappingHandlerMapping'
[Service: vks-service CorrelationId:  TraceId:  SpanId: ] 2026-10-03 15:50:54.327 [main] DEBUG o.s.w.s.h.SimpleUrlHandlerMapping Patterns [/webjars/**, /**, /swagger-ui*/*swagger-initializer.js, /swagger-ui*/**] in 'resourceHandlerMapping'
[Service: vks-service CorrelationId:  TraceId:  SpanId: ] 2026-10-03 15:50:54.419 [main] INFO  o.s.b.a.e.web.EndpointLinksResolver Exposing 1 endpoint beneath base path '/actuator'
[Service: vks-service CorrelationId:  TraceId:  SpanId: ] 2026-10-03 15:50:54.448 [main] WARN  o.s.b.a.s.s.UserDetailsServiceAutoConfiguration 

Using generated security password: afedc59e-c162-4266-93b0-674888c814da

This generated password is for development use only. Your security configuration must be updated before running your application in production.

[Service: vks-service CorrelationId:  TraceId:  SpanId: ] 2026-10-03 15:50:54.454 [main] INFO  o.s.s.c.a.a.c.InitializeUserDetailsBeanManagerConfigurer$InitializeUserDetailsManagerConfigurer Global AuthenticationManager configured with UserDetailsService bean with name inMemoryUserDetailsManager
[Service: vks-service CorrelationId:  TraceId:  SpanId: ] 2026-10-03 15:50:54.575 [main] DEBUG o.s.w.s.m.m.a.RequestMappingHandlerAdapter ControllerAdvice beans: 0 @ModelAttribute, 0 @InitBinder, 1 RequestBodyAdvice, 1 ResponseBodyAdvice
[Service: vks-service CorrelationId:  TraceId:  SpanId: ] 2026-10-03 15:50:54.619 [main] DEBUG o.s.w.s.m.m.a.ExceptionHandlerExceptionResolver ControllerAdvice beans: 2 @ExceptionHandler, 1 ResponseBodyAdvice
[Service: vks-service CorrelationId:  TraceId:  SpanId: ] 2026-10-03 15:50:55.140 [main] INFO  o.s.b.w.e.tomcat.TomcatWebServer Tomcat started on port 8099 (http) with context path '/vks-service'
[Service: vks-service CorrelationId:  TraceId:  SpanId: ] 2026-10-03 15:50:55.144 [main] INFO  c.u.j.c.RefreshScopeRefreshedEventListener Refreshing cached encryptable property sources on ServletWebServerInitializedEvent
[Service: vks-service CorrelationId:  TraceId:  SpanId: ] 2026-10-03 15:50:55.144 [main] INFO  c.u.j.c.CachingDelegateEncryptablePropertySource Property Source systemProperties refreshed
[Service: vks-service CorrelationId:  TraceId:  SpanId: ] 2026-10-03 15:50:55.144 [main] INFO  c.u.j.c.CachingDelegateEncryptablePropertySource Property Source systemEnvironment refreshed
[Service: vks-service CorrelationId:  TraceId:  SpanId: ] 2026-10-03 15:50:55.144 [main] INFO  c.u.j.c.CachingDelegateEncryptablePropertySource Property Source random refreshed
[Service: vks-service CorrelationId:  TraceId:  SpanId: ] 2026-10-03 15:50:55.145 [main] INFO  c.u.j.c.CachingDelegateEncryptablePropertySource Property Source cachedrandom refreshed
[Service: vks-service CorrelationId:  TraceId:  SpanId: ] 2026-10-03 15:50:55.145 [main] INFO  c.u.j.c.CachingDelegateEncryptablePropertySource Property Source Config resource 'class path resource [application.yml]' via location 'optional:classpath:/' refreshed
[Service: vks-service CorrelationId:  TraceId:  SpanId: ] 2026-10-03 15:50:55.145 [main] INFO  c.u.j.c.CachingDelegateEncryptablePropertySource Property Source springCloudClientHostInfo refreshed
[Service: vks-service CorrelationId:  TraceId:  SpanId: ] 2026-10-03 15:50:55.145 [main] INFO  c.u.j.c.CachingDelegateEncryptablePropertySource Property Source logCorrelation refreshed
[Service: vks-service CorrelationId:  TraceId:  SpanId: ] 2026-10-03 15:50:55.145 [main] INFO  c.u.j.c.CachingDelegateEncryptablePropertySource Property Source applicationInfo refreshed
[Service: vks-service CorrelationId:  TraceId:  SpanId: ] 2026-10-03 15:50:55.146 [main] INFO  c.u.j.EncryptablePropertySourceConverter Skipping PropertySource configurationProperties [class org.springframework.boot.context.properties.source.ConfigurationPropertySourcesPropertySource
[Service: vks-service CorrelationId:  TraceId:  SpanId: ] 2026-10-03 15:50:55.146 [main] INFO  c.u.j.EncryptablePropertySourceConverter Skipping PropertySource servletConfigInitParams [class org.springframework.core.env.PropertySource$StubPropertySource
[Service: vks-service CorrelationId:  TraceId:  SpanId: ] 2026-10-03 15:50:55.146 [main] INFO  c.u.j.EncryptablePropertySourceConverter Converting PropertySource servletContextInitParams [org.springframework.web.context.support.ServletContextPropertySource] to EncryptableEnumerablePropertySourceWrapper
[Service: vks-service CorrelationId:  TraceId:  SpanId: ] 2026-10-03 15:50:55.146 [main] INFO  c.u.j.EncryptablePropertySourceConverter Converting PropertySource Management Server [org.springframework.boot.actuate.autoconfigure.web.server.ManagementContextAutoConfiguration$LocalManagementPortPropertySource] to EncryptableEnumerablePropertySourceWrapper
[Service: vks-service CorrelationId:  TraceId:  SpanId: ] 2026-10-03 15:50:55.182 [main] INFO  com.vks.VksServiceMainApplication Started VksServiceMainApplication in 9.674 seconds (process running for 10.432)
[Service: vks-service CorrelationId:  TraceId:  SpanId: ] 2026-10-03 15:57:55.710 [SpringApplicationShutdownHook] INFO  o.s.b.w.e.tomcat.GracefulShutdown Commencing graceful shutdown. Waiting for active requests to complete
[Service: vks-service CorrelationId:  TraceId:  SpanId: ] 2026-10-03 15:57:55.713 [tomcat-shutdown] INFO  o.s.b.w.e.tomcat.GracefulShutdown Graceful shutdown complete
[Service: vks-service CorrelationId:  TraceId:  SpanId: ] 2026-10-03 15:57:55.739 [SpringApplicationShutdownHook] INFO  o.s.o.j.LocalContainerEntityManagerFactoryBean Closing JPA EntityManagerFactory for persistence unit 'default'
[Service: vks-service CorrelationId:  TraceId:  SpanId: ] 2026-10-03 15:57:55.741 [SpringApplicationShutdownHook] INFO  com.zaxxer.hikari.HikariDataSource HikariPool-1 - Shutdown initiated...
[Service: vks-service CorrelationId:  TraceId:  SpanId: ] 2026-10-03 15:57:55.743 [SpringApplicationShutdownHook] INFO  com.zaxxer.hikari.HikariDataSource HikariPool-1 - Shutdown completed.
[Service: vks-service CorrelationId:  TraceId:  SpanId: ] 2026-10-03 15:58:28.183 [main] INFO  com.vks.VksServiceMainApplication Starting VksServiceMainApplication using Java 21.0.12 with PID 67481 (/Users/bittu.kumar/Documents/GitHub-Binnu/vks-service/target/classes started by bittu.kumar in /Users/bittu.kumar/Documents/GitHub-Binnu/vks-service)
[Service: vks-service CorrelationId:  TraceId:  SpanId: ] 2026-10-03 15:58:28.185 [main] DEBUG com.vks.VksServiceMainApplication Running with Spring Boot v3.5.5, Spring v6.2.10
[Service: vks-service CorrelationId:  TraceId:  SpanId: ] 2026-10-03 15:58:28.185 [main] INFO  com.vks.VksServiceMainApplication The following 1 profile is active: "local"
[Service: vks-service CorrelationId:  TraceId:  SpanId: ] 2026-10-03 15:58:29.192 [main] INFO  o.s.d.r.c.RepositoryConfigurationDelegate Bootstrapping Spring Data JPA repositories in DEFAULT mode.
[Service: vks-service CorrelationId:  TraceId:  SpanId: ] 2026-10-03 15:58:29.340 [main] INFO  o.s.d.r.c.RepositoryConfigurationDelegate Finished Spring Data repository scanning in 139 ms. Found 9 JPA repository interfaces.
[Service: vks-service CorrelationId:  TraceId:  SpanId: ] 2026-10-03 15:58:29.510 [main] INFO  o.s.cloud.context.scope.GenericScope BeanFactory id=16cc4afc-366c-31c5-a899-74193a354cfd
[Service: vks-service CorrelationId:  TraceId:  SpanId: ] 2026-10-03 15:58:29.576 [main] INFO  c.u.j.c.EnableEncryptablePropertiesBeanFactoryPostProcessor Post-processing PropertySource instances
[Service: vks-service CorrelationId:  TraceId:  SpanId: ] 2026-10-03 15:58:29.577 [main] INFO  c.u.j.EncryptablePropertySourceConverter Skipping PropertySource configurationProperties [class org.springframework.boot.context.properties.source.ConfigurationPropertySourcesPropertySource
[Service: vks-service CorrelationId:  TraceId:  SpanId: ] 2026-10-03 15:58:29.578 [main] INFO  c.u.j.EncryptablePropertySourceConverter Skipping PropertySource servletConfigInitParams [class org.springframework.core.env.PropertySource$StubPropertySource
[Service: vks-service CorrelationId:  TraceId:  SpanId: ] 2026-10-03 15:58:29.579 [main] INFO  c.u.j.EncryptablePropertySourceConverter Skipping PropertySource servletContextInitParams [class org.springframework.core.env.PropertySource$StubPropertySource
[Service: vks-service CorrelationId:  TraceId:  SpanId: ] 2026-10-03 15:58:29.579 [main] INFO  c.u.j.EncryptablePropertySourceConverter Converting PropertySource systemProperties [org.springframework.core.env.PropertiesPropertySource] to EncryptableMapPropertySourceWrapper
[Service: vks-service CorrelationId:  TraceId:  SpanId: ] 2026-10-03 15:58:29.579 [main] INFO  c.u.j.EncryptablePropertySourceConverter Converting PropertySource systemEnvironment [org.springframework.boot.env.SystemEnvironmentPropertySourceEnvironmentPostProcessor$OriginAwareSystemEnvironmentPropertySource] to EncryptableSystemEnvironmentPropertySourceWrapper
[Service: vks-service CorrelationId:  TraceId:  SpanId: ] 2026-10-03 15:58:29.580 [main] INFO  c.u.j.EncryptablePropertySourceConverter Converting PropertySource random [org.springframework.boot.env.RandomValuePropertySource] to EncryptablePropertySourceWrapper
[Service: vks-service CorrelationId:  TraceId:  SpanId: ] 2026-10-03 15:58:29.580 [main] INFO  c.u.j.EncryptablePropertySourceConverter Converting PropertySource cachedrandom [org.springframework.cloud.util.random.CachedRandomPropertySource] to EncryptablePropertySourceWrapper
[Service: vks-service CorrelationId:  TraceId:  SpanId: ] 2026-10-03 15:58:29.580 [main] INFO  c.u.j.EncryptablePropertySourceConverter Converting PropertySource Config resource 'class path resource [application.yml]' via location 'optional:classpath:/' [org.springframework.boot.env.OriginTrackedMapPropertySource] to EncryptableMapPropertySourceWrapper
[Service: vks-service CorrelationId:  TraceId:  SpanId: ] 2026-10-03 15:58:29.580 [main] INFO  c.u.j.EncryptablePropertySourceConverter Converting PropertySource springCloudClientHostInfo [org.springframework.core.env.MapPropertySource] to EncryptableMapPropertySourceWrapper
[Service: vks-service CorrelationId:  TraceId:  SpanId: ] 2026-10-03 15:58:29.580 [main] INFO  c.u.j.EncryptablePropertySourceConverter Converting PropertySource logCorrelation [org.springframework.boot.actuate.autoconfigure.tracing.LogCorrelationEnvironmentPostProcessor$LogCorrelationPropertySource] to EncryptableEnumerablePropertySourceWrapper
[Service: vks-service CorrelationId:  TraceId:  SpanId: ] 2026-10-03 15:58:29.580 [main] INFO  c.u.j.EncryptablePropertySourceConverter Converting PropertySource applicationInfo [org.springframework.boot.ApplicationInfoPropertySource] to EncryptableMapPropertySourceWrapper
[Service: vks-service CorrelationId:  TraceId:  SpanId: ] 2026-10-03 15:58:29.875 [main] INFO  o.s.b.w.e.tomcat.TomcatWebServer Tomcat initialized with port 8099 (http)
[Service: vks-service CorrelationId:  TraceId:  SpanId: ] 2026-10-03 15:58:29.889 [main] INFO  o.a.catalina.core.StandardService Starting service [Tomcat]
[Service: vks-service CorrelationId:  TraceId:  SpanId: ] 2026-10-03 15:58:29.890 [main] INFO  o.a.catalina.core.StandardEngine Starting Servlet engine: [Apache Tomcat/10.1.44]
[Service: vks-service CorrelationId:  TraceId:  SpanId: ] 2026-10-03 15:58:29.956 [main] INFO  o.a.c.c.C.[.[.[/vks-service] Initializing Spring embedded WebApplicationContext
[Service: vks-service CorrelationId:  TraceId:  SpanId: ] 2026-10-03 15:58:29.956 [main] INFO  o.s.b.w.s.c.ServletWebServerApplicationContext Root WebApplicationContext: initialization completed in 1726 ms
[Service: vks-service CorrelationId:  TraceId:  SpanId: ] 2026-10-03 15:58:30.025 [main] INFO  c.u.j.f.DefaultLazyPropertyFilter Property Filter custom Bean not found with name 'encryptablePropertyFilter'. Initializing Default Property Filter
[Service: vks-service CorrelationId:  TraceId:  SpanId: ] 2026-10-03 15:58:30.031 [main] INFO  c.u.j.r.DefaultLazyPropertyResolver Property Resolver custom Bean not found with name 'encryptablePropertyResolver'. Initializing Default Property Resolver
[Service: vks-service CorrelationId:  TraceId:  SpanId: ] 2026-10-03 15:58:30.033 [main] INFO  c.u.j.d.DefaultLazyPropertyDetector Property Detector custom Bean not found with name 'encryptablePropertyDetector'. Initializing Default Property Detector
[Service: vks-service CorrelationId:  TraceId:  SpanId: ] 2026-10-03 15:58:30.145 [main] INFO  o.s.b.web.servlet.RegistrationBean Filter jwtFilterRegistration was not registered (disabled)
[Service: vks-service CorrelationId:  TraceId:  SpanId: ] 2026-10-03 15:58:30.157 [main] DEBUG c.v.c.filter.CorrelationIdFilter Filter 'correlationIdFilter' configured for use
[Service: vks-service CorrelationId:  TraceId:  SpanId: ] 2026-10-03 15:58:30.158 [main] DEBUG o.s.w.f.ServerHttpObservationFilter Filter 'webMvcObservationFilter' configured for use
[Service: vks-service CorrelationId:  TraceId:  SpanId: ] 2026-10-03 15:58:30.158 [main] DEBUG c.v.c.filter.LoginRateLimitFilter Filter 'loginRateLimitFilter' configured for use
[Service: vks-service CorrelationId:  TraceId:  SpanId: ] 2026-10-03 15:58:30.290 [main] INFO  com.zaxxer.hikari.HikariDataSource HikariPool-1 - Starting...
[Service: vks-service CorrelationId:  TraceId:  SpanId: ] 2026-10-03 15:58:30.411 [main] INFO  com.zaxxer.hikari.pool.HikariPool HikariPool-1 - Added connection org.postgresql.jdbc.PgConnection@6e23ba17
[Service: vks-service CorrelationId:  TraceId:  SpanId: ] 2026-10-03 15:58:30.413 [main] INFO  com.zaxxer.hikari.HikariDataSource HikariPool-1 - Start completed.
[Service: vks-service CorrelationId:  TraceId:  SpanId: ] 2026-10-03 15:58:30.436 [main] INFO  org.flywaydb.core.FlywayExecutor Database: jdbc:postgresql://localhost:5432/booking_platform (PostgreSQL 16.15)
[Service: vks-service CorrelationId:  TraceId:  SpanId: ] 2026-10-03 15:58:30.482 [main] INFO  o.f.core.internal.command.DbValidate Successfully validated 2 migrations (execution time 00:00.025s)
[Service: vks-service CorrelationId:  TraceId:  SpanId: ] 2026-10-03 15:58:30.522 [main] INFO  o.f.core.internal.command.DbMigrate Current version of schema "public": 2
[Service: vks-service CorrelationId:  TraceId:  SpanId: ] 2026-10-03 15:58:30.525 [main] INFO  o.f.core.internal.command.DbMigrate Schema "public" is up to date. No migration necessary.
[Service: vks-service CorrelationId:  TraceId:  SpanId: ] 2026-10-03 15:58:30.601 [main] INFO  o.h.jpa.internal.util.LogHelper HHH000204: Processing PersistenceUnitInfo [name: default]
[Service: vks-service CorrelationId:  TraceId:  SpanId: ] 2026-10-03 15:58:30.645 [main] INFO  org.hibernate.Version HHH000412: Hibernate ORM core version 6.6.26.Final
[Service: vks-service CorrelationId:  TraceId:  SpanId: ] 2026-10-03 15:58:30.669 [main] INFO  o.h.c.i.RegionFactoryInitiator HHH000026: Second-level cache disabled
[Service: vks-service CorrelationId:  TraceId:  SpanId: ] 2026-10-03 15:58:30.881 [main] INFO  o.s.o.j.p.SpringPersistenceUnitInfo No LoadTimeWeaver setup: ignoring JPA class transformer
[Service: vks-service CorrelationId:  TraceId:  SpanId: ] 2026-10-03 15:58:30.953 [main] INFO  o.hibernate.orm.connections.pooling HHH10001005: Database info:
	Database JDBC URL [Connecting through datasource 'HikariDataSource (HikariPool-1)']
	Database driver: undefined/unknown
	Database version: 16.15
	Autocommit mode: undefined/unknown
	Isolation level: undefined/unknown
	Minimum pool size: undefined/unknown
	Maximum pool size: undefined/unknown
[Service: vks-service CorrelationId:  TraceId:  SpanId: ] 2026-10-03 15:58:31.742 [main] INFO  o.h.e.t.j.p.i.JtaPlatformInitiator HHH000489: No JTA platform available (set 'hibernate.transaction.jta.platform' to enable JTA platform integration)
[Service: vks-service CorrelationId:  TraceId:  SpanId: ] 2026-10-03 15:58:31.924 [main] INFO  o.s.o.j.LocalContainerEntityManagerFactoryBean Initialized JPA EntityManagerFactory for persistence unit 'default'
[Service: vks-service CorrelationId:  TraceId:  SpanId: ] 2026-10-03 15:58:32.170 [main] INFO  o.s.d.j.r.query.QueryEnhancerFactory Hibernate is in classpath; If applicable, HQL parser will be used.
[Service: vks-service CorrelationId:  TraceId:  SpanId: ] 2026-10-03 15:58:33.366 [main] WARN  o.s.b.a.o.j.JpaBaseConfiguration$JpaWebConfiguration spring.jpa.open-in-view is enabled by default. Therefore, database queries may be performed during view rendering. Explicitly configure spring.jpa.open-in-view to disable this warning
[Service: vks-service CorrelationId:  TraceId:  SpanId: ] 2026-10-03 15:58:33.452 [main] DEBUG o.s.w.s.m.m.a.RequestMappingHandlerMapping 38 mappings in 'requestMappingHandlerMapping'
[Service: vks-service CorrelationId:  TraceId:  SpanId: ] 2026-10-03 15:58:33.527 [main] DEBUG o.s.w.s.h.SimpleUrlHandlerMapping Patterns [/webjars/**, /**, /swagger-ui*/*swagger-initializer.js, /swagger-ui*/**] in 'resourceHandlerMapping'
[Service: vks-service CorrelationId:  TraceId:  SpanId: ] 2026-10-03 15:58:33.624 [main] INFO  o.s.b.a.e.web.EndpointLinksResolver Exposing 1 endpoint beneath base path '/actuator'
[Service: vks-service CorrelationId:  TraceId:  SpanId: ] 2026-10-03 15:58:33.652 [main] WARN  o.s.b.a.s.s.UserDetailsServiceAutoConfiguration 

Using generated security password: 89d8dd1d-0791-47ec-a643-2c9e1b4b4d86

This generated password is for development use only. Your security configuration must be updated before running your application in production.

[Service: vks-service CorrelationId:  TraceId:  SpanId: ] 2026-10-03 15:58:33.657 [main] INFO  o.s.s.c.a.a.c.InitializeUserDetailsBeanManagerConfigurer$InitializeUserDetailsManagerConfigurer Global AuthenticationManager configured with UserDetailsService bean with name inMemoryUserDetailsManager
[Service: vks-service CorrelationId:  TraceId:  SpanId: ] 2026-10-03 15:58:33.773 [main] DEBUG o.s.w.s.m.m.a.RequestMappingHandlerAdapter ControllerAdvice beans: 0 @ModelAttribute, 0 @InitBinder, 1 RequestBodyAdvice, 1 ResponseBodyAdvice
[Service: vks-service CorrelationId:  TraceId:  SpanId: ] 2026-10-03 15:58:33.812 [main] DEBUG o.s.w.s.m.m.a.ExceptionHandlerExceptionResolver ControllerAdvice beans: 2 @ExceptionHandler, 1 ResponseBodyAdvice
[Service: vks-service CorrelationId:  TraceId:  SpanId: ] 2026-10-03 15:58:34.107 [main] INFO  o.s.b.w.e.tomcat.TomcatWebServer Tomcat started on port 8099 (http) with context path '/vks-service'
[Service: vks-service CorrelationId:  TraceId:  SpanId: ] 2026-10-03 15:58:34.108 [main] INFO  c.u.j.c.RefreshScopeRefreshedEventListener Refreshing cached encryptable property sources on ServletWebServerInitializedEvent
[Service: vks-service CorrelationId:  TraceId:  SpanId: ] 2026-10-03 15:58:34.108 [main] INFO  c.u.j.c.CachingDelegateEncryptablePropertySource Property Source systemProperties refreshed
[Service: vks-service CorrelationId:  TraceId:  SpanId: ] 2026-10-03 15:58:34.109 [main] INFO  c.u.j.c.CachingDelegateEncryptablePropertySource Property Source systemEnvironment refreshed
[Service: vks-service CorrelationId:  TraceId:  SpanId: ] 2026-10-03 15:58:34.109 [main] INFO  c.u.j.c.CachingDelegateEncryptablePropertySource Property Source random refreshed
[Service: vks-service CorrelationId:  TraceId:  SpanId: ] 2026-10-03 15:58:34.109 [main] INFO  c.u.j.c.CachingDelegateEncryptablePropertySource Property Source cachedrandom refreshed
[Service: vks-service CorrelationId:  TraceId:  SpanId: ] 2026-10-03 15:58:34.109 [main] INFO  c.u.j.c.CachingDelegateEncryptablePropertySource Property Source Config resource 'class path resource [application.yml]' via location 'optional:classpath:/' refreshed
[Service: vks-service CorrelationId:  TraceId:  SpanId: ] 2026-10-03 15:58:34.109 [main] INFO  c.u.j.c.CachingDelegateEncryptablePropertySource Property Source springCloudClientHostInfo refreshed
[Service: vks-service CorrelationId:  TraceId:  SpanId: ] 2026-10-03 15:58:34.109 [main] INFO  c.u.j.c.CachingDelegateEncryptablePropertySource Property Source logCorrelation refreshed
[Service: vks-service CorrelationId:  TraceId:  SpanId: ] 2026-10-03 15:58:34.109 [main] INFO  c.u.j.c.CachingDelegateEncryptablePropertySource Property Source applicationInfo refreshed
[Service: vks-service CorrelationId:  TraceId:  SpanId: ] 2026-10-03 15:58:34.109 [main] INFO  c.u.j.EncryptablePropertySourceConverter Skipping PropertySource configurationProperties [class org.springframework.boot.context.properties.source.ConfigurationPropertySourcesPropertySource
[Service: vks-service CorrelationId:  TraceId:  SpanId: ] 2026-10-03 15:58:34.109 [main] INFO  c.u.j.EncryptablePropertySourceConverter Skipping PropertySource servletConfigInitParams [class org.springframework.core.env.PropertySource$StubPropertySource
[Service: vks-service CorrelationId:  TraceId:  SpanId: ] 2026-10-03 15:58:34.109 [main] INFO  c.u.j.EncryptablePropertySourceConverter Converting PropertySource servletContextInitParams [org.springframework.web.context.support.ServletContextPropertySource] to EncryptableEnumerablePropertySourceWrapper
[Service: vks-service CorrelationId:  TraceId:  SpanId: ] 2026-10-03 15:58:34.109 [main] INFO  c.u.j.EncryptablePropertySourceConverter Converting PropertySource Management Server [org.springframework.boot.actuate.autoconfigure.web.server.ManagementContextAutoConfiguration$LocalManagementPortPropertySource] to EncryptableEnumerablePropertySourceWrapper
[Service: vks-service CorrelationId:  TraceId:  SpanId: ] 2026-10-03 15:58:34.133 [main] INFO  com.vks.VksServiceMainApplication Started VksServiceMainApplication in 6.393 seconds (process running for 6.812)
[Service: vks-service CorrelationId:  TraceId:  SpanId: ] 2026-10-03 15:59:01.061 [http-nio-8099-exec-1] INFO  o.a.c.c.C.[.[.[/vks-service] Initializing Spring DispatcherServlet 'dispatcherServlet'
[Service: vks-service CorrelationId:  TraceId:  SpanId: ] 2026-10-03 15:59:01.062 [http-nio-8099-exec-1] INFO  o.s.web.servlet.DispatcherServlet Initializing Servlet 'dispatcherServlet'
[Service: vks-service CorrelationId:  TraceId:  SpanId: ] 2026-10-03 15:59:01.062 [http-nio-8099-exec-1] DEBUG o.s.web.servlet.DispatcherServlet Detected StandardServletMultipartResolver
[Service: vks-service CorrelationId:  TraceId:  SpanId: ] 2026-10-03 15:59:01.062 [http-nio-8099-exec-1] DEBUG o.s.web.servlet.DispatcherServlet Detected AcceptHeaderLocaleResolver
[Service: vks-service CorrelationId:  TraceId:  SpanId: ] 2026-10-03 15:59:01.062 [http-nio-8099-exec-1] DEBUG o.s.web.servlet.DispatcherServlet Detected FixedThemeResolver
[Service: vks-service CorrelationId:  TraceId:  SpanId: ] 2026-10-03 15:59:01.064 [http-nio-8099-exec-1] DEBUG o.s.web.servlet.DispatcherServlet Detected org.springframework.web.servlet.view.DefaultRequestToViewNameTranslator@1b1f7781
[Service: vks-service CorrelationId:  TraceId:  SpanId: ] 2026-10-03 15:59:01.064 [http-nio-8099-exec-1] DEBUG o.s.web.servlet.DispatcherServlet Detected org.springframework.web.servlet.support.SessionFlashMapManager@4fb52fa5
[Service: vks-service CorrelationId:  TraceId:  SpanId: ] 2026-10-03 15:59:01.064 [http-nio-8099-exec-1] DEBUG o.s.web.servlet.DispatcherServlet enableLoggingRequestDetails='false': request parameters and headers will be masked to prevent unsafe logging of potentially sensitive data
[Service: vks-service CorrelationId:  TraceId:  SpanId: ] 2026-10-03 15:59:01.064 [http-nio-8099-exec-1] INFO  o.s.web.servlet.DispatcherServlet Completed initialization in 2 ms
[Service: vks-service CorrelationId:  TraceId: 6ac0d8edecea1e9f760544bdae1df786 SpanId: 339656511264853a] 2026-10-03 15:59:01.089 [http-nio-8099-exec-1] INFO  c.v.security.JwtAuthenticationFilter Incoming request: POST /vks-service/api/v1/auth/tenant-admin/signup
[Service: vks-service CorrelationId:  TraceId: 6ac0d8edecea1e9f760544bdae1df786 SpanId: 339656511264853a] 2026-10-03 15:59:01.089 [http-nio-8099-exec-1] DEBUG c.v.security.JwtAuthenticationFilter Bearer token present: false
[Service: vks-service CorrelationId:  TraceId: 6ac0d8edecea1e9f760544bdae1df786 SpanId: 339656511264853a] 2026-10-03 15:59:01.089 [http-nio-8099-exec-1] DEBUG c.v.security.JwtAuthenticationFilter No valid access JWT token found for request: /vks-service/api/v1/auth/tenant-admin/signup
[Service: vks-service CorrelationId: c8e5c25f-7a39-46fd-bc09-f849e076116e TraceId: 6ac0d8edecea1e9f760544bdae1df786 SpanId: 97177cf6ce143754] 2026-10-03 15:59:01.098 [http-nio-8099-exec-1] DEBUG o.s.web.servlet.DispatcherServlet POST "/vks-service/api/v1/auth/tenant-admin/signup", parameters={}
[Service: vks-service CorrelationId: c8e5c25f-7a39-46fd-bc09-f849e076116e TraceId: 6ac0d8edecea1e9f760544bdae1df786 SpanId: 97177cf6ce143754] 2026-10-03 15:59:01.100 [http-nio-8099-exec-1] DEBUG o.s.w.s.m.m.a.RequestMappingHandlerMapping Mapped to com.vks.interfaces.signup.controller.SignupController#adminSignup(AdminSignupRequest)
[Service: vks-service CorrelationId: c8e5c25f-7a39-46fd-bc09-f849e076116e TraceId: 6ac0d8edecea1e9f760544bdae1df786 SpanId: 97177cf6ce143754] 2026-10-03 15:59:01.138 [http-nio-8099-exec-1] DEBUG o.s.w.s.m.m.a.RequestResponseBodyMethodProcessor Read "application/json;charset=UTF-8" to [AdminSignupRequest(onboardingSecret=admin-secret)]
[Service: vks-service CorrelationId: c8e5c25f-7a39-46fd-bc09-f849e076116e TraceId: 6ac0d8edecea1e9f760544bdae1df786 SpanId: 97177cf6ce143754] 2026-10-03 15:59:01.193 [http-nio-8099-exec-1] INFO  c.v.i.s.service.SignupServiceImpl Admin signup attempt for mobileno: 9000000001 and tenant: tenant-e2e
[Service: vks-service CorrelationId: c8e5c25f-7a39-46fd-bc09-f849e076116e TraceId: 6ac0d8edecea1e9f760544bdae1df786 SpanId: 97177cf6ce143754] 2026-10-03 15:59:01.193 [http-nio-8099-exec-1] WARN  c.v.i.s.service.SignupServiceImpl Admin signup failed - invalid onboarding secret for mobileno: 9000000001
[Service: vks-service CorrelationId: c8e5c25f-7a39-46fd-bc09-f849e076116e TraceId: 6ac0d8edecea1e9f760544bdae1df786 SpanId: 97177cf6ce143754] 2026-10-03 15:59:01.203 [http-nio-8099-exec-1] DEBUG o.s.w.s.m.m.a.HttpEntityMethodProcessor Using 'application/json', given [*/*] and supported [application/json, application/*+json, application/yaml]
[Service: vks-service CorrelationId: c8e5c25f-7a39-46fd-bc09-f849e076116e TraceId: 6ac0d8edecea1e9f760544bdae1df786 SpanId: 97177cf6ce143754] 2026-10-03 15:59:01.204 [http-nio-8099-exec-1] DEBUG o.s.w.s.m.m.a.HttpEntityMethodProcessor Writing [SignupResponse(success=false, message=Invalid admin onboarding secret)]
[Service: vks-service CorrelationId: c8e5c25f-7a39-46fd-bc09-f849e076116e TraceId: 6ac0d8edecea1e9f760544bdae1df786 SpanId: 97177cf6ce143754] 2026-10-03 15:59:01.212 [http-nio-8099-exec-1] DEBUG o.s.web.servlet.DispatcherServlet Completed 400 BAD_REQUEST
[Service: vks-service CorrelationId:  TraceId: 6ac0d8ed7410621d0bedff6e8ab82848 SpanId: ad9e7ff8b20d1066] 2026-10-03 15:59:01.244 [http-nio-8099-exec-2] INFO  c.v.security.JwtAuthenticationFilter Incoming request: POST /vks-service/api/v1/auth/signup
[Service: vks-service CorrelationId:  TraceId: 6ac0d8ed7410621d0bedff6e8ab82848 SpanId: ad9e7ff8b20d1066] 2026-10-03 15:59:01.244 [http-nio-8099-exec-2] DEBUG c.v.security.JwtAuthenticationFilter Bearer token present: false
[Service: vks-service CorrelationId:  TraceId: 6ac0d8ed7410621d0bedff6e8ab82848 SpanId: ad9e7ff8b20d1066] 2026-10-03 15:59:01.244 [http-nio-8099-exec-2] DEBUG c.v.security.JwtAuthenticationFilter No valid access JWT token found for request: /vks-service/api/v1/auth/signup
[Service: vks-service CorrelationId: 6aac9c96-f2cc-4ddc-8c7e-6d4bc8e063e4 TraceId: 6ac0d8ed7410621d0bedff6e8ab82848 SpanId: b6a15598892fa664] 2026-10-03 15:59:01.246 [http-nio-8099-exec-2] DEBUG o.s.web.servlet.DispatcherServlet POST "/vks-service/api/v1/auth/signup", parameters={}
[Service: vks-service CorrelationId: 6aac9c96-f2cc-4ddc-8c7e-6d4bc8e063e4 TraceId: 6ac0d8ed7410621d0bedff6e8ab82848 SpanId: b6a15598892fa664] 2026-10-03 15:59:01.246 [http-nio-8099-exec-2] DEBUG o.s.w.s.m.m.a.RequestMappingHandlerMapping Mapped to com.vks.interfaces.signup.controller.SignupController#signup(SignupRequest)
[Service: vks-service CorrelationId: 6aac9c96-f2cc-4ddc-8c7e-6d4bc8e063e4 TraceId: 6ac0d8ed7410621d0bedff6e8ab82848 SpanId: b6a15598892fa664] 2026-10-03 15:59:01.248 [http-nio-8099-exec-2] DEBUG o.s.w.s.m.m.a.RequestResponseBodyMethodProcessor Read "application/json;charset=UTF-8" to [SignupRequest(firstname=Customer, lastname=User, mobileno=9000000002, emailid=customer@example.com,  (truncated)...]
[Service: vks-service CorrelationId: 6aac9c96-f2cc-4ddc-8c7e-6d4bc8e063e4 TraceId: 6ac0d8ed7410621d0bedff6e8ab82848 SpanId: b6a15598892fa664] 2026-10-03 15:59:01.249 [http-nio-8099-exec-2] INFO  c.v.i.s.service.SignupServiceImpl Signup attempt for mobileno: 9000000002
[Service: vks-service CorrelationId: 6aac9c96-f2cc-4ddc-8c7e-6d4bc8e063e4 TraceId: 6ac0d8ed7410621d0bedff6e8ab82848 SpanId: b6a15598892fa664] 2026-10-03 15:59:02.026 [http-nio-8099-exec-2] INFO  c.v.i.s.service.SignupServiceImpl CUSTOMER signup successful for mobileno: 9000000002, id: 1
[Service: vks-service CorrelationId: 6aac9c96-f2cc-4ddc-8c7e-6d4bc8e063e4 TraceId: 6ac0d8ed7410621d0bedff6e8ab82848 SpanId: b6a15598892fa664] 2026-10-03 15:59:02.027 [http-nio-8099-exec-2] DEBUG o.s.w.s.m.m.a.HttpEntityMethodProcessor Using 'application/json', given [*/*] and supported [application/json, application/*+json, application/yaml]
[Service: vks-service CorrelationId: 6aac9c96-f2cc-4ddc-8c7e-6d4bc8e063e4 TraceId: 6ac0d8ed7410621d0bedff6e8ab82848 SpanId: b6a15598892fa664] 2026-10-03 15:59:02.027 [http-nio-8099-exec-2] DEBUG o.s.w.s.m.m.a.HttpEntityMethodProcessor Writing [SignupResponse(success=true, message=User registered successfully)]
[Service: vks-service CorrelationId: 6aac9c96-f2cc-4ddc-8c7e-6d4bc8e063e4 TraceId: 6ac0d8ed7410621d0bedff6e8ab82848 SpanId: b6a15598892fa664] 2026-10-03 15:59:02.028 [http-nio-8099-exec-2] DEBUG o.s.web.servlet.DispatcherServlet Completed 200 OK
[Service: vks-service CorrelationId:  TraceId:  SpanId: ] 2026-10-03 15:59:28.034 [SpringApplicationShutdownHook] INFO  o.s.b.w.e.tomcat.GracefulShutdown Commencing graceful shutdown. Waiting for active requests to complete
[Service: vks-service CorrelationId:  TraceId:  SpanId: ] 2026-10-03 15:59:28.036 [tomcat-shutdown] INFO  o.s.b.w.e.tomcat.GracefulShutdown Graceful shutdown complete
[Service: vks-service CorrelationId:  TraceId:  SpanId: ] 2026-10-03 15:59:28.061 [SpringApplicationShutdownHook] INFO  o.s.o.j.LocalContainerEntityManagerFactoryBean Closing JPA EntityManagerFactory for persistence unit 'default'
[Service: vks-service CorrelationId:  TraceId:  SpanId: ] 2026-10-03 15:59:28.062 [SpringApplicationShutdownHook] INFO  com.zaxxer.hikari.HikariDataSource HikariPool-1 - Shutdown initiated...
[Service: vks-service CorrelationId:  TraceId:  SpanId: ] 2026-10-03 15:59:28.064 [SpringApplicationShutdownHook] INFO  com.zaxxer.hikari.HikariDataSource HikariPool-1 - Shutdown completed.
[Service: vks-service CorrelationId:  TraceId:  SpanId: ] 2026-10-03 15:59:46.818 [main] INFO  com.vks.VksServiceMainApplication Starting VksServiceMainApplication using Java 21.0.12 with PID 67793 (/Users/bittu.kumar/Documents/GitHub-Binnu/vks-service/target/classes started by bittu.kumar in /Users/bittu.kumar/Documents/GitHub-Binnu/vks-service)
[Service: vks-service CorrelationId:  TraceId:  SpanId: ] 2026-10-03 15:59:46.819 [main] DEBUG com.vks.VksServiceMainApplication Running with Spring Boot v3.5.5, Spring v6.2.10
[Service: vks-service CorrelationId:  TraceId:  SpanId: ] 2026-10-03 15:59:46.820 [main] INFO  com.vks.VksServiceMainApplication The following 1 profile is active: "local"
[Service: vks-service CorrelationId:  TraceId:  SpanId: ] 2026-10-03 15:59:47.713 [main] INFO  o.s.d.r.c.RepositoryConfigurationDelegate Bootstrapping Spring Data JPA repositories in DEFAULT mode.
[Service: vks-service CorrelationId:  TraceId:  SpanId: ] 2026-10-03 15:59:47.881 [main] INFO  o.s.d.r.c.RepositoryConfigurationDelegate Finished Spring Data repository scanning in 160 ms. Found 9 JPA repository interfaces.
[Service: vks-service CorrelationId:  TraceId:  SpanId: ] 2026-10-03 15:59:48.072 [main] INFO  o.s.cloud.context.scope.GenericScope BeanFactory id=16cc4afc-366c-31c5-a899-74193a354cfd
[Service: vks-service CorrelationId:  TraceId:  SpanId: ] 2026-10-03 15:59:48.132 [main] INFO  c.u.j.c.EnableEncryptablePropertiesBeanFactoryPostProcessor Post-processing PropertySource instances
[Service: vks-service CorrelationId:  TraceId:  SpanId: ] 2026-10-03 15:59:48.132 [main] INFO  c.u.j.EncryptablePropertySourceConverter Skipping PropertySource configurationProperties [class org.springframework.boot.context.properties.source.ConfigurationPropertySourcesPropertySource
[Service: vks-service CorrelationId:  TraceId:  SpanId: ] 2026-10-03 15:59:48.133 [main] INFO  c.u.j.EncryptablePropertySourceConverter Skipping PropertySource servletConfigInitParams [class org.springframework.core.env.PropertySource$StubPropertySource
[Service: vks-service CorrelationId:  TraceId:  SpanId: ] 2026-10-03 15:59:48.133 [main] INFO  c.u.j.EncryptablePropertySourceConverter Skipping PropertySource servletContextInitParams [class org.springframework.core.env.PropertySource$StubPropertySource
[Service: vks-service CorrelationId:  TraceId:  SpanId: ] 2026-10-03 15:59:48.134 [main] INFO  c.u.j.EncryptablePropertySourceConverter Converting PropertySource systemProperties [org.springframework.core.env.PropertiesPropertySource] to EncryptableMapPropertySourceWrapper
[Service: vks-service CorrelationId:  TraceId:  SpanId: ] 2026-10-03 15:59:48.134 [main] INFO  c.u.j.EncryptablePropertySourceConverter Converting PropertySource systemEnvironment [org.springframework.boot.env.SystemEnvironmentPropertySourceEnvironmentPostProcessor$OriginAwareSystemEnvironmentPropertySource] to EncryptableSystemEnvironmentPropertySourceWrapper
[Service: vks-service CorrelationId:  TraceId:  SpanId: ] 2026-10-03 15:59:48.134 [main] INFO  c.u.j.EncryptablePropertySourceConverter Converting PropertySource random [org.springframework.boot.env.RandomValuePropertySource] to EncryptablePropertySourceWrapper
[Service: vks-service CorrelationId:  TraceId:  SpanId: ] 2026-10-03 15:59:48.134 [main] INFO  c.u.j.EncryptablePropertySourceConverter Converting PropertySource cachedrandom [org.springframework.cloud.util.random.CachedRandomPropertySource] to EncryptablePropertySourceWrapper
[Service: vks-service CorrelationId:  TraceId:  SpanId: ] 2026-10-03 15:59:48.134 [main] INFO  c.u.j.EncryptablePropertySourceConverter Converting PropertySource Config resource 'class path resource [application.yml]' via location 'optional:classpath:/' [org.springframework.boot.env.OriginTrackedMapPropertySource] to EncryptableMapPropertySourceWrapper
[Service: vks-service CorrelationId:  TraceId:  SpanId: ] 2026-10-03 15:59:48.134 [main] INFO  c.u.j.EncryptablePropertySourceConverter Converting PropertySource springCloudClientHostInfo [org.springframework.core.env.MapPropertySource] to EncryptableMapPropertySourceWrapper
[Service: vks-service CorrelationId:  TraceId:  SpanId: ] 2026-10-03 15:59:48.134 [main] INFO  c.u.j.EncryptablePropertySourceConverter Converting PropertySource logCorrelation [org.springframework.boot.actuate.autoconfigure.tracing.LogCorrelationEnvironmentPostProcessor$LogCorrelationPropertySource] to EncryptableEnumerablePropertySourceWrapper
[Service: vks-service CorrelationId:  TraceId:  SpanId: ] 2026-10-03 15:59:48.134 [main] INFO  c.u.j.EncryptablePropertySourceConverter Converting PropertySource applicationInfo [org.springframework.boot.ApplicationInfoPropertySource] to EncryptableMapPropertySourceWrapper
[Service: vks-service CorrelationId:  TraceId:  SpanId: ] 2026-10-03 15:59:48.372 [main] INFO  o.s.b.w.e.tomcat.TomcatWebServer Tomcat initialized with port 8099 (http)
[Service: vks-service CorrelationId:  TraceId:  SpanId: ] 2026-10-03 15:59:48.382 [main] INFO  o.a.catalina.core.StandardService Starting service [Tomcat]
[Service: vks-service CorrelationId:  TraceId:  SpanId: ] 2026-10-03 15:59:48.383 [main] INFO  o.a.catalina.core.StandardEngine Starting Servlet engine: [Apache Tomcat/10.1.44]
[Service: vks-service CorrelationId:  TraceId:  SpanId: ] 2026-10-03 15:59:48.429 [main] INFO  o.a.c.c.C.[.[.[/vks-service] Initializing Spring embedded WebApplicationContext
[Service: vks-service CorrelationId:  TraceId:  SpanId: ] 2026-10-03 15:59:48.429 [main] INFO  o.s.b.w.s.c.ServletWebServerApplicationContext Root WebApplicationContext: initialization completed in 1578 ms
[Service: vks-service CorrelationId:  TraceId:  SpanId: ] 2026-10-03 15:59:48.486 [main] INFO  c.u.j.f.DefaultLazyPropertyFilter Property Filter custom Bean not found with name 'encryptablePropertyFilter'. Initializing Default Property Filter
[Service: vks-service CorrelationId:  TraceId:  SpanId: ] 2026-10-03 15:59:48.491 [main] INFO  c.u.j.r.DefaultLazyPropertyResolver Property Resolver custom Bean not found with name 'encryptablePropertyResolver'. Initializing Default Property Resolver
[Service: vks-service CorrelationId:  TraceId:  SpanId: ] 2026-10-03 15:59:48.492 [main] INFO  c.u.j.d.DefaultLazyPropertyDetector Property Detector custom Bean not found with name 'encryptablePropertyDetector'. Initializing Default Property Detector
[Service: vks-service CorrelationId:  TraceId:  SpanId: ] 2026-10-03 15:59:48.617 [main] INFO  o.s.b.web.servlet.RegistrationBean Filter jwtFilterRegistration was not registered (disabled)
[Service: vks-service CorrelationId:  TraceId:  SpanId: ] 2026-10-03 15:59:48.632 [main] DEBUG c.v.c.filter.CorrelationIdFilter Filter 'correlationIdFilter' configured for use
[Service: vks-service CorrelationId:  TraceId:  SpanId: ] 2026-10-03 15:59:48.632 [main] DEBUG o.s.w.f.ServerHttpObservationFilter Filter 'webMvcObservationFilter' configured for use
[Service: vks-service CorrelationId:  TraceId:  SpanId: ] 2026-10-03 15:59:48.632 [main] DEBUG c.v.c.filter.LoginRateLimitFilter Filter 'loginRateLimitFilter' configured for use
[Service: vks-service CorrelationId:  TraceId:  SpanId: ] 2026-10-03 15:59:48.777 [main] INFO  com.zaxxer.hikari.HikariDataSource HikariPool-1 - Starting...
[Service: vks-service CorrelationId:  TraceId:  SpanId: ] 2026-10-03 15:59:48.904 [main] INFO  com.zaxxer.hikari.pool.HikariPool HikariPool-1 - Added connection org.postgresql.jdbc.PgConnection@a93c798
[Service: vks-service CorrelationId:  TraceId:  SpanId: ] 2026-10-03 15:59:48.905 [main] INFO  com.zaxxer.hikari.HikariDataSource HikariPool-1 - Start completed.
[Service: vks-service CorrelationId:  TraceId:  SpanId: ] 2026-10-03 15:59:48.926 [main] INFO  org.flywaydb.core.FlywayExecutor Database: jdbc:postgresql://localhost:5432/booking_platform (PostgreSQL 16.15)
[Service: vks-service CorrelationId:  TraceId:  SpanId: ] 2026-10-03 15:59:48.968 [main] INFO  o.f.core.internal.command.DbValidate Successfully validated 2 migrations (execution time 00:00.022s)
[Service: vks-service CorrelationId:  TraceId:  SpanId: ] 2026-10-03 15:59:49.005 [main] INFO  o.f.core.internal.command.DbMigrate Current version of schema "public": 2
[Service: vks-service CorrelationId:  TraceId:  SpanId: ] 2026-10-03 15:59:49.007 [main] INFO  o.f.core.internal.command.DbMigrate Schema "public" is up to date. No migration necessary.
[Service: vks-service CorrelationId:  TraceId:  SpanId: ] 2026-10-03 15:59:49.083 [main] INFO  o.h.jpa.internal.util.LogHelper HHH000204: Processing PersistenceUnitInfo [name: default]
[Service: vks-service CorrelationId:  TraceId:  SpanId: ] 2026-10-03 15:59:49.128 [main] INFO  org.hibernate.Version HHH000412: Hibernate ORM core version 6.6.26.Final
[Service: vks-service CorrelationId:  TraceId:  SpanId: ] 2026-10-03 15:59:49.153 [main] INFO  o.h.c.i.RegionFactoryInitiator HHH000026: Second-level cache disabled
[Service: vks-service CorrelationId:  TraceId:  SpanId: ] 2026-10-03 15:59:49.385 [main] INFO  o.s.o.j.p.SpringPersistenceUnitInfo No LoadTimeWeaver setup: ignoring JPA class transformer
[Service: vks-service CorrelationId:  TraceId:  SpanId: ] 2026-10-03 15:59:49.455 [main] INFO  o.hibernate.orm.connections.pooling HHH10001005: Database info:
	Database JDBC URL [Connecting through datasource 'HikariDataSource (HikariPool-1)']
	Database driver: undefined/unknown
	Database version: 16.15
	Autocommit mode: undefined/unknown
	Isolation level: undefined/unknown
	Minimum pool size: undefined/unknown
	Maximum pool size: undefined/unknown
[Service: vks-service CorrelationId:  TraceId:  SpanId: ] 2026-10-03 15:59:50.402 [main] INFO  o.h.e.t.j.p.i.JtaPlatformInitiator HHH000489: No JTA platform available (set 'hibernate.transaction.jta.platform' to enable JTA platform integration)
[Service: vks-service CorrelationId:  TraceId:  SpanId: ] 2026-10-03 15:59:50.573 [main] INFO  o.s.o.j.LocalContainerEntityManagerFactoryBean Initialized JPA EntityManagerFactory for persistence unit 'default'
[Service: vks-service CorrelationId:  TraceId:  SpanId: ] 2026-10-03 15:59:50.825 [main] INFO  o.s.d.j.r.query.QueryEnhancerFactory Hibernate is in classpath; If applicable, HQL parser will be used.
[Service: vks-service CorrelationId:  TraceId:  SpanId: ] 2026-10-03 15:59:51.990 [main] WARN  o.s.b.a.o.j.JpaBaseConfiguration$JpaWebConfiguration spring.jpa.open-in-view is enabled by default. Therefore, database queries may be performed during view rendering. Explicitly configure spring.jpa.open-in-view to disable this warning
[Service: vks-service CorrelationId:  TraceId:  SpanId: ] 2026-10-03 15:59:52.076 [main] DEBUG o.s.w.s.m.m.a.RequestMappingHandlerMapping 38 mappings in 'requestMappingHandlerMapping'
[Service: vks-service CorrelationId:  TraceId:  SpanId: ] 2026-10-03 15:59:52.178 [main] DEBUG o.s.w.s.h.SimpleUrlHandlerMapping Patterns [/webjars/**, /**, /swagger-ui*/*swagger-initializer.js, /swagger-ui*/**] in 'resourceHandlerMapping'
[Service: vks-service CorrelationId:  TraceId:  SpanId: ] 2026-10-03 15:59:52.305 [main] INFO  o.s.b.a.e.web.EndpointLinksResolver Exposing 1 endpoint beneath base path '/actuator'
[Service: vks-service CorrelationId:  TraceId:  SpanId: ] 2026-10-03 15:59:52.352 [main] WARN  o.s.b.a.s.s.UserDetailsServiceAutoConfiguration 

Using generated security password: 87bb0b46-2c3f-4550-88d7-84c72d9f5ac0

This generated password is for development use only. Your security configuration must be updated before running your application in production.

[Service: vks-service CorrelationId:  TraceId:  SpanId: ] 2026-10-03 15:59:52.363 [main] INFO  o.s.s.c.a.a.c.InitializeUserDetailsBeanManagerConfigurer$InitializeUserDetailsManagerConfigurer Global AuthenticationManager configured with UserDetailsService bean with name inMemoryUserDetailsManager
[Service: vks-service CorrelationId:  TraceId:  SpanId: ] 2026-10-03 15:59:52.567 [main] DEBUG o.s.w.s.m.m.a.RequestMappingHandlerAdapter ControllerAdvice beans: 0 @ModelAttribute, 0 @InitBinder, 1 RequestBodyAdvice, 1 ResponseBodyAdvice
[Service: vks-service CorrelationId:  TraceId:  SpanId: ] 2026-10-03 15:59:52.616 [main] DEBUG o.s.w.s.m.m.a.ExceptionHandlerExceptionResolver ControllerAdvice beans: 2 @ExceptionHandler, 1 ResponseBodyAdvice
[Service: vks-service CorrelationId:  TraceId:  SpanId: ] 2026-10-03 15:59:52.932 [main] INFO  o.s.b.w.e.tomcat.TomcatWebServer Tomcat started on port 8099 (http) with context path '/vks-service'
[Service: vks-service CorrelationId:  TraceId:  SpanId: ] 2026-10-03 15:59:52.934 [main] INFO  c.u.j.c.RefreshScopeRefreshedEventListener Refreshing cached encryptable property sources on ServletWebServerInitializedEvent
[Service: vks-service CorrelationId:  TraceId:  SpanId: ] 2026-10-03 15:59:52.934 [main] INFO  c.u.j.c.CachingDelegateEncryptablePropertySource Property Source systemProperties refreshed
[Service: vks-service CorrelationId:  TraceId:  SpanId: ] 2026-10-03 15:59:52.934 [main] INFO  c.u.j.c.CachingDelegateEncryptablePropertySource Property Source systemEnvironment refreshed
[Service: vks-service CorrelationId:  TraceId:  SpanId: ] 2026-10-03 15:59:52.934 [main] INFO  c.u.j.c.CachingDelegateEncryptablePropertySource Property Source random refreshed
[Service: vks-service CorrelationId:  TraceId:  SpanId: ] 2026-10-03 15:59:52.934 [main] INFO  c.u.j.c.CachingDelegateEncryptablePropertySource Property Source cachedrandom refreshed
[Service: vks-service CorrelationId:  TraceId:  SpanId: ] 2026-10-03 15:59:52.934 [main] INFO  c.u.j.c.CachingDelegateEncryptablePropertySource Property Source Config resource 'class path resource [application.yml]' via location 'optional:classpath:/' refreshed
[Service: vks-service CorrelationId:  TraceId:  SpanId: ] 2026-10-03 15:59:52.934 [main] INFO  c.u.j.c.CachingDelegateEncryptablePropertySource Property Source springCloudClientHostInfo refreshed
[Service: vks-service CorrelationId:  TraceId:  SpanId: ] 2026-10-03 15:59:52.934 [main] INFO  c.u.j.c.CachingDelegateEncryptablePropertySource Property Source logCorrelation refreshed
[Service: vks-service CorrelationId:  TraceId:  SpanId: ] 2026-10-03 15:59:52.934 [main] INFO  c.u.j.c.CachingDelegateEncryptablePropertySource Property Source applicationInfo refreshed
[Service: vks-service CorrelationId:  TraceId:  SpanId: ] 2026-10-03 15:59:52.934 [main] INFO  c.u.j.EncryptablePropertySourceConverter Skipping PropertySource configurationProperties [class org.springframework.boot.context.properties.source.ConfigurationPropertySourcesPropertySource
[Service: vks-service CorrelationId:  TraceId:  SpanId: ] 2026-10-03 15:59:52.934 [main] INFO  c.u.j.EncryptablePropertySourceConverter Skipping PropertySource servletConfigInitParams [class org.springframework.core.env.PropertySource$StubPropertySource
[Service: vks-service CorrelationId:  TraceId:  SpanId: ] 2026-10-03 15:59:52.934 [main] INFO  c.u.j.EncryptablePropertySourceConverter Converting PropertySource servletContextInitParams [org.springframework.web.context.support.ServletContextPropertySource] to EncryptableEnumerablePropertySourceWrapper
[Service: vks-service CorrelationId:  TraceId:  SpanId: ] 2026-10-03 15:59:52.935 [main] INFO  c.u.j.EncryptablePropertySourceConverter Converting PropertySource Management Server [org.springframework.boot.actuate.autoconfigure.web.server.ManagementContextAutoConfiguration$LocalManagementPortPropertySource] to EncryptableEnumerablePropertySourceWrapper
[Service: vks-service CorrelationId:  TraceId:  SpanId: ] 2026-10-03 15:59:52.957 [main] INFO  com.vks.VksServiceMainApplication Started VksServiceMainApplication in 6.5 seconds (process running for 6.889)
[Service: vks-service CorrelationId:  TraceId:  SpanId: ] 2026-10-03 16:00:17.768 [http-nio-8099-exec-1] INFO  o.a.c.c.C.[.[.[/vks-service] Initializing Spring DispatcherServlet 'dispatcherServlet'
[Service: vks-service CorrelationId:  TraceId:  SpanId: ] 2026-10-03 16:00:17.768 [http-nio-8099-exec-1] INFO  o.s.web.servlet.DispatcherServlet Initializing Servlet 'dispatcherServlet'
[Service: vks-service CorrelationId:  TraceId:  SpanId: ] 2026-10-03 16:00:17.768 [http-nio-8099-exec-1] DEBUG o.s.web.servlet.DispatcherServlet Detected StandardServletMultipartResolver
[Service: vks-service CorrelationId:  TraceId:  SpanId: ] 2026-10-03 16:00:17.768 [http-nio-8099-exec-1] DEBUG o.s.web.servlet.DispatcherServlet Detected AcceptHeaderLocaleResolver
[Service: vks-service CorrelationId:  TraceId:  SpanId: ] 2026-10-03 16:00:17.768 [http-nio-8099-exec-1] DEBUG o.s.web.servlet.DispatcherServlet Detected FixedThemeResolver
[Service: vks-service CorrelationId:  TraceId:  SpanId: ] 2026-10-03 16:00:17.770 [http-nio-8099-exec-1] DEBUG o.s.web.servlet.DispatcherServlet Detected org.springframework.web.servlet.view.DefaultRequestToViewNameTranslator@89ee343
[Service: vks-service CorrelationId:  TraceId:  SpanId: ] 2026-10-03 16:00:17.770 [http-nio-8099-exec-1] DEBUG o.s.web.servlet.DispatcherServlet Detected org.springframework.web.servlet.support.SessionFlashMapManager@61dc0ff0
[Service: vks-service CorrelationId:  TraceId:  SpanId: ] 2026-10-03 16:00:17.770 [http-nio-8099-exec-1] DEBUG o.s.web.servlet.DispatcherServlet enableLoggingRequestDetails='false': request parameters and headers will be masked to prevent unsafe logging of potentially sensitive data
[Service: vks-service CorrelationId:  TraceId:  SpanId: ] 2026-10-03 16:00:17.770 [http-nio-8099-exec-1] INFO  o.s.web.servlet.DispatcherServlet Completed initialization in 2 ms
[Service: vks-service CorrelationId:  TraceId: 6ac0d9395019e97d9a9947ef33e28c96 SpanId: d5fe400a0087d49c] 2026-10-03 16:00:17.793 [http-nio-8099-exec-1] INFO  c.v.security.JwtAuthenticationFilter Incoming request: POST /vks-service/api/v1/auth/tenant-admin/signup
[Service: vks-service CorrelationId:  TraceId: 6ac0d9395019e97d9a9947ef33e28c96 SpanId: d5fe400a0087d49c] 2026-10-03 16:00:17.793 [http-nio-8099-exec-1] DEBUG c.v.security.JwtAuthenticationFilter Bearer token present: false
[Service: vks-service CorrelationId:  TraceId: 6ac0d9395019e97d9a9947ef33e28c96 SpanId: d5fe400a0087d49c] 2026-10-03 16:00:17.793 [http-nio-8099-exec-1] DEBUG c.v.security.JwtAuthenticationFilter No valid access JWT token found for request: /vks-service/api/v1/auth/tenant-admin/signup
[Service: vks-service CorrelationId: 0f7064c4-1a13-47f6-afd2-bcdee6e395d2 TraceId: 6ac0d9395019e97d9a9947ef33e28c96 SpanId: d435861de8c573bc] 2026-10-03 16:00:17.799 [http-nio-8099-exec-1] DEBUG o.s.web.servlet.DispatcherServlet POST "/vks-service/api/v1/auth/tenant-admin/signup", parameters={}
[Service: vks-service CorrelationId: 0f7064c4-1a13-47f6-afd2-bcdee6e395d2 TraceId: 6ac0d9395019e97d9a9947ef33e28c96 SpanId: d435861de8c573bc] 2026-10-03 16:00:17.801 [http-nio-8099-exec-1] DEBUG o.s.w.s.m.m.a.RequestMappingHandlerMapping Mapped to com.vks.interfaces.signup.controller.SignupController#adminSignup(AdminSignupRequest)
[Service: vks-service CorrelationId: 0f7064c4-1a13-47f6-afd2-bcdee6e395d2 TraceId: 6ac0d9395019e97d9a9947ef33e28c96 SpanId: d435861de8c573bc] 2026-10-03 16:00:17.827 [http-nio-8099-exec-1] DEBUG o.s.w.s.m.m.a.RequestResponseBodyMethodProcessor Read "application/json;charset=UTF-8" to [AdminSignupRequest(onboardingSecret=admin-secret)]
[Service: vks-service CorrelationId: 0f7064c4-1a13-47f6-afd2-bcdee6e395d2 TraceId: 6ac0d9395019e97d9a9947ef33e28c96 SpanId: d435861de8c573bc] 2026-10-03 16:00:17.865 [http-nio-8099-exec-1] INFO  c.v.i.s.service.SignupServiceImpl Admin signup attempt for mobileno: 9000000001 and tenant: tenant-e2e
[Service: vks-service CorrelationId: 0f7064c4-1a13-47f6-afd2-bcdee6e395d2 TraceId: 6ac0d9395019e97d9a9947ef33e28c96 SpanId: d435861de8c573bc] 2026-10-03 16:00:18.287 [http-nio-8099-exec-1] INFO  c.v.i.s.service.SignupServiceImpl TENANT_ADMIN signup successful for mobileno: 9000000001, id: 2
[Service: vks-service CorrelationId: 0f7064c4-1a13-47f6-afd2-bcdee6e395d2 TraceId: 6ac0d9395019e97d9a9947ef33e28c96 SpanId: d435861de8c573bc] 2026-10-03 16:00:18.295 [http-nio-8099-exec-1] DEBUG o.s.w.s.m.m.a.HttpEntityMethodProcessor Using 'application/json', given [*/*] and supported [application/json, application/*+json, application/yaml]
[Service: vks-service CorrelationId: 0f7064c4-1a13-47f6-afd2-bcdee6e395d2 TraceId: 6ac0d9395019e97d9a9947ef33e28c96 SpanId: d435861de8c573bc] 2026-10-03 16:00:18.296 [http-nio-8099-exec-1] DEBUG o.s.w.s.m.m.a.HttpEntityMethodProcessor Writing [SignupResponse(success=true, message=Tenant admin registered successfully)]
[Service: vks-service CorrelationId: 0f7064c4-1a13-47f6-afd2-bcdee6e395d2 TraceId: 6ac0d9395019e97d9a9947ef33e28c96 SpanId: d435861de8c573bc] 2026-10-03 16:00:18.302 [http-nio-8099-exec-1] DEBUG o.s.web.servlet.DispatcherServlet Completed 200 OK
[Service: vks-service CorrelationId:  TraceId: 6ac0d93aa46ed54c5a72abb0cc7fd002 SpanId: 86e80e17c1efcc5d] 2026-10-03 16:00:18.326 [http-nio-8099-exec-2] INFO  c.v.security.JwtAuthenticationFilter Incoming request: POST /vks-service/api/v1/auth/login
[Service: vks-service CorrelationId:  TraceId: 6ac0d93aa46ed54c5a72abb0cc7fd002 SpanId: 86e80e17c1efcc5d] 2026-10-03 16:00:18.326 [http-nio-8099-exec-2] DEBUG c.v.security.JwtAuthenticationFilter Bearer token present: false
[Service: vks-service CorrelationId:  TraceId: 6ac0d93aa46ed54c5a72abb0cc7fd002 SpanId: 86e80e17c1efcc5d] 2026-10-03 16:00:18.326 [http-nio-8099-exec-2] DEBUG c.v.security.JwtAuthenticationFilter No valid access JWT token found for request: /vks-service/api/v1/auth/login
[Service: vks-service CorrelationId: 728a4be5-6ec9-4dcf-bd03-c7b082768423 TraceId: 6ac0d93aa46ed54c5a72abb0cc7fd002 SpanId: f764e1def62bd2c2] 2026-10-03 16:00:18.327 [http-nio-8099-exec-2] DEBUG o.s.web.servlet.DispatcherServlet POST "/vks-service/api/v1/auth/login", parameters={}
[Service: vks-service CorrelationId: 728a4be5-6ec9-4dcf-bd03-c7b082768423 TraceId: 6ac0d93aa46ed54c5a72abb0cc7fd002 SpanId: f764e1def62bd2c2] 2026-10-03 16:00:18.327 [http-nio-8099-exec-2] DEBUG o.s.w.s.m.m.a.RequestMappingHandlerMapping Mapped to com.vks.interfaces.login.controller.LoginController#login(LoginRequest)
[Service: vks-service CorrelationId: 728a4be5-6ec9-4dcf-bd03-c7b082768423 TraceId: 6ac0d93aa46ed54c5a72abb0cc7fd002 SpanId: f764e1def62bd2c2] 2026-10-03 16:00:18.329 [http-nio-8099-exec-2] DEBUG o.s.w.s.m.m.a.RequestResponseBodyMethodProcessor Read "application/json;charset=UTF-8" to [LoginRequest(username=9000000001, password=Password123!)]
[Service: vks-service CorrelationId: 728a4be5-6ec9-4dcf-bd03-c7b082768423 TraceId: 6ac0d93aa46ed54c5a72abb0cc7fd002 SpanId: f764e1def62bd2c2] 2026-10-03 16:00:18.330 [http-nio-8099-exec-2] INFO  c.v.i.login.service.LoginServiceImpl Login attempt for username: 9000000001
[Service: vks-service CorrelationId: 728a4be5-6ec9-4dcf-bd03-c7b082768423 TraceId: 6ac0d93aa46ed54c5a72abb0cc7fd002 SpanId: f764e1def62bd2c2] 2026-10-03 16:00:18.484 [http-nio-8099-exec-2] INFO  c.v.i.login.service.LoginServiceImpl Login successful for username: 9000000001, id: 2
[Service: vks-service CorrelationId: 728a4be5-6ec9-4dcf-bd03-c7b082768423 TraceId: 6ac0d93aa46ed54c5a72abb0cc7fd002 SpanId: f764e1def62bd2c2] 2026-10-03 16:00:18.488 [http-nio-8099-exec-2] DEBUG o.s.w.s.m.m.a.HttpEntityMethodProcessor Using 'application/json', given [*/*] and supported [application/json, application/*+json, application/yaml]
[Service: vks-service CorrelationId: 728a4be5-6ec9-4dcf-bd03-c7b082768423 TraceId: 6ac0d93aa46ed54c5a72abb0cc7fd002 SpanId: f764e1def62bd2c2] 2026-10-03 16:00:18.490 [http-nio-8099-exec-2] DEBUG o.s.w.s.m.m.a.HttpEntityMethodProcessor Writing [LoginResponse(success=true, message=Login successful, token=eyJhbGciOiJIUzI1NiJ9.eyJzdWIiOiIyIiwidXN (truncated)...]
[Service: vks-service CorrelationId: 728a4be5-6ec9-4dcf-bd03-c7b082768423 TraceId: 6ac0d93aa46ed54c5a72abb0cc7fd002 SpanId: f764e1def62bd2c2] 2026-10-03 16:00:18.492 [http-nio-8099-exec-2] DEBUG o.s.web.servlet.DispatcherServlet Completed 200 OK
[Service: vks-service CorrelationId:  TraceId: 6ac0d93afb5a213a718a14da1e92a1bb SpanId: 6195c5cf7b0b0a36] 2026-10-03 16:00:18.512 [http-nio-8099-exec-4] INFO  c.v.security.JwtAuthenticationFilter Incoming request: POST /vks-service/api/v1/auth/login
[Service: vks-service CorrelationId:  TraceId: 6ac0d93afb5a213a718a14da1e92a1bb SpanId: 6195c5cf7b0b0a36] 2026-10-03 16:00:18.512 [http-nio-8099-exec-4] DEBUG c.v.security.JwtAuthenticationFilter Bearer token present: false
[Service: vks-service CorrelationId:  TraceId: 6ac0d93afb5a213a718a14da1e92a1bb SpanId: 6195c5cf7b0b0a36] 2026-10-03 16:00:18.512 [http-nio-8099-exec-4] DEBUG c.v.security.JwtAuthenticationFilter No valid access JWT token found for request: /vks-service/api/v1/auth/login
[Service: vks-service CorrelationId: e3083fad-2ed2-42f1-b4b1-92b8bfb3a9a8 TraceId: 6ac0d93afb5a213a718a14da1e92a1bb SpanId: a02080445e823ca1] 2026-10-03 16:00:18.513 [http-nio-8099-exec-4] DEBUG o.s.web.servlet.DispatcherServlet POST "/vks-service/api/v1/auth/login", parameters={}
[Service: vks-service CorrelationId: e3083fad-2ed2-42f1-b4b1-92b8bfb3a9a8 TraceId: 6ac0d93afb5a213a718a14da1e92a1bb SpanId: a02080445e823ca1] 2026-10-03 16:00:18.513 [http-nio-8099-exec-4] DEBUG o.s.w.s.m.m.a.RequestMappingHandlerMapping Mapped to com.vks.interfaces.login.controller.LoginController#login(LoginRequest)
[Service: vks-service CorrelationId: e3083fad-2ed2-42f1-b4b1-92b8bfb3a9a8 TraceId: 6ac0d93afb5a213a718a14da1e92a1bb SpanId: a02080445e823ca1] 2026-10-03 16:00:18.514 [http-nio-8099-exec-4] DEBUG o.s.w.s.m.m.a.RequestResponseBodyMethodProcessor Read "application/json;charset=UTF-8" to [LoginRequest(username=9000000002, password=Password123!)]
[Service: vks-service CorrelationId: e3083fad-2ed2-42f1-b4b1-92b8bfb3a9a8 TraceId: 6ac0d93afb5a213a718a14da1e92a1bb SpanId: a02080445e823ca1] 2026-10-03 16:00:18.514 [http-nio-8099-exec-4] INFO  c.v.i.login.service.LoginServiceImpl Login attempt for username: 9000000002
[Service: vks-service CorrelationId: e3083fad-2ed2-42f1-b4b1-92b8bfb3a9a8 TraceId: 6ac0d93afb5a213a718a14da1e92a1bb SpanId: a02080445e823ca1] 2026-10-03 16:00:18.609 [http-nio-8099-exec-4] INFO  c.v.i.login.service.LoginServiceImpl Login successful for username: 9000000002, id: 1
[Service: vks-service CorrelationId: e3083fad-2ed2-42f1-b4b1-92b8bfb3a9a8 TraceId: 6ac0d93afb5a213a718a14da1e92a1bb SpanId: a02080445e823ca1] 2026-10-03 16:00:18.610 [http-nio-8099-exec-4] DEBUG o.s.w.s.m.m.a.HttpEntityMethodProcessor Using 'application/json', given [*/*] and supported [application/json, application/*+json, application/yaml]
[Service: vks-service CorrelationId: e3083fad-2ed2-42f1-b4b1-92b8bfb3a9a8 TraceId: 6ac0d93afb5a213a718a14da1e92a1bb SpanId: a02080445e823ca1] 2026-10-03 16:00:18.610 [http-nio-8099-exec-4] DEBUG o.s.w.s.m.m.a.HttpEntityMethodProcessor Writing [LoginResponse(success=true, message=Login successful, token=eyJhbGciOiJIUzI1NiJ9.eyJzdWIiOiIxIiwidXN (truncated)...]
[Service: vks-service CorrelationId: e3083fad-2ed2-42f1-b4b1-92b8bfb3a9a8 TraceId: 6ac0d93afb5a213a718a14da1e92a1bb SpanId: a02080445e823ca1] 2026-10-03 16:00:18.611 [http-nio-8099-exec-4] DEBUG o.s.web.servlet.DispatcherServlet Completed 200 OK
[Service: vks-service CorrelationId:  TraceId: 6ac0d96c30a893cc6730c3c0ab2fd6c5 SpanId: 842a375624e4c095] 2026-10-03 16:01:08.863 [http-nio-8099-exec-6] INFO  c.v.security.JwtAuthenticationFilter Incoming request: POST /vks-service/api/v1/auth/login
[Service: vks-service CorrelationId:  TraceId: 6ac0d96c30a893cc6730c3c0ab2fd6c5 SpanId: 842a375624e4c095] 2026-10-03 16:01:08.864 [http-nio-8099-exec-6] DEBUG c.v.security.JwtAuthenticationFilter Bearer token present: false
[Service: vks-service CorrelationId:  TraceId: 6ac0d96c30a893cc6730c3c0ab2fd6c5 SpanId: 842a375624e4c095] 2026-10-03 16:01:08.864 [http-nio-8099-exec-6] DEBUG c.v.security.JwtAuthenticationFilter No valid access JWT token found for request: /vks-service/api/v1/auth/login
[Service: vks-service CorrelationId: deeae62c-d061-4721-9df3-e49aa522031f TraceId: 6ac0d96c30a893cc6730c3c0ab2fd6c5 SpanId: d2a710edabb5a501] 2026-10-03 16:01:08.865 [http-nio-8099-exec-6] DEBUG o.s.web.servlet.DispatcherServlet POST "/vks-service/api/v1/auth/login", parameters={}
[Service: vks-service CorrelationId: deeae62c-d061-4721-9df3-e49aa522031f TraceId: 6ac0d96c30a893cc6730c3c0ab2fd6c5 SpanId: d2a710edabb5a501] 2026-10-03 16:01:08.865 [http-nio-8099-exec-6] DEBUG o.s.w.s.m.m.a.RequestMappingHandlerMapping Mapped to com.vks.interfaces.login.controller.LoginController#login(LoginRequest)
[Service: vks-service CorrelationId: deeae62c-d061-4721-9df3-e49aa522031f TraceId: 6ac0d96c30a893cc6730c3c0ab2fd6c5 SpanId: d2a710edabb5a501] 2026-10-03 16:01:08.866 [http-nio-8099-exec-6] DEBUG o.s.w.s.m.m.a.RequestResponseBodyMethodProcessor Read "application/json;charset=UTF-8" to [LoginRequest(username=9000000001, password=Password123!)]
[Service: vks-service CorrelationId: deeae62c-d061-4721-9df3-e49aa522031f TraceId: 6ac0d96c30a893cc6730c3c0ab2fd6c5 SpanId: d2a710edabb5a501] 2026-10-03 16:01:08.866 [http-nio-8099-exec-6] INFO  c.v.i.login.service.LoginServiceImpl Login attempt for username: 9000000001
[Service: vks-service CorrelationId: deeae62c-d061-4721-9df3-e49aa522031f TraceId: 6ac0d96c30a893cc6730c3c0ab2fd6c5 SpanId: d2a710edabb5a501] 2026-10-03 16:01:08.964 [http-nio-8099-exec-6] INFO  c.v.i.login.service.LoginServiceImpl Login successful for username: 9000000001, id: 2
[Service: vks-service CorrelationId: deeae62c-d061-4721-9df3-e49aa522031f TraceId: 6ac0d96c30a893cc6730c3c0ab2fd6c5 SpanId: d2a710edabb5a501] 2026-10-03 16:01:08.964 [http-nio-8099-exec-6] DEBUG o.s.w.s.m.m.a.HttpEntityMethodProcessor Using 'application/json', given [*/*] and supported [application/json, application/*+json, application/yaml]
[Service: vks-service CorrelationId: deeae62c-d061-4721-9df3-e49aa522031f TraceId: 6ac0d96c30a893cc6730c3c0ab2fd6c5 SpanId: d2a710edabb5a501] 2026-10-03 16:01:08.964 [http-nio-8099-exec-6] DEBUG o.s.w.s.m.m.a.HttpEntityMethodProcessor Writing [LoginResponse(success=true, message=Login successful, token=eyJhbGciOiJIUzI1NiJ9.eyJzdWIiOiIyIiwidXN (truncated)...]
[Service: vks-service CorrelationId: deeae62c-d061-4721-9df3-e49aa522031f TraceId: 6ac0d96c30a893cc6730c3c0ab2fd6c5 SpanId: d2a710edabb5a501] 2026-10-03 16:01:08.965 [http-nio-8099-exec-6] DEBUG o.s.web.servlet.DispatcherServlet Completed 200 OK
[Service: vks-service CorrelationId:  TraceId: 6ac0d96ce272a027ed082fa07c1ffa74 SpanId: 17c064b989a8082b] 2026-10-03 16:01:08.987 [http-nio-8099-exec-8] INFO  c.v.security.JwtAuthenticationFilter Incoming request: POST /vks-service/api/v1/auth/login
[Service: vks-service CorrelationId:  TraceId: 6ac0d96ce272a027ed082fa07c1ffa74 SpanId: 17c064b989a8082b] 2026-10-03 16:01:08.988 [http-nio-8099-exec-8] DEBUG c.v.security.JwtAuthenticationFilter Bearer token present: false
[Service: vks-service CorrelationId:  TraceId: 6ac0d96ce272a027ed082fa07c1ffa74 SpanId: 17c064b989a8082b] 2026-10-03 16:01:08.988 [http-nio-8099-exec-8] DEBUG c.v.security.JwtAuthenticationFilter No valid access JWT token found for request: /vks-service/api/v1/auth/login
[Service: vks-service CorrelationId: 5902dd5b-9ec0-4fd5-aed1-b9658cc64443 TraceId: 6ac0d96ce272a027ed082fa07c1ffa74 SpanId: 62e3b5002dafa5ac] 2026-10-03 16:01:08.988 [http-nio-8099-exec-8] DEBUG o.s.web.servlet.DispatcherServlet POST "/vks-service/api/v1/auth/login", parameters={}
[Service: vks-service CorrelationId: 5902dd5b-9ec0-4fd5-aed1-b9658cc64443 TraceId: 6ac0d96ce272a027ed082fa07c1ffa74 SpanId: 62e3b5002dafa5ac] 2026-10-03 16:01:08.989 [http-nio-8099-exec-8] DEBUG o.s.w.s.m.m.a.RequestMappingHandlerMapping Mapped to com.vks.interfaces.login.controller.LoginController#login(LoginRequest)
[Service: vks-service CorrelationId: 5902dd5b-9ec0-4fd5-aed1-b9658cc64443 TraceId: 6ac0d96ce272a027ed082fa07c1ffa74 SpanId: 62e3b5002dafa5ac] 2026-10-03 16:01:08.989 [http-nio-8099-exec-8] DEBUG o.s.w.s.m.m.a.RequestResponseBodyMethodProcessor Read "application/json;charset=UTF-8" to [LoginRequest(username=9000000002, password=Password123!)]
[Service: vks-service CorrelationId: 5902dd5b-9ec0-4fd5-aed1-b9658cc64443 TraceId: 6ac0d96ce272a027ed082fa07c1ffa74 SpanId: 62e3b5002dafa5ac] 2026-10-03 16:01:08.989 [http-nio-8099-exec-8] INFO  c.v.i.login.service.LoginServiceImpl Login attempt for username: 9000000002
[Service: vks-service CorrelationId: 5902dd5b-9ec0-4fd5-aed1-b9658cc64443 TraceId: 6ac0d96ce272a027ed082fa07c1ffa74 SpanId: 62e3b5002dafa5ac] 2026-10-03 16:01:09.092 [http-nio-8099-exec-8] INFO  c.v.i.login.service.LoginServiceImpl Login successful for username: 9000000002, id: 1
[Service: vks-service CorrelationId: 5902dd5b-9ec0-4fd5-aed1-b9658cc64443 TraceId: 6ac0d96ce272a027ed082fa07c1ffa74 SpanId: 62e3b5002dafa5ac] 2026-10-03 16:01:09.093 [http-nio-8099-exec-8] DEBUG o.s.w.s.m.m.a.HttpEntityMethodProcessor Using 'application/json', given [*/*] and supported [application/json, application/*+json, application/yaml]
[Service: vks-service CorrelationId: 5902dd5b-9ec0-4fd5-aed1-b9658cc64443 TraceId: 6ac0d96ce272a027ed082fa07c1ffa74 SpanId: 62e3b5002dafa5ac] 2026-10-03 16:01:09.093 [http-nio-8099-exec-8] DEBUG o.s.w.s.m.m.a.HttpEntityMethodProcessor Writing [LoginResponse(success=true, message=Login successful, token=eyJhbGciOiJIUzI1NiJ9.eyJzdWIiOiIxIiwidXN (truncated)...]
[Service: vks-service CorrelationId: 5902dd5b-9ec0-4fd5-aed1-b9658cc64443 TraceId: 6ac0d96ce272a027ed082fa07c1ffa74 SpanId: 62e3b5002dafa5ac] 2026-10-03 16:01:09.094 [http-nio-8099-exec-8] DEBUG o.s.web.servlet.DispatcherServlet Completed 200 OK
[Service: vks-service CorrelationId:  TraceId: 6ac0d96dc7f7ea2db34b6c94ec621a3a SpanId: e3eb4b3950d2d6ce] 2026-10-03 16:01:09.506 [http-nio-8099-exec-10] INFO  c.v.security.JwtAuthenticationFilter Incoming request: POST /vks-service/api/v1/tenant-admin/events
[Service: vks-service CorrelationId:  TraceId: 6ac0d96dc7f7ea2db34b6c94ec621a3a SpanId: e3eb4b3950d2d6ce] 2026-10-03 16:01:09.506 [http-nio-8099-exec-10] DEBUG c.v.security.JwtAuthenticationFilter Bearer token present: true
[Service: vks-service CorrelationId:  TraceId: 6ac0d96dc7f7ea2db34b6c94ec621a3a SpanId: e3eb4b3950d2d6ce] 2026-10-03 16:01:09.530 [http-nio-8099-exec-10] INFO  c.v.security.JwtAuthenticationFilter Authenticated user: 2 in tenant: tenant-e2e with role: TENANT_ADMIN
[Service: vks-service CorrelationId: fbef4c47-eadd-4f6d-9f8a-49dddd5a640a TraceId: 6ac0d96dc7f7ea2db34b6c94ec621a3a SpanId: 0e0691291b218aa4] 2026-10-03 16:01:09.533 [http-nio-8099-exec-10] DEBUG o.s.web.servlet.DispatcherServlet POST "/vks-service/api/v1/tenant-admin/events", parameters={}
[Service: vks-service CorrelationId: fbef4c47-eadd-4f6d-9f8a-49dddd5a640a TraceId: 6ac0d96dc7f7ea2db34b6c94ec621a3a SpanId: 0e0691291b218aa4] 2026-10-03 16:01:09.533 [http-nio-8099-exec-10] DEBUG o.s.w.s.m.m.a.RequestMappingHandlerMapping Mapped to com.vks.interfaces.eventcatalog.controller.EventController#createEvent(EventRequest)
[Service: vks-service CorrelationId: fbef4c47-eadd-4f6d-9f8a-49dddd5a640a TraceId: 6ac0d96dc7f7ea2db34b6c94ec621a3a SpanId: 0e0691291b218aa4] 2026-10-03 16:01:09.537 [http-nio-8099-exec-10] DEBUG o.s.w.s.m.m.a.RequestResponseBodyMethodProcessor Read "application/json;charset=UTF-8" to [EventRequest(eventName=E2E Mock Event, description=Local end-to-end test, location=Local Venue, star (truncated)...]
[Service: vks-service CorrelationId: fbef4c47-eadd-4f6d-9f8a-49dddd5a640a TraceId: 6ac0d96dc7f7ea2db34b6c94ec621a3a SpanId: 0e0691291b218aa4] 2026-10-03 16:01:09.539 [http-nio-8099-exec-10] INFO  c.v.i.e.service.EventServiceImpl Creating event: E2E Mock Event by 2
[Service: vks-service CorrelationId: fbef4c47-eadd-4f6d-9f8a-49dddd5a640a TraceId: 6ac0d96dc7f7ea2db34b6c94ec621a3a SpanId: 0e0691291b218aa4] 2026-10-03 16:01:09.552 [http-nio-8099-exec-10] DEBUG o.s.w.s.m.m.a.HttpEntityMethodProcessor Using 'application/json', given [*/*] and supported [application/json, application/*+json, application/yaml]
[Service: vks-service CorrelationId: fbef4c47-eadd-4f6d-9f8a-49dddd5a640a TraceId: 6ac0d96dc7f7ea2db34b6c94ec621a3a SpanId: 0e0691291b218aa4] 2026-10-03 16:01:09.554 [http-nio-8099-exec-10] DEBUG o.s.w.s.m.m.a.HttpEntityMethodProcessor Writing [EventResponse(eventId=49a10f90-c462-4c16-b5e6-22452ad42082, eventName=E2E Mock Event, description=Lo (truncated)...]
[Service: vks-service CorrelationId: fbef4c47-eadd-4f6d-9f8a-49dddd5a640a TraceId: 6ac0d96dc7f7ea2db34b6c94ec621a3a SpanId: 0e0691291b218aa4] 2026-10-03 16:01:09.555 [http-nio-8099-exec-10] DEBUG o.s.web.servlet.DispatcherServlet Completed 201 CREATED
[Service: vks-service CorrelationId:  TraceId: 6ac0d96dd216093c9c227d608bff0e0b SpanId: d45fcac056a42cb7] 2026-10-03 16:01:09.645 [http-nio-8099-exec-1] INFO  c.v.security.JwtAuthenticationFilter Incoming request: POST /vks-service/api/v1/tenant-admin/events/49a10f90-c462-4c16-b5e6-22452ad42082/slots
[Service: vks-service CorrelationId:  TraceId: 6ac0d96dd216093c9c227d608bff0e0b SpanId: d45fcac056a42cb7] 2026-10-03 16:01:09.646 [http-nio-8099-exec-1] DEBUG c.v.security.JwtAuthenticationFilter Bearer token present: true
[Service: vks-service CorrelationId:  TraceId: 6ac0d96dd216093c9c227d608bff0e0b SpanId: d45fcac056a42cb7] 2026-10-03 16:01:09.647 [http-nio-8099-exec-1] INFO  c.v.security.JwtAuthenticationFilter Authenticated user: 2 in tenant: tenant-e2e with role: TENANT_ADMIN
[Service: vks-service CorrelationId: fbdce608-94e3-4b20-8fcd-fe3c448ea239 TraceId: 6ac0d96dd216093c9c227d608bff0e0b SpanId: f05fe9dca5a708d4] 2026-10-03 16:01:09.649 [http-nio-8099-exec-1] DEBUG o.s.web.servlet.DispatcherServlet POST "/vks-service/api/v1/tenant-admin/events/49a10f90-c462-4c16-b5e6-22452ad42082/slots", parameters={}
[Service: vks-service CorrelationId: fbdce608-94e3-4b20-8fcd-fe3c448ea239 TraceId: 6ac0d96dd216093c9c227d608bff0e0b SpanId: f05fe9dca5a708d4] 2026-10-03 16:01:09.649 [http-nio-8099-exec-1] DEBUG o.s.w.s.m.m.a.RequestMappingHandlerMapping Mapped to com.vks.interfaces.slot.controller.SlotController#createSlot(UUID, SlotRequest)
[Service: vks-service CorrelationId: fbdce608-94e3-4b20-8fcd-fe3c448ea239 TraceId: 6ac0d96dd216093c9c227d608bff0e0b SpanId: f05fe9dca5a708d4] 2026-10-03 16:01:09.655 [http-nio-8099-exec-1] DEBUG o.s.w.s.m.m.a.RequestResponseBodyMethodProcessor Read "application/json;charset=UTF-8" to [SlotRequest(slotDate=2026-10-10, startTime=09:00, endTime=10:00, price=499.0, capacity=10)]
[Service: vks-service CorrelationId: fbdce608-94e3-4b20-8fcd-fe3c448ea239 TraceId: 6ac0d96dd216093c9c227d608bff0e0b SpanId: f05fe9dca5a708d4] 2026-10-03 16:01:09.661 [http-nio-8099-exec-1] INFO  c.v.i.slot.service.SlotServiceImpl Creating slot for event id: 49a10f90-c462-4c16-b5e6-22452ad42082
[Service: vks-service CorrelationId: fbdce608-94e3-4b20-8fcd-fe3c448ea239 TraceId: 6ac0d96dd216093c9c227d608bff0e0b SpanId: f05fe9dca5a708d4] 2026-10-03 16:01:09.678 [http-nio-8099-exec-1] DEBUG o.s.w.s.m.m.a.HttpEntityMethodProcessor Using 'application/json', given [*/*] and supported [application/json, application/*+json, application/yaml]
[Service: vks-service CorrelationId: fbdce608-94e3-4b20-8fcd-fe3c448ea239 TraceId: 6ac0d96dd216093c9c227d608bff0e0b SpanId: f05fe9dca5a708d4] 2026-10-03 16:01:09.678 [http-nio-8099-exec-1] DEBUG o.s.w.s.m.m.a.HttpEntityMethodProcessor Writing [SlotResponse(slotId=6db49b53-aa9c-4471-a3cd-2173b4e5af25, eventId=49a10f90-c462-4c16-b5e6-22452ad420 (truncated)...]
[Service: vks-service CorrelationId: fbdce608-94e3-4b20-8fcd-fe3c448ea239 TraceId: 6ac0d96dd216093c9c227d608bff0e0b SpanId: f05fe9dca5a708d4] 2026-10-03 16:01:09.681 [http-nio-8099-exec-1] DEBUG o.s.web.servlet.DispatcherServlet Completed 201 CREATED
[Service: vks-service CorrelationId:  TraceId: 6ac0d96d8dcb49005ddea5f025eee01e SpanId: 76f3aacbe084ff4d] 2026-10-03 16:01:09.976 [http-nio-8099-exec-2] INFO  c.v.security.JwtAuthenticationFilter Incoming request: POST /vks-service/api/v1/customer/bookings
[Service: vks-service CorrelationId:  TraceId: 6ac0d96d8dcb49005ddea5f025eee01e SpanId: 76f3aacbe084ff4d] 2026-10-03 16:01:09.977 [http-nio-8099-exec-2] DEBUG c.v.security.JwtAuthenticationFilter Bearer token present: true
[Service: vks-service CorrelationId:  TraceId: 6ac0d96d8dcb49005ddea5f025eee01e SpanId: 76f3aacbe084ff4d] 2026-10-03 16:01:09.978 [http-nio-8099-exec-2] INFO  c.v.security.JwtAuthenticationFilter Authenticated user: 1 in tenant: tenant-e2e with role: CUSTOMER
[Service: vks-service CorrelationId: 927ab02c-3fb9-4bc6-be9f-a1ce32ba9320 TraceId: 6ac0d96d8dcb49005ddea5f025eee01e SpanId: 88108ec6879e73b0] 2026-10-03 16:01:09.980 [http-nio-8099-exec-2] DEBUG o.s.web.servlet.DispatcherServlet POST "/vks-service/api/v1/customer/bookings", parameters={}
[Service: vks-service CorrelationId: 927ab02c-3fb9-4bc6-be9f-a1ce32ba9320 TraceId: 6ac0d96d8dcb49005ddea5f025eee01e SpanId: 88108ec6879e73b0] 2026-10-03 16:01:09.980 [http-nio-8099-exec-2] DEBUG o.s.w.s.m.m.a.RequestMappingHandlerMapping Mapped to com.vks.interfaces.bookings.controller.BookingController#createBooking(BookingRequest)
[Service: vks-service CorrelationId: 927ab02c-3fb9-4bc6-be9f-a1ce32ba9320 TraceId: 6ac0d96d8dcb49005ddea5f025eee01e SpanId: 88108ec6879e73b0] 2026-10-03 16:01:09.984 [http-nio-8099-exec-2] DEBUG o.s.w.s.m.m.a.RequestResponseBodyMethodProcessor Read "application/json;charset=UTF-8" to [BookingRequest(eventId=49a10f90-c462-4c16-b5e6-22452ad42082, slotId=6db49b53-aa9c-4471-a3cd-2173b4e5 (truncated)...]
[Service: vks-service CorrelationId: 927ab02c-3fb9-4bc6-be9f-a1ce32ba9320 TraceId: 6ac0d96d8dcb49005ddea5f025eee01e SpanId: 88108ec6879e73b0] 2026-10-03 16:01:09.987 [http-nio-8099-exec-2] INFO  c.v.i.b.service.BookingServiceImpl Creating booking for event id: 49a10f90-c462-4c16-b5e6-22452ad42082, slot id: 6db49b53-aa9c-4471-a3cd-2173b4e5af25, user: 1
[Service: vks-service CorrelationId: 927ab02c-3fb9-4bc6-be9f-a1ce32ba9320 TraceId: 6ac0d96d8dcb49005ddea5f025eee01e SpanId: 88108ec6879e73b0] 2026-10-03 16:01:10.058 [http-nio-8099-exec-2] INFO  o.a.k.c.producer.ProducerConfig ProducerConfig values: 
	acks = -1
	auto.include.jmx.reporter = true
	batch.size = 16384
	bootstrap.servers = [localhost:9092]
	buffer.memory = 33554432
	client.dns.lookup = use_all_dns_ips
	client.id = vks-service-producer-1
	compression.gzip.level = -1
	compression.lz4.level = 9
	compression.type = none
	compression.zstd.level = 3
	connections.max.idle.ms = 540000
	delivery.timeout.ms = 120000
	enable.idempotence = true
	enable.metrics.push = true
	interceptor.classes = []
	key.serializer = class org.apache.kafka.common.serialization.StringSerializer
	linger.ms = 0
	max.block.ms = 60000
	max.in.flight.requests.per.connection = 5
	max.request.size = 1048576
	metadata.max.age.ms = 300000
	metadata.max.idle.ms = 300000
	metadata.recovery.strategy = none
	metric.reporters = []
	metrics.num.samples = 2
	metrics.recording.level = INFO
	metrics.sample.window.ms = 30000
	partitioner.adaptive.partitioning.enable = true
	partitioner.availability.timeout.ms = 0
	partitioner.class = null
	partitioner.ignore.keys = false
	receive.buffer.bytes = 32768
	reconnect.backoff.max.ms = 1000
	reconnect.backoff.ms = 50
	request.timeout.ms = 30000
	retries = 2147483647
	retry.backoff.max.ms = 1000
	retry.backoff.ms = 100
	sasl.client.callback.handler.class = null
	sasl.jaas.config = null
	sasl.kerberos.kinit.cmd = /usr/bin/kinit
	sasl.kerberos.min.time.before.relogin = 60000
	sasl.kerberos.service.name = null
	sasl.kerberos.ticket.renew.jitter = 0.05
	sasl.kerberos.ticket.renew.window.factor = 0.8
	sasl.login.callback.handler.class = null
	sasl.login.class = null
	sasl.login.connect.timeout.ms = null
	sasl.login.read.timeout.ms = null
	sasl.login.refresh.buffer.seconds = 300
	sasl.login.refresh.min.period.seconds = 60
	sasl.login.refresh.window.factor = 0.8
	sasl.login.refresh.window.jitter = 0.05
	sasl.login.retry.backoff.max.ms = 10000
	sasl.login.retry.backoff.ms = 100
	sasl.mechanism = GSSAPI
	sasl.oauthbearer.clock.skew.seconds = 30
	sasl.oauthbearer.expected.audience = null
	sasl.oauthbearer.expected.issuer = null
	sasl.oauthbearer.header.urlencode = false
	sasl.oauthbearer.jwks.endpoint.refresh.ms = 3600000
	sasl.oauthbearer.jwks.endpoint.retry.backoff.max.ms = 10000
	sasl.oauthbearer.jwks.endpoint.retry.backoff.ms = 100
	sasl.oauthbearer.jwks.endpoint.url = null
	sasl.oauthbearer.scope.claim.name = scope
	sasl.oauthbearer.sub.claim.name = sub
	sasl.oauthbearer.token.endpoint.url = null
	security.protocol = PLAINTEXT
	security.providers = null
	send.buffer.bytes = 131072
	socket.connection.setup.timeout.max.ms = 30000
	socket.connection.setup.timeout.ms = 10000
	ssl.cipher.suites = null
	ssl.enabled.protocols = [TLSv1.2, TLSv1.3]
	ssl.endpoint.identification.algorithm = https
	ssl.engine.factory.class = null
	ssl.key.password = null
	ssl.keymanager.algorithm = SunX509
	ssl.keystore.certificate.chain = null
	ssl.keystore.key = null
	ssl.keystore.location = null
	ssl.keystore.password = null
	ssl.keystore.type = JKS
	ssl.protocol = TLSv1.3
	ssl.provider = null
	ssl.secure.random.implementation = null
	ssl.trustmanager.algorithm = PKIX
	ssl.truststore.certificates = null
	ssl.truststore.location = null
	ssl.truststore.password = null
	ssl.truststore.type = JKS
	transaction.timeout.ms = 60000
	transactional.id = null
	value.serializer = class org.apache.kafka.common.serialization.StringSerializer

[Service: vks-service CorrelationId: 927ab02c-3fb9-4bc6-be9f-a1ce32ba9320 TraceId: 6ac0d96d8dcb49005ddea5f025eee01e SpanId: 88108ec6879e73b0] 2026-10-03 16:01:10.091 [http-nio-8099-exec-2] INFO  o.a.k.c.t.i.KafkaMetricsCollector initializing Kafka metrics collector
[Service: vks-service CorrelationId: 927ab02c-3fb9-4bc6-be9f-a1ce32ba9320 TraceId: 6ac0d96d8dcb49005ddea5f025eee01e SpanId: 88108ec6879e73b0] 2026-10-03 16:01:10.105 [http-nio-8099-exec-2] INFO  o.a.k.clients.producer.KafkaProducer [Producer clientId=vks-service-producer-1] Instantiated an idempotent producer.
[Service: vks-service CorrelationId: 927ab02c-3fb9-4bc6-be9f-a1ce32ba9320 TraceId: 6ac0d96d8dcb49005ddea5f025eee01e SpanId: 88108ec6879e73b0] 2026-10-03 16:01:10.139 [http-nio-8099-exec-2] INFO  o.a.kafka.common.utils.AppInfoParser Kafka version: 3.9.1
[Service: vks-service CorrelationId: 927ab02c-3fb9-4bc6-be9f-a1ce32ba9320 TraceId: 6ac0d96d8dcb49005ddea5f025eee01e SpanId: 88108ec6879e73b0] 2026-10-03 16:01:10.139 [http-nio-8099-exec-2] INFO  o.a.kafka.common.utils.AppInfoParser Kafka commitId: f745dfdcee2b9851
[Service: vks-service CorrelationId: 927ab02c-3fb9-4bc6-be9f-a1ce32ba9320 TraceId: 6ac0d96d8dcb49005ddea5f025eee01e SpanId: 88108ec6879e73b0] 2026-10-03 16:01:10.139 [http-nio-8099-exec-2] INFO  o.a.kafka.common.utils.AppInfoParser Kafka startTimeMs: 1791023470138
[Service: vks-service CorrelationId:  TraceId:  SpanId: ] 2026-10-03 16:01:10.452 [kafka-producer-network-thread | vks-service-producer-1] WARN  o.apache.kafka.clients.NetworkClient [Producer clientId=vks-service-producer-1] The metadata response from the cluster reported a recoverable issue with correlation id 2 : {booking.events=LEADER_NOT_AVAILABLE}
[Service: vks-service CorrelationId:  TraceId:  SpanId: ] 2026-10-03 16:01:10.453 [kafka-producer-network-thread | vks-service-producer-1] INFO  org.apache.kafka.clients.Metadata [Producer clientId=vks-service-producer-1] Cluster ID: CqKeNQocTXG-G608ltKj7w
[Service: vks-service CorrelationId:  TraceId:  SpanId: ] 2026-10-03 16:01:10.570 [kafka-producer-network-thread | vks-service-producer-1] INFO  o.a.k.c.p.i.TransactionManager [Producer clientId=vks-service-producer-1] ProducerId set to 0 with epoch 0
[Service: vks-service CorrelationId:  TraceId:  SpanId: ] 2026-10-03 16:01:10.576 [kafka-producer-network-thread | vks-service-producer-1] WARN  o.apache.kafka.clients.NetworkClient [Producer clientId=vks-service-producer-1] The metadata response from the cluster reported a recoverable issue with correlation id 8 : {booking.events=LEADER_NOT_AVAILABLE}
[Service: vks-service CorrelationId: 927ab02c-3fb9-4bc6-be9f-a1ce32ba9320 TraceId: 6ac0d96d8dcb49005ddea5f025eee01e SpanId: 88108ec6879e73b0] 2026-10-03 16:01:10.800 [http-nio-8099-exec-2] DEBUG o.s.w.s.m.m.a.ExceptionHandlerExceptionResolver Using @ExceptionHandler com.vks.common.exception.GlobalExceptionHandler#handleRuntime(RuntimeException, HttpServletRequest)
[Service: vks-service CorrelationId: 927ab02c-3fb9-4bc6-be9f-a1ce32ba9320 TraceId: 6ac0d96d8dcb49005ddea5f025eee01e SpanId: 88108ec6879e73b0] 2026-10-03 16:01:10.809 [http-nio-8099-exec-2] DEBUG o.s.w.s.m.m.a.HttpEntityMethodProcessor Using 'application/json', given [*/*] and supported [application/json, application/*+json, application/yaml]
[Service: vks-service CorrelationId: 927ab02c-3fb9-4bc6-be9f-a1ce32ba9320 TraceId: 6ac0d96d8dcb49005ddea5f025eee01e SpanId: 88108ec6879e73b0] 2026-10-03 16:01:10.813 [http-nio-8099-exec-2] DEBUG o.s.w.s.m.m.a.HttpEntityMethodProcessor Writing [ApiError[timestamp=2026-10-03T16:01:10.802887, status=500, error=Internal Server Error, message=Can' (truncated)...]
[Service: vks-service CorrelationId: 927ab02c-3fb9-4bc6-be9f-a1ce32ba9320 TraceId: 6ac0d96d8dcb49005ddea5f025eee01e SpanId: 88108ec6879e73b0] 2026-10-03 16:01:10.814 [http-nio-8099-exec-2] DEBUG o.s.w.s.m.m.a.ExceptionHandlerExceptionResolver Resolved [org.apache.kafka.common.errors.SerializationException: Can't convert value of class com.vks.interfaces.bookings.events.BookingEvent to class org.apache.kafka.common.serialization.StringSerializer specified in value.serializer]
[Service: vks-service CorrelationId: 927ab02c-3fb9-4bc6-be9f-a1ce32ba9320 TraceId: 6ac0d96d8dcb49005ddea5f025eee01e SpanId: 88108ec6879e73b0] 2026-10-03 16:01:10.814 [http-nio-8099-exec-2] DEBUG o.s.web.servlet.DispatcherServlet Completed 500 INTERNAL_SERVER_ERROR
[Service: vks-service CorrelationId:  TraceId: 6ac0d97f816ead40cf53ba9cddb61317 SpanId: a7db6f543ae23c07] 2026-10-03 16:01:27.948 [http-nio-8099-exec-3] INFO  c.v.security.JwtAuthenticationFilter Incoming request: POST /vks-service/api/v1/auth/login
[Service: vks-service CorrelationId:  TraceId: 6ac0d97f816ead40cf53ba9cddb61317 SpanId: a7db6f543ae23c07] 2026-10-03 16:01:27.948 [http-nio-8099-exec-3] DEBUG c.v.security.JwtAuthenticationFilter Bearer token present: false
[Service: vks-service CorrelationId:  TraceId: 6ac0d97f816ead40cf53ba9cddb61317 SpanId: a7db6f543ae23c07] 2026-10-03 16:01:27.948 [http-nio-8099-exec-3] DEBUG c.v.security.JwtAuthenticationFilter No valid access JWT token found for request: /vks-service/api/v1/auth/login
[Service: vks-service CorrelationId: 4da16da8-80af-458d-9972-10799085ab42 TraceId: 6ac0d97f816ead40cf53ba9cddb61317 SpanId: 46d3d8a4ab6ec1ac] 2026-10-03 16:01:27.948 [http-nio-8099-exec-3] DEBUG o.s.web.servlet.DispatcherServlet POST "/vks-service/api/v1/auth/login", parameters={}
[Service: vks-service CorrelationId: 4da16da8-80af-458d-9972-10799085ab42 TraceId: 6ac0d97f816ead40cf53ba9cddb61317 SpanId: 46d3d8a4ab6ec1ac] 2026-10-03 16:01:27.949 [http-nio-8099-exec-3] DEBUG o.s.w.s.m.m.a.RequestMappingHandlerMapping Mapped to com.vks.interfaces.login.controller.LoginController#login(LoginRequest)
[Service: vks-service CorrelationId: 4da16da8-80af-458d-9972-10799085ab42 TraceId: 6ac0d97f816ead40cf53ba9cddb61317 SpanId: 46d3d8a4ab6ec1ac] 2026-10-03 16:01:27.950 [http-nio-8099-exec-3] DEBUG o.s.w.s.m.m.a.RequestResponseBodyMethodProcessor Read "application/json;charset=UTF-8" to [LoginRequest(username=9000000001, password=Password123!)]
[Service: vks-service CorrelationId: 4da16da8-80af-458d-9972-10799085ab42 TraceId: 6ac0d97f816ead40cf53ba9cddb61317 SpanId: 46d3d8a4ab6ec1ac] 2026-10-03 16:01:27.950 [http-nio-8099-exec-3] INFO  c.v.i.login.service.LoginServiceImpl Login attempt for username: 9000000001
[Service: vks-service CorrelationId: 4da16da8-80af-458d-9972-10799085ab42 TraceId: 6ac0d97f816ead40cf53ba9cddb61317 SpanId: 46d3d8a4ab6ec1ac] 2026-10-03 16:01:28.056 [http-nio-8099-exec-3] INFO  c.v.i.login.service.LoginServiceImpl Login successful for username: 9000000001, id: 2
[Service: vks-service CorrelationId: 4da16da8-80af-458d-9972-10799085ab42 TraceId: 6ac0d97f816ead40cf53ba9cddb61317 SpanId: 46d3d8a4ab6ec1ac] 2026-10-03 16:01:28.056 [http-nio-8099-exec-3] DEBUG o.s.w.s.m.m.a.HttpEntityMethodProcessor Using 'application/json', given [*/*] and supported [application/json, application/*+json, application/yaml]
[Service: vks-service CorrelationId: 4da16da8-80af-458d-9972-10799085ab42 TraceId: 6ac0d97f816ead40cf53ba9cddb61317 SpanId: 46d3d8a4ab6ec1ac] 2026-10-03 16:01:28.056 [http-nio-8099-exec-3] DEBUG o.s.w.s.m.m.a.HttpEntityMethodProcessor Writing [LoginResponse(success=true, message=Login successful, token=eyJhbGciOiJIUzI1NiJ9.eyJzdWIiOiIyIiwidXN (truncated)...]
[Service: vks-service CorrelationId: 4da16da8-80af-458d-9972-10799085ab42 TraceId: 6ac0d97f816ead40cf53ba9cddb61317 SpanId: 46d3d8a4ab6ec1ac] 2026-10-03 16:01:28.057 [http-nio-8099-exec-3] DEBUG o.s.web.servlet.DispatcherServlet Completed 200 OK
[Service: vks-service CorrelationId:  TraceId: 6ac0d9807c4f4483e6111a4515c58917 SpanId: b866ec7cac451f63] 2026-10-03 16:01:28.087 [http-nio-8099-exec-5] INFO  c.v.security.JwtAuthenticationFilter Incoming request: POST /vks-service/api/v1/tenant-admin/events
[Service: vks-service CorrelationId:  TraceId: 6ac0d9807c4f4483e6111a4515c58917 SpanId: b866ec7cac451f63] 2026-10-03 16:01:28.087 [http-nio-8099-exec-5] DEBUG c.v.security.JwtAuthenticationFilter Bearer token present: true
[Service: vks-service CorrelationId:  TraceId: 6ac0d9807c4f4483e6111a4515c58917 SpanId: b866ec7cac451f63] 2026-10-03 16:01:28.089 [http-nio-8099-exec-5] INFO  c.v.security.JwtAuthenticationFilter Authenticated user: 2 in tenant: tenant-e2e with role: TENANT_ADMIN
[Service: vks-service CorrelationId: 4cd98b71-a477-4a40-ad98-1ecb0bb69b9b TraceId: 6ac0d9807c4f4483e6111a4515c58917 SpanId: 5db65119b8af4a0b] 2026-10-03 16:01:28.091 [http-nio-8099-exec-5] DEBUG o.s.web.servlet.DispatcherServlet POST "/vks-service/api/v1/tenant-admin/events", parameters={}
[Service: vks-service CorrelationId: 4cd98b71-a477-4a40-ad98-1ecb0bb69b9b TraceId: 6ac0d9807c4f4483e6111a4515c58917 SpanId: 5db65119b8af4a0b] 2026-10-03 16:01:28.092 [http-nio-8099-exec-5] DEBUG o.s.w.s.m.m.a.RequestMappingHandlerMapping Mapped to com.vks.interfaces.eventcatalog.controller.EventController#createEvent(EventRequest)
[Service: vks-service CorrelationId: 4cd98b71-a477-4a40-ad98-1ecb0bb69b9b TraceId: 6ac0d9807c4f4483e6111a4515c58917 SpanId: 5db65119b8af4a0b] 2026-10-03 16:01:28.093 [http-nio-8099-exec-5] DEBUG o.s.w.s.m.m.a.RequestResponseBodyMethodProcessor Read "application/json;charset=UTF-8" to [EventRequest(eventName=E2E Mock Event 2, description=Local end-to-end test, location=Local Venue, st (truncated)...]
[Service: vks-service CorrelationId: 4cd98b71-a477-4a40-ad98-1ecb0bb69b9b TraceId: 6ac0d9807c4f4483e6111a4515c58917 SpanId: 5db65119b8af4a0b] 2026-10-03 16:01:28.093 [http-nio-8099-exec-5] INFO  c.v.i.e.service.EventServiceImpl Creating event: E2E Mock Event 2 by 2
[Service: vks-service CorrelationId: 4cd98b71-a477-4a40-ad98-1ecb0bb69b9b TraceId: 6ac0d9807c4f4483e6111a4515c58917 SpanId: 5db65119b8af4a0b] 2026-10-03 16:01:28.098 [http-nio-8099-exec-5] DEBUG o.s.w.s.m.m.a.HttpEntityMethodProcessor Using 'application/json', given [*/*] and supported [application/json, application/*+json, application/yaml]
[Service: vks-service CorrelationId: 4cd98b71-a477-4a40-ad98-1ecb0bb69b9b TraceId: 6ac0d9807c4f4483e6111a4515c58917 SpanId: 5db65119b8af4a0b] 2026-10-03 16:01:28.098 [http-nio-8099-exec-5] DEBUG o.s.w.s.m.m.a.HttpEntityMethodProcessor Writing [EventResponse(eventId=2f3a0972-fd1a-4418-83ff-1ce464b7ee2d, eventName=E2E Mock Event 2, description= (truncated)...]
[Service: vks-service CorrelationId: 4cd98b71-a477-4a40-ad98-1ecb0bb69b9b TraceId: 6ac0d9807c4f4483e6111a4515c58917 SpanId: 5db65119b8af4a0b] 2026-10-03 16:01:28.099 [http-nio-8099-exec-5] DEBUG o.s.web.servlet.DispatcherServlet Completed 201 CREATED
[Service: vks-service CorrelationId:  TraceId: 6ac0d98c55947328bd633544003110d0 SpanId: 68d158881a83cfef] 2026-10-03 16:01:40.987 [http-nio-8099-exec-6] INFO  c.v.security.JwtAuthenticationFilter Incoming request: POST /vks-service/api/v1/auth/login
[Service: vks-service CorrelationId:  TraceId: 6ac0d98c55947328bd633544003110d0 SpanId: 68d158881a83cfef] 2026-10-03 16:01:40.987 [http-nio-8099-exec-6] DEBUG c.v.security.JwtAuthenticationFilter Bearer token present: false
[Service: vks-service CorrelationId:  TraceId: 6ac0d98c55947328bd633544003110d0 SpanId: 68d158881a83cfef] 2026-10-03 16:01:40.987 [http-nio-8099-exec-6] DEBUG c.v.security.JwtAuthenticationFilter No valid access JWT token found for request: /vks-service/api/v1/auth/login
[Service: vks-service CorrelationId: 371c8259-4805-4514-93fa-97962347957d TraceId: 6ac0d98c55947328bd633544003110d0 SpanId: adb02556e3703d55] 2026-10-03 16:01:40.988 [http-nio-8099-exec-6] DEBUG o.s.web.servlet.DispatcherServlet POST "/vks-service/api/v1/auth/login", parameters={}
[Service: vks-service CorrelationId: 371c8259-4805-4514-93fa-97962347957d TraceId: 6ac0d98c55947328bd633544003110d0 SpanId: adb02556e3703d55] 2026-10-03 16:01:40.988 [http-nio-8099-exec-6] DEBUG o.s.w.s.m.m.a.RequestMappingHandlerMapping Mapped to com.vks.interfaces.login.controller.LoginController#login(LoginRequest)
[Service: vks-service CorrelationId: 371c8259-4805-4514-93fa-97962347957d TraceId: 6ac0d98c55947328bd633544003110d0 SpanId: adb02556e3703d55] 2026-10-03 16:01:40.989 [http-nio-8099-exec-6] DEBUG o.s.w.s.m.m.a.RequestResponseBodyMethodProcessor Read "application/json;charset=UTF-8" to [LoginRequest(username=9000000001, password=Password123!)]
[Service: vks-service CorrelationId: 371c8259-4805-4514-93fa-97962347957d TraceId: 6ac0d98c55947328bd633544003110d0 SpanId: adb02556e3703d55] 2026-10-03 16:01:40.989 [http-nio-8099-exec-6] INFO  c.v.i.login.service.LoginServiceImpl Login attempt for username: 9000000001
[Service: vks-service CorrelationId: 371c8259-4805-4514-93fa-97962347957d TraceId: 6ac0d98c55947328bd633544003110d0 SpanId: adb02556e3703d55] 2026-10-03 16:01:41.087 [http-nio-8099-exec-6] INFO  c.v.i.login.service.LoginServiceImpl Login successful for username: 9000000001, id: 2
[Service: vks-service CorrelationId: 371c8259-4805-4514-93fa-97962347957d TraceId: 6ac0d98c55947328bd633544003110d0 SpanId: adb02556e3703d55] 2026-10-03 16:01:41.087 [http-nio-8099-exec-6] DEBUG o.s.w.s.m.m.a.HttpEntityMethodProcessor Using 'application/json', given [*/*] and supported [application/json, application/*+json, application/yaml]
[Service: vks-service CorrelationId: 371c8259-4805-4514-93fa-97962347957d TraceId: 6ac0d98c55947328bd633544003110d0 SpanId: adb02556e3703d55] 2026-10-03 16:01:41.087 [http-nio-8099-exec-6] DEBUG o.s.w.s.m.m.a.HttpEntityMethodProcessor Writing [LoginResponse(success=true, message=Login successful, token=eyJhbGciOiJIUzI1NiJ9.eyJzdWIiOiIyIiwidXN (truncated)...]
[Service: vks-service CorrelationId: 371c8259-4805-4514-93fa-97962347957d TraceId: 6ac0d98c55947328bd633544003110d0 SpanId: adb02556e3703d55] 2026-10-03 16:01:41.088 [http-nio-8099-exec-6] DEBUG o.s.web.servlet.DispatcherServlet Completed 200 OK
[Service: vks-service CorrelationId:  TraceId: 6ac0d98df2dc265f87aa443ada7c0f28 SpanId: db64831d7a248923] 2026-10-03 16:01:41.121 [http-nio-8099-exec-8] INFO  c.v.security.JwtAuthenticationFilter Incoming request: POST /vks-service/api/v1/tenant-admin/events/2f3a0972-fd1a-4418-83ff-1ce464b7ee2d/slots
[Service: vks-service CorrelationId:  TraceId: 6ac0d98df2dc265f87aa443ada7c0f28 SpanId: db64831d7a248923] 2026-10-03 16:01:41.121 [http-nio-8099-exec-8] DEBUG c.v.security.JwtAuthenticationFilter Bearer token present: true
[Service: vks-service CorrelationId:  TraceId: 6ac0d98df2dc265f87aa443ada7c0f28 SpanId: db64831d7a248923] 2026-10-03 16:01:41.123 [http-nio-8099-exec-8] INFO  c.v.security.JwtAuthenticationFilter Authenticated user: 2 in tenant: tenant-e2e with role: TENANT_ADMIN
[Service: vks-service CorrelationId: 5080080f-6715-4b95-bdb4-5f2edb8922e5 TraceId: 6ac0d98df2dc265f87aa443ada7c0f28 SpanId: b6b394d041a87d04] 2026-10-03 16:01:41.124 [http-nio-8099-exec-8] DEBUG o.s.web.servlet.DispatcherServlet POST "/vks-service/api/v1/tenant-admin/events/2f3a0972-fd1a-4418-83ff-1ce464b7ee2d/slots", parameters={}
[Service: vks-service CorrelationId: 5080080f-6715-4b95-bdb4-5f2edb8922e5 TraceId: 6ac0d98df2dc265f87aa443ada7c0f28 SpanId: b6b394d041a87d04] 2026-10-03 16:01:41.124 [http-nio-8099-exec-8] DEBUG o.s.w.s.m.m.a.RequestMappingHandlerMapping Mapped to com.vks.interfaces.slot.controller.SlotController#createSlot(UUID, SlotRequest)
[Service: vks-service CorrelationId: 5080080f-6715-4b95-bdb4-5f2edb8922e5 TraceId: 6ac0d98df2dc265f87aa443ada7c0f28 SpanId: b6b394d041a87d04] 2026-10-03 16:01:41.125 [http-nio-8099-exec-8] DEBUG o.s.w.s.m.m.a.RequestResponseBodyMethodProcessor Read "application/json;charset=UTF-8" to [SlotRequest(slotDate=2026-10-10, startTime=09:00, endTime=10:00, price=499.0, capacity=10)]
[Service: vks-service CorrelationId: 5080080f-6715-4b95-bdb4-5f2edb8922e5 TraceId: 6ac0d98df2dc265f87aa443ada7c0f28 SpanId: b6b394d041a87d04] 2026-10-03 16:01:41.126 [http-nio-8099-exec-8] INFO  c.v.i.slot.service.SlotServiceImpl Creating slot for event id: 2f3a0972-fd1a-4418-83ff-1ce464b7ee2d
[Service: vks-service CorrelationId: 5080080f-6715-4b95-bdb4-5f2edb8922e5 TraceId: 6ac0d98df2dc265f87aa443ada7c0f28 SpanId: b6b394d041a87d04] 2026-10-03 16:01:41.133 [http-nio-8099-exec-8] DEBUG o.s.w.s.m.m.a.HttpEntityMethodProcessor Using 'application/json', given [*/*] and supported [application/json, application/*+json, application/yaml]
[Service: vks-service CorrelationId: 5080080f-6715-4b95-bdb4-5f2edb8922e5 TraceId: 6ac0d98df2dc265f87aa443ada7c0f28 SpanId: b6b394d041a87d04] 2026-10-03 16:01:41.134 [http-nio-8099-exec-8] DEBUG o.s.w.s.m.m.a.HttpEntityMethodProcessor Writing [SlotResponse(slotId=352a602a-8602-4b7a-9694-6961a9bb3fb7, eventId=2f3a0972-fd1a-4418-83ff-1ce464b7ee (truncated)...]
[Service: vks-service CorrelationId: 5080080f-6715-4b95-bdb4-5f2edb8922e5 TraceId: 6ac0d98df2dc265f87aa443ada7c0f28 SpanId: b6b394d041a87d04] 2026-10-03 16:01:41.134 [http-nio-8099-exec-8] DEBUG o.s.web.servlet.DispatcherServlet Completed 201 CREATED
[Service: vks-service CorrelationId:  TraceId: 6ac0d99c079a67f4d877d0bc2ef27fc8 SpanId: d959144942b58a40] 2026-10-03 16:01:56.016 [http-nio-8099-exec-9] INFO  c.v.security.JwtAuthenticationFilter Incoming request: POST /vks-service/api/v1/auth/login
[Service: vks-service CorrelationId:  TraceId: 6ac0d99c079a67f4d877d0bc2ef27fc8 SpanId: d959144942b58a40] 2026-10-03 16:01:56.017 [http-nio-8099-exec-9] DEBUG c.v.security.JwtAuthenticationFilter Bearer token present: false
[Service: vks-service CorrelationId:  TraceId: 6ac0d99c079a67f4d877d0bc2ef27fc8 SpanId: d959144942b58a40] 2026-10-03 16:01:56.017 [http-nio-8099-exec-9] DEBUG c.v.security.JwtAuthenticationFilter No valid access JWT token found for request: /vks-service/api/v1/auth/login
[Service: vks-service CorrelationId: a25d8425-5914-4db8-a62a-b4085b8185a0 TraceId: 6ac0d99c079a67f4d877d0bc2ef27fc8 SpanId: ae591ed1c458df0f] 2026-10-03 16:01:56.017 [http-nio-8099-exec-9] DEBUG o.s.web.servlet.DispatcherServlet POST "/vks-service/api/v1/auth/login", parameters={}
[Service: vks-service CorrelationId: a25d8425-5914-4db8-a62a-b4085b8185a0 TraceId: 6ac0d99c079a67f4d877d0bc2ef27fc8 SpanId: ae591ed1c458df0f] 2026-10-03 16:01:56.018 [http-nio-8099-exec-9] DEBUG o.s.w.s.m.m.a.RequestMappingHandlerMapping Mapped to com.vks.interfaces.login.controller.LoginController#login(LoginRequest)
[Service: vks-service CorrelationId: a25d8425-5914-4db8-a62a-b4085b8185a0 TraceId: 6ac0d99c079a67f4d877d0bc2ef27fc8 SpanId: ae591ed1c458df0f] 2026-10-03 16:01:56.018 [http-nio-8099-exec-9] DEBUG o.s.w.s.m.m.a.RequestResponseBodyMethodProcessor Read "application/json;charset=UTF-8" to [LoginRequest(username=9000000002, password=Password123!)]
[Service: vks-service CorrelationId: a25d8425-5914-4db8-a62a-b4085b8185a0 TraceId: 6ac0d99c079a67f4d877d0bc2ef27fc8 SpanId: ae591ed1c458df0f] 2026-10-03 16:01:56.019 [http-nio-8099-exec-9] INFO  c.v.i.login.service.LoginServiceImpl Login attempt for username: 9000000002
[Service: vks-service CorrelationId: a25d8425-5914-4db8-a62a-b4085b8185a0 TraceId: 6ac0d99c079a67f4d877d0bc2ef27fc8 SpanId: ae591ed1c458df0f] 2026-10-03 16:01:56.115 [http-nio-8099-exec-9] INFO  c.v.i.login.service.LoginServiceImpl Login successful for username: 9000000002, id: 1
[Service: vks-service CorrelationId: a25d8425-5914-4db8-a62a-b4085b8185a0 TraceId: 6ac0d99c079a67f4d877d0bc2ef27fc8 SpanId: ae591ed1c458df0f] 2026-10-03 16:01:56.115 [http-nio-8099-exec-9] DEBUG o.s.w.s.m.m.a.HttpEntityMethodProcessor Using 'application/json', given [*/*] and supported [application/json, application/*+json, application/yaml]
[Service: vks-service CorrelationId: a25d8425-5914-4db8-a62a-b4085b8185a0 TraceId: 6ac0d99c079a67f4d877d0bc2ef27fc8 SpanId: ae591ed1c458df0f] 2026-10-03 16:01:56.116 [http-nio-8099-exec-9] DEBUG o.s.w.s.m.m.a.HttpEntityMethodProcessor Writing [LoginResponse(success=true, message=Login successful, token=eyJhbGciOiJIUzI1NiJ9.eyJzdWIiOiIxIiwidXN (truncated)...]
[Service: vks-service CorrelationId: a25d8425-5914-4db8-a62a-b4085b8185a0 TraceId: 6ac0d99c079a67f4d877d0bc2ef27fc8 SpanId: ae591ed1c458df0f] 2026-10-03 16:01:56.116 [http-nio-8099-exec-9] DEBUG o.s.web.servlet.DispatcherServlet Completed 200 OK
[Service: vks-service CorrelationId:  TraceId: 6ac0d99cc9536e6102727bdc606776e4 SpanId: e7f188d2a5f6af9f] 2026-10-03 16:01:56.145 [http-nio-8099-exec-1] INFO  c.v.security.JwtAuthenticationFilter Incoming request: POST /vks-service/api/v1/customer/bookings
[Service: vks-service CorrelationId:  TraceId: 6ac0d99cc9536e6102727bdc606776e4 SpanId: e7f188d2a5f6af9f] 2026-10-03 16:01:56.145 [http-nio-8099-exec-1] DEBUG c.v.security.JwtAuthenticationFilter Bearer token present: true
[Service: vks-service CorrelationId:  TraceId: 6ac0d99cc9536e6102727bdc606776e4 SpanId: e7f188d2a5f6af9f] 2026-10-03 16:01:56.146 [http-nio-8099-exec-1] INFO  c.v.security.JwtAuthenticationFilter Authenticated user: 1 in tenant: tenant-e2e with role: CUSTOMER
[Service: vks-service CorrelationId: 7fde0992-1494-482a-b084-2c028020d937 TraceId: 6ac0d99cc9536e6102727bdc606776e4 SpanId: a27e347202ba8e0a] 2026-10-03 16:01:56.147 [http-nio-8099-exec-1] DEBUG o.s.web.servlet.DispatcherServlet POST "/vks-service/api/v1/customer/bookings", parameters={}
[Service: vks-service CorrelationId: 7fde0992-1494-482a-b084-2c028020d937 TraceId: 6ac0d99cc9536e6102727bdc606776e4 SpanId: a27e347202ba8e0a] 2026-10-03 16:01:56.147 [http-nio-8099-exec-1] DEBUG o.s.w.s.m.m.a.RequestMappingHandlerMapping Mapped to com.vks.interfaces.bookings.controller.BookingController#createBooking(BookingRequest)
[Service: vks-service CorrelationId: 7fde0992-1494-482a-b084-2c028020d937 TraceId: 6ac0d99cc9536e6102727bdc606776e4 SpanId: a27e347202ba8e0a] 2026-10-03 16:01:56.148 [http-nio-8099-exec-1] DEBUG o.s.w.s.m.m.a.RequestResponseBodyMethodProcessor Read "application/json;charset=UTF-8" to [BookingRequest(eventId=2f3a0972-fd1a-4418-83ff-1ce464b7ee2d, slotId=352a602a-8602-4b7a-9694-6961a9bb (truncated)...]
[Service: vks-service CorrelationId: 7fde0992-1494-482a-b084-2c028020d937 TraceId: 6ac0d99cc9536e6102727bdc606776e4 SpanId: a27e347202ba8e0a] 2026-10-03 16:01:56.148 [http-nio-8099-exec-1] INFO  c.v.i.b.service.BookingServiceImpl Creating booking for event id: 2f3a0972-fd1a-4418-83ff-1ce464b7ee2d, slot id: 352a602a-8602-4b7a-9694-6961a9bb3fb7, user: 1
[Service: vks-service CorrelationId: 7fde0992-1494-482a-b084-2c028020d937 TraceId: 6ac0d99cc9536e6102727bdc606776e4 SpanId: a27e347202ba8e0a] 2026-10-03 16:01:56.168 [http-nio-8099-exec-1] DEBUG o.s.w.s.m.m.a.ExceptionHandlerExceptionResolver Using @ExceptionHandler com.vks.common.exception.GlobalExceptionHandler#handleRuntime(RuntimeException, HttpServletRequest)
[Service: vks-service CorrelationId: 7fde0992-1494-482a-b084-2c028020d937 TraceId: 6ac0d99cc9536e6102727bdc606776e4 SpanId: a27e347202ba8e0a] 2026-10-03 16:01:56.168 [http-nio-8099-exec-1] DEBUG o.s.w.s.m.m.a.HttpEntityMethodProcessor Using 'application/json', given [*/*] and supported [application/json, application/*+json, application/yaml]
[Service: vks-service CorrelationId: 7fde0992-1494-482a-b084-2c028020d937 TraceId: 6ac0d99cc9536e6102727bdc606776e4 SpanId: a27e347202ba8e0a] 2026-10-03 16:01:56.168 [http-nio-8099-exec-1] DEBUG o.s.w.s.m.m.a.HttpEntityMethodProcessor Writing [ApiError[timestamp=2026-10-03T16:01:56.168544, status=500, error=Internal Server Error, message=Can' (truncated)...]
[Service: vks-service CorrelationId: 7fde0992-1494-482a-b084-2c028020d937 TraceId: 6ac0d99cc9536e6102727bdc606776e4 SpanId: a27e347202ba8e0a] 2026-10-03 16:01:56.169 [http-nio-8099-exec-1] DEBUG o.s.w.s.m.m.a.ExceptionHandlerExceptionResolver Resolved [org.apache.kafka.common.errors.SerializationException: Can't convert value of class com.vks.interfaces.bookings.events.BookingEvent to class org.apache.kafka.common.serialization.StringSerializer specified in value.serializer]
[Service: vks-service CorrelationId: 7fde0992-1494-482a-b084-2c028020d937 TraceId: 6ac0d99cc9536e6102727bdc606776e4 SpanId: a27e347202ba8e0a] 2026-10-03 16:01:56.169 [http-nio-8099-exec-1] DEBUG o.s.web.servlet.DispatcherServlet Completed 500 INTERNAL_SERVER_ERROR
[Service: vks-service CorrelationId:  TraceId:  SpanId: ] 2026-10-03 16:02:30.167 [SpringApplicationShutdownHook] INFO  o.s.b.w.e.tomcat.GracefulShutdown Commencing graceful shutdown. Waiting for active requests to complete
[Service: vks-service CorrelationId:  TraceId:  SpanId: ] 2026-10-03 16:02:30.169 [tomcat-shutdown] INFO  o.s.b.w.e.tomcat.GracefulShutdown Graceful shutdown complete
[Service: vks-service CorrelationId:  TraceId:  SpanId: ] 2026-10-03 16:02:30.188 [SpringApplicationShutdownHook] INFO  o.a.k.clients.producer.KafkaProducer [Producer clientId=vks-service-producer-1] Closing the Kafka producer with timeoutMillis = 30000 ms.
[Service: vks-service CorrelationId:  TraceId:  SpanId: ] 2026-10-03 16:02:30.194 [SpringApplicationShutdownHook] INFO  o.a.kafka.common.metrics.Metrics Metrics scheduler closed
[Service: vks-service CorrelationId:  TraceId:  SpanId: ] 2026-10-03 16:02:30.194 [SpringApplicationShutdownHook] INFO  o.a.kafka.common.metrics.Metrics Closing reporter org.apache.kafka.common.metrics.JmxReporter
[Service: vks-service CorrelationId:  TraceId:  SpanId: ] 2026-10-03 16:02:30.194 [SpringApplicationShutdownHook] INFO  o.a.kafka.common.metrics.Metrics Closing reporter org.apache.kafka.common.telemetry.internals.ClientTelemetryReporter
[Service: vks-service CorrelationId:  TraceId:  SpanId: ] 2026-10-03 16:02:30.194 [SpringApplicationShutdownHook] INFO  o.a.kafka.common.metrics.Metrics Metrics reporters closed
[Service: vks-service CorrelationId:  TraceId:  SpanId: ] 2026-10-03 16:02:30.194 [SpringApplicationShutdownHook] INFO  o.a.kafka.common.utils.AppInfoParser App info kafka.producer for vks-service-producer-1 unregistered
[Service: vks-service CorrelationId:  TraceId:  SpanId: ] 2026-10-03 16:02:30.204 [SpringApplicationShutdownHook] INFO  o.s.o.j.LocalContainerEntityManagerFactoryBean Closing JPA EntityManagerFactory for persistence unit 'default'
[Service: vks-service CorrelationId:  TraceId:  SpanId: ] 2026-10-03 16:02:30.205 [SpringApplicationShutdownHook] INFO  com.zaxxer.hikari.HikariDataSource HikariPool-1 - Shutdown initiated...
[Service: vks-service CorrelationId:  TraceId:  SpanId: ] 2026-10-03 16:02:30.215 [SpringApplicationShutdownHook] INFO  com.zaxxer.hikari.HikariDataSource HikariPool-1 - Shutdown completed.
[Service: vks-service CorrelationId:  TraceId:  SpanId: ] 2026-10-03 16:02:51.256 [main] INFO  com.vks.VksServiceMainApplication Starting VksServiceMainApplication using Java 21.0.12 with PID 68474 (/Users/bittu.kumar/Documents/GitHub-Binnu/vks-service/target/classes started by bittu.kumar in /Users/bittu.kumar/Documents/GitHub-Binnu/vks-service)
[Service: vks-service CorrelationId:  TraceId:  SpanId: ] 2026-10-03 16:02:51.257 [main] DEBUG com.vks.VksServiceMainApplication Running with Spring Boot v3.5.5, Spring v6.2.10
[Service: vks-service CorrelationId:  TraceId:  SpanId: ] 2026-10-03 16:02:51.257 [main] INFO  com.vks.VksServiceMainApplication The following 1 profile is active: "local"
[Service: vks-service CorrelationId:  TraceId:  SpanId: ] 2026-10-03 16:02:52.194 [main] INFO  o.s.d.r.c.RepositoryConfigurationDelegate Bootstrapping Spring Data JPA repositories in DEFAULT mode.
[Service: vks-service CorrelationId:  TraceId:  SpanId: ] 2026-10-03 16:02:52.450 [main] INFO  o.s.d.r.c.RepositoryConfigurationDelegate Finished Spring Data repository scanning in 247 ms. Found 9 JPA repository interfaces.
[Service: vks-service CorrelationId:  TraceId:  SpanId: ] 2026-10-03 16:02:52.691 [main] INFO  o.s.cloud.context.scope.GenericScope BeanFactory id=16cc4afc-366c-31c5-a899-74193a354cfd
[Service: vks-service CorrelationId:  TraceId:  SpanId: ] 2026-10-03 16:02:52.750 [main] INFO  c.u.j.c.EnableEncryptablePropertiesBeanFactoryPostProcessor Post-processing PropertySource instances
[Service: vks-service CorrelationId:  TraceId:  SpanId: ] 2026-10-03 16:02:52.750 [main] INFO  c.u.j.EncryptablePropertySourceConverter Skipping PropertySource configurationProperties [class org.springframework.boot.context.properties.source.ConfigurationPropertySourcesPropertySource
[Service: vks-service CorrelationId:  TraceId:  SpanId: ] 2026-10-03 16:02:52.751 [main] INFO  c.u.j.EncryptablePropertySourceConverter Skipping PropertySource servletConfigInitParams [class org.springframework.core.env.PropertySource$StubPropertySource
[Service: vks-service CorrelationId:  TraceId:  SpanId: ] 2026-10-03 16:02:52.751 [main] INFO  c.u.j.EncryptablePropertySourceConverter Skipping PropertySource servletContextInitParams [class org.springframework.core.env.PropertySource$StubPropertySource
[Service: vks-service CorrelationId:  TraceId:  SpanId: ] 2026-10-03 16:02:52.752 [main] INFO  c.u.j.EncryptablePropertySourceConverter Converting PropertySource systemProperties [org.springframework.core.env.PropertiesPropertySource] to EncryptableMapPropertySourceWrapper
[Service: vks-service CorrelationId:  TraceId:  SpanId: ] 2026-10-03 16:02:52.752 [main] INFO  c.u.j.EncryptablePropertySourceConverter Converting PropertySource systemEnvironment [org.springframework.boot.env.SystemEnvironmentPropertySourceEnvironmentPostProcessor$OriginAwareSystemEnvironmentPropertySource] to EncryptableSystemEnvironmentPropertySourceWrapper
[Service: vks-service CorrelationId:  TraceId:  SpanId: ] 2026-10-03 16:02:52.752 [main] INFO  c.u.j.EncryptablePropertySourceConverter Converting PropertySource random [org.springframework.boot.env.RandomValuePropertySource] to EncryptablePropertySourceWrapper
[Service: vks-service CorrelationId:  TraceId:  SpanId: ] 2026-10-03 16:02:52.752 [main] INFO  c.u.j.EncryptablePropertySourceConverter Converting PropertySource cachedrandom [org.springframework.cloud.util.random.CachedRandomPropertySource] to EncryptablePropertySourceWrapper
[Service: vks-service CorrelationId:  TraceId:  SpanId: ] 2026-10-03 16:02:52.752 [main] INFO  c.u.j.EncryptablePropertySourceConverter Converting PropertySource Config resource 'class path resource [application.yml]' via location 'optional:classpath:/' [org.springframework.boot.env.OriginTrackedMapPropertySource] to EncryptableMapPropertySourceWrapper
[Service: vks-service CorrelationId:  TraceId:  SpanId: ] 2026-10-03 16:02:52.752 [main] INFO  c.u.j.EncryptablePropertySourceConverter Converting PropertySource springCloudClientHostInfo [org.springframework.core.env.MapPropertySource] to EncryptableMapPropertySourceWrapper
[Service: vks-service CorrelationId:  TraceId:  SpanId: ] 2026-10-03 16:02:52.752 [main] INFO  c.u.j.EncryptablePropertySourceConverter Converting PropertySource logCorrelation [org.springframework.boot.actuate.autoconfigure.tracing.LogCorrelationEnvironmentPostProcessor$LogCorrelationPropertySource] to EncryptableEnumerablePropertySourceWrapper
[Service: vks-service CorrelationId:  TraceId:  SpanId: ] 2026-10-03 16:02:52.752 [main] INFO  c.u.j.EncryptablePropertySourceConverter Converting PropertySource applicationInfo [org.springframework.boot.ApplicationInfoPropertySource] to EncryptableMapPropertySourceWrapper
[Service: vks-service CorrelationId:  TraceId:  SpanId: ] 2026-10-03 16:02:52.980 [main] INFO  o.s.b.w.e.tomcat.TomcatWebServer Tomcat initialized with port 8099 (http)
[Service: vks-service CorrelationId:  TraceId:  SpanId: ] 2026-10-03 16:02:52.991 [main] INFO  o.a.catalina.core.StandardService Starting service [Tomcat]
[Service: vks-service CorrelationId:  TraceId:  SpanId: ] 2026-10-03 16:02:52.991 [main] INFO  o.a.catalina.core.StandardEngine Starting Servlet engine: [Apache Tomcat/10.1.44]
[Service: vks-service CorrelationId:  TraceId:  SpanId: ] 2026-10-03 16:02:53.036 [main] INFO  o.a.c.c.C.[.[.[/vks-service] Initializing Spring embedded WebApplicationContext
[Service: vks-service CorrelationId:  TraceId:  SpanId: ] 2026-10-03 16:02:53.036 [main] INFO  o.s.b.w.s.c.ServletWebServerApplicationContext Root WebApplicationContext: initialization completed in 1755 ms
[Service: vks-service CorrelationId:  TraceId:  SpanId: ] 2026-10-03 16:02:53.084 [main] INFO  c.u.j.f.DefaultLazyPropertyFilter Property Filter custom Bean not found with name 'encryptablePropertyFilter'. Initializing Default Property Filter
[Service: vks-service CorrelationId:  TraceId:  SpanId: ] 2026-10-03 16:02:53.089 [main] INFO  c.u.j.r.DefaultLazyPropertyResolver Property Resolver custom Bean not found with name 'encryptablePropertyResolver'. Initializing Default Property Resolver
[Service: vks-service CorrelationId:  TraceId:  SpanId: ] 2026-10-03 16:02:53.090 [main] INFO  c.u.j.d.DefaultLazyPropertyDetector Property Detector custom Bean not found with name 'encryptablePropertyDetector'. Initializing Default Property Detector
[Service: vks-service CorrelationId:  TraceId:  SpanId: ] 2026-10-03 16:02:53.196 [main] INFO  o.s.b.web.servlet.RegistrationBean Filter jwtFilterRegistration was not registered (disabled)
[Service: vks-service CorrelationId:  TraceId:  SpanId: ] 2026-10-03 16:02:53.211 [main] DEBUG c.v.c.filter.CorrelationIdFilter Filter 'correlationIdFilter' configured for use
[Service: vks-service CorrelationId:  TraceId:  SpanId: ] 2026-10-03 16:02:53.211 [main] DEBUG o.s.w.f.ServerHttpObservationFilter Filter 'webMvcObservationFilter' configured for use
[Service: vks-service CorrelationId:  TraceId:  SpanId: ] 2026-10-03 16:02:53.212 [main] DEBUG c.v.c.filter.LoginRateLimitFilter Filter 'loginRateLimitFilter' configured for use
[Service: vks-service CorrelationId:  TraceId:  SpanId: ] 2026-10-03 16:02:53.359 [main] INFO  com.zaxxer.hikari.HikariDataSource HikariPool-1 - Starting...
[Service: vks-service CorrelationId:  TraceId:  SpanId: ] 2026-10-03 16:02:53.478 [main] INFO  com.zaxxer.hikari.pool.HikariPool HikariPool-1 - Added connection org.postgresql.jdbc.PgConnection@6d5de79a
[Service: vks-service CorrelationId:  TraceId:  SpanId: ] 2026-10-03 16:02:53.479 [main] INFO  com.zaxxer.hikari.HikariDataSource HikariPool-1 - Start completed.
[Service: vks-service CorrelationId:  TraceId:  SpanId: ] 2026-10-03 16:02:53.500 [main] INFO  org.flywaydb.core.FlywayExecutor Database: jdbc:postgresql://localhost:5432/booking_platform (PostgreSQL 16.15)
[Service: vks-service CorrelationId:  TraceId:  SpanId: ] 2026-10-03 16:02:53.544 [main] INFO  o.f.core.internal.command.DbValidate Successfully validated 2 migrations (execution time 00:00.023s)
[Service: vks-service CorrelationId:  TraceId:  SpanId: ] 2026-10-03 16:02:53.584 [main] INFO  o.f.core.internal.command.DbMigrate Current version of schema "public": 2
[Service: vks-service CorrelationId:  TraceId:  SpanId: ] 2026-10-03 16:02:53.586 [main] INFO  o.f.core.internal.command.DbMigrate Schema "public" is up to date. No migration necessary.
[Service: vks-service CorrelationId:  TraceId:  SpanId: ] 2026-10-03 16:02:53.662 [main] INFO  o.h.jpa.internal.util.LogHelper HHH000204: Processing PersistenceUnitInfo [name: default]
[Service: vks-service CorrelationId:  TraceId:  SpanId: ] 2026-10-03 16:02:53.707 [main] INFO  org.hibernate.Version HHH000412: Hibernate ORM core version 6.6.26.Final
[Service: vks-service CorrelationId:  TraceId:  SpanId: ] 2026-10-03 16:02:53.733 [main] INFO  o.h.c.i.RegionFactoryInitiator HHH000026: Second-level cache disabled
[Service: vks-service CorrelationId:  TraceId:  SpanId: ] 2026-10-03 16:02:53.957 [main] INFO  o.s.o.j.p.SpringPersistenceUnitInfo No LoadTimeWeaver setup: ignoring JPA class transformer
[Service: vks-service CorrelationId:  TraceId:  SpanId: ] 2026-10-03 16:02:54.056 [main] INFO  o.hibernate.orm.connections.pooling HHH10001005: Database info:
	Database JDBC URL [Connecting through datasource 'HikariDataSource (HikariPool-1)']
	Database driver: undefined/unknown
	Database version: 16.15
	Autocommit mode: undefined/unknown
	Isolation level: undefined/unknown
	Minimum pool size: undefined/unknown
	Maximum pool size: undefined/unknown
[Service: vks-service CorrelationId:  TraceId:  SpanId: ] 2026-10-03 16:02:54.820 [main] INFO  o.h.e.t.j.p.i.JtaPlatformInitiator HHH000489: No JTA platform available (set 'hibernate.transaction.jta.platform' to enable JTA platform integration)
[Service: vks-service CorrelationId:  TraceId:  SpanId: ] 2026-10-03 16:02:54.988 [main] INFO  o.s.o.j.LocalContainerEntityManagerFactoryBean Initialized JPA EntityManagerFactory for persistence unit 'default'
[Service: vks-service CorrelationId:  TraceId:  SpanId: ] 2026-10-03 16:02:55.230 [main] INFO  o.s.d.j.r.query.QueryEnhancerFactory Hibernate is in classpath; If applicable, HQL parser will be used.
[Service: vks-service CorrelationId:  TraceId:  SpanId: ] 2026-10-03 16:02:56.260 [main] WARN  o.s.b.a.o.j.JpaBaseConfiguration$JpaWebConfiguration spring.jpa.open-in-view is enabled by default. Therefore, database queries may be performed during view rendering. Explicitly configure spring.jpa.open-in-view to disable this warning
[Service: vks-service CorrelationId:  TraceId:  SpanId: ] 2026-10-03 16:02:56.344 [main] DEBUG o.s.w.s.m.m.a.RequestMappingHandlerMapping 38 mappings in 'requestMappingHandlerMapping'
[Service: vks-service CorrelationId:  TraceId:  SpanId: ] 2026-10-03 16:02:56.410 [main] DEBUG o.s.w.s.h.SimpleUrlHandlerMapping Patterns [/webjars/**, /**, /swagger-ui*/*swagger-initializer.js, /swagger-ui*/**] in 'resourceHandlerMapping'
[Service: vks-service CorrelationId:  TraceId:  SpanId: ] 2026-10-03 16:02:56.494 [main] INFO  o.s.b.a.e.web.EndpointLinksResolver Exposing 1 endpoint beneath base path '/actuator'
[Service: vks-service CorrelationId:  TraceId:  SpanId: ] 2026-10-03 16:02:56.521 [main] WARN  o.s.b.a.s.s.UserDetailsServiceAutoConfiguration 

Using generated security password: 8b28ddaf-d131-4e19-9fab-9b48f2f71023

This generated password is for development use only. Your security configuration must be updated before running your application in production.

[Service: vks-service CorrelationId:  TraceId:  SpanId: ] 2026-10-03 16:02:56.526 [main] INFO  o.s.s.c.a.a.c.InitializeUserDetailsBeanManagerConfigurer$InitializeUserDetailsManagerConfigurer Global AuthenticationManager configured with UserDetailsService bean with name inMemoryUserDetailsManager
[Service: vks-service CorrelationId:  TraceId:  SpanId: ] 2026-10-03 16:02:56.654 [main] DEBUG o.s.w.s.m.m.a.RequestMappingHandlerAdapter ControllerAdvice beans: 0 @ModelAttribute, 0 @InitBinder, 1 RequestBodyAdvice, 1 ResponseBodyAdvice
[Service: vks-service CorrelationId:  TraceId:  SpanId: ] 2026-10-03 16:02:56.695 [main] DEBUG o.s.w.s.m.m.a.ExceptionHandlerExceptionResolver ControllerAdvice beans: 2 @ExceptionHandler, 1 ResponseBodyAdvice
[Service: vks-service CorrelationId:  TraceId:  SpanId: ] 2026-10-03 16:02:56.975 [main] INFO  o.s.b.w.e.tomcat.TomcatWebServer Tomcat started on port 8099 (http) with context path '/vks-service'
[Service: vks-service CorrelationId:  TraceId:  SpanId: ] 2026-10-03 16:02:56.977 [main] INFO  c.u.j.c.RefreshScopeRefreshedEventListener Refreshing cached encryptable property sources on ServletWebServerInitializedEvent
[Service: vks-service CorrelationId:  TraceId:  SpanId: ] 2026-10-03 16:02:56.977 [main] INFO  c.u.j.c.CachingDelegateEncryptablePropertySource Property Source systemProperties refreshed
[Service: vks-service CorrelationId:  TraceId:  SpanId: ] 2026-10-03 16:02:56.977 [main] INFO  c.u.j.c.CachingDelegateEncryptablePropertySource Property Source systemEnvironment refreshed
[Service: vks-service CorrelationId:  TraceId:  SpanId: ] 2026-10-03 16:02:56.977 [main] INFO  c.u.j.c.CachingDelegateEncryptablePropertySource Property Source random refreshed
[Service: vks-service CorrelationId:  TraceId:  SpanId: ] 2026-10-03 16:02:56.977 [main] INFO  c.u.j.c.CachingDelegateEncryptablePropertySource Property Source cachedrandom refreshed
[Service: vks-service CorrelationId:  TraceId:  SpanId: ] 2026-10-03 16:02:56.977 [main] INFO  c.u.j.c.CachingDelegateEncryptablePropertySource Property Source Config resource 'class path resource [application.yml]' via location 'optional:classpath:/' refreshed
[Service: vks-service CorrelationId:  TraceId:  SpanId: ] 2026-10-03 16:02:56.977 [main] INFO  c.u.j.c.CachingDelegateEncryptablePropertySource Property Source springCloudClientHostInfo refreshed
[Service: vks-service CorrelationId:  TraceId:  SpanId: ] 2026-10-03 16:02:56.977 [main] INFO  c.u.j.c.CachingDelegateEncryptablePropertySource Property Source logCorrelation refreshed
[Service: vks-service CorrelationId:  TraceId:  SpanId: ] 2026-10-03 16:02:56.977 [main] INFO  c.u.j.c.CachingDelegateEncryptablePropertySource Property Source applicationInfo refreshed
[Service: vks-service CorrelationId:  TraceId:  SpanId: ] 2026-10-03 16:02:56.977 [main] INFO  c.u.j.EncryptablePropertySourceConverter Skipping PropertySource configurationProperties [class org.springframework.boot.context.properties.source.ConfigurationPropertySourcesPropertySource
[Service: vks-service CorrelationId:  TraceId:  SpanId: ] 2026-10-03 16:02:56.977 [main] INFO  c.u.j.EncryptablePropertySourceConverter Skipping PropertySource servletConfigInitParams [class org.springframework.core.env.PropertySource$StubPropertySource
[Service: vks-service CorrelationId:  TraceId:  SpanId: ] 2026-10-03 16:02:56.978 [main] INFO  c.u.j.EncryptablePropertySourceConverter Converting PropertySource servletContextInitParams [org.springframework.web.context.support.ServletContextPropertySource] to EncryptableEnumerablePropertySourceWrapper
[Service: vks-service CorrelationId:  TraceId:  SpanId: ] 2026-10-03 16:02:56.978 [main] INFO  c.u.j.EncryptablePropertySourceConverter Converting PropertySource Management Server [org.springframework.boot.actuate.autoconfigure.web.server.ManagementContextAutoConfiguration$LocalManagementPortPropertySource] to EncryptableEnumerablePropertySourceWrapper
[Service: vks-service CorrelationId:  TraceId:  SpanId: ] 2026-10-03 16:02:56.999 [main] INFO  com.vks.VksServiceMainApplication Started VksServiceMainApplication in 6.101 seconds (process running for 6.465)
[Service: vks-service CorrelationId:  TraceId:  SpanId: ] 2026-10-03 16:03:41.313 [http-nio-8099-exec-1] INFO  o.a.c.c.C.[.[.[/vks-service] Initializing Spring DispatcherServlet 'dispatcherServlet'
[Service: vks-service CorrelationId:  TraceId:  SpanId: ] 2026-10-03 16:03:41.314 [http-nio-8099-exec-1] INFO  o.s.web.servlet.DispatcherServlet Initializing Servlet 'dispatcherServlet'
[Service: vks-service CorrelationId:  TraceId:  SpanId: ] 2026-10-03 16:03:41.314 [http-nio-8099-exec-1] DEBUG o.s.web.servlet.DispatcherServlet Detected StandardServletMultipartResolver
[Service: vks-service CorrelationId:  TraceId:  SpanId: ] 2026-10-03 16:03:41.314 [http-nio-8099-exec-1] DEBUG o.s.web.servlet.DispatcherServlet Detected AcceptHeaderLocaleResolver
[Service: vks-service CorrelationId:  TraceId:  SpanId: ] 2026-10-03 16:03:41.314 [http-nio-8099-exec-1] DEBUG o.s.web.servlet.DispatcherServlet Detected FixedThemeResolver
[Service: vks-service CorrelationId:  TraceId:  SpanId: ] 2026-10-03 16:03:41.316 [http-nio-8099-exec-1] DEBUG o.s.web.servlet.DispatcherServlet Detected org.springframework.web.servlet.view.DefaultRequestToViewNameTranslator@7e09407a
[Service: vks-service CorrelationId:  TraceId:  SpanId: ] 2026-10-03 16:03:41.316 [http-nio-8099-exec-1] DEBUG o.s.web.servlet.DispatcherServlet Detected org.springframework.web.servlet.support.SessionFlashMapManager@1f0eabb8
[Service: vks-service CorrelationId:  TraceId:  SpanId: ] 2026-10-03 16:03:41.317 [http-nio-8099-exec-1] DEBUG o.s.web.servlet.DispatcherServlet enableLoggingRequestDetails='false': request parameters and headers will be masked to prevent unsafe logging of potentially sensitive data
[Service: vks-service CorrelationId:  TraceId:  SpanId: ] 2026-10-03 16:03:41.317 [http-nio-8099-exec-1] INFO  o.s.web.servlet.DispatcherServlet Completed initialization in 3 ms
[Service: vks-service CorrelationId:  TraceId: 6ac0da0531de8a12ec69a4ad2b91c83c SpanId: 62bfbf1189f6f75b] 2026-10-03 16:03:41.340 [http-nio-8099-exec-1] INFO  c.v.security.JwtAuthenticationFilter Incoming request: POST /vks-service/api/v1/auth/login
[Service: vks-service CorrelationId:  TraceId: 6ac0da0531de8a12ec69a4ad2b91c83c SpanId: 62bfbf1189f6f75b] 2026-10-03 16:03:41.341 [http-nio-8099-exec-1] DEBUG c.v.security.JwtAuthenticationFilter Bearer token present: false
[Service: vks-service CorrelationId:  TraceId: 6ac0da0531de8a12ec69a4ad2b91c83c SpanId: 62bfbf1189f6f75b] 2026-10-03 16:03:41.341 [http-nio-8099-exec-1] DEBUG c.v.security.JwtAuthenticationFilter No valid access JWT token found for request: /vks-service/api/v1/auth/login
[Service: vks-service CorrelationId: 497cee4a-f85b-4d85-b06a-d0372df9f692 TraceId: 6ac0da0531de8a12ec69a4ad2b91c83c SpanId: 83ab3625cbae5ab3] 2026-10-03 16:03:41.348 [http-nio-8099-exec-1] DEBUG o.s.web.servlet.DispatcherServlet POST "/vks-service/api/v1/auth/login", parameters={}
[Service: vks-service CorrelationId: 497cee4a-f85b-4d85-b06a-d0372df9f692 TraceId: 6ac0da0531de8a12ec69a4ad2b91c83c SpanId: 83ab3625cbae5ab3] 2026-10-03 16:03:41.350 [http-nio-8099-exec-1] DEBUG o.s.w.s.m.m.a.RequestMappingHandlerMapping Mapped to com.vks.interfaces.login.controller.LoginController#login(LoginRequest)
[Service: vks-service CorrelationId: 497cee4a-f85b-4d85-b06a-d0372df9f692 TraceId: 6ac0da0531de8a12ec69a4ad2b91c83c SpanId: 83ab3625cbae5ab3] 2026-10-03 16:03:41.379 [http-nio-8099-exec-1] DEBUG o.s.w.s.m.m.a.RequestResponseBodyMethodProcessor Read "application/json;charset=UTF-8" to [LoginRequest(username=9000000001, password=Password123!)]
[Service: vks-service CorrelationId: 497cee4a-f85b-4d85-b06a-d0372df9f692 TraceId: 6ac0da0531de8a12ec69a4ad2b91c83c SpanId: 83ab3625cbae5ab3] 2026-10-03 16:03:41.407 [http-nio-8099-exec-1] INFO  c.v.i.login.service.LoginServiceImpl Login attempt for username: 9000000001
[Service: vks-service CorrelationId: 497cee4a-f85b-4d85-b06a-d0372df9f692 TraceId: 6ac0da0531de8a12ec69a4ad2b91c83c SpanId: 83ab3625cbae5ab3] 2026-10-03 16:03:42.016 [http-nio-8099-exec-1] INFO  c.v.i.login.service.LoginServiceImpl Login successful for username: 9000000001, id: 2
[Service: vks-service CorrelationId: 497cee4a-f85b-4d85-b06a-d0372df9f692 TraceId: 6ac0da0531de8a12ec69a4ad2b91c83c SpanId: 83ab3625cbae5ab3] 2026-10-03 16:03:42.027 [http-nio-8099-exec-1] DEBUG o.s.w.s.m.m.a.HttpEntityMethodProcessor Using 'application/json', given [*/*] and supported [application/json, application/*+json, application/yaml]
[Service: vks-service CorrelationId: 497cee4a-f85b-4d85-b06a-d0372df9f692 TraceId: 6ac0da0531de8a12ec69a4ad2b91c83c SpanId: 83ab3625cbae5ab3] 2026-10-03 16:03:42.029 [http-nio-8099-exec-1] DEBUG o.s.w.s.m.m.a.HttpEntityMethodProcessor Writing [LoginResponse(success=true, message=Login successful, token=eyJhbGciOiJIUzI1NiJ9.eyJzdWIiOiIyIiwidXN (truncated)...]
[Service: vks-service CorrelationId: 497cee4a-f85b-4d85-b06a-d0372df9f692 TraceId: 6ac0da0531de8a12ec69a4ad2b91c83c SpanId: 83ab3625cbae5ab3] 2026-10-03 16:03:42.034 [http-nio-8099-exec-1] DEBUG o.s.web.servlet.DispatcherServlet Completed 200 OK
[Service: vks-service CorrelationId:  TraceId: 6ac0da0655c6068a84c2c2f48f038098 SpanId: 76df1e2781522087] 2026-10-03 16:03:42.058 [http-nio-8099-exec-2] INFO  c.v.security.JwtAuthenticationFilter Incoming request: POST /vks-service/api/v1/auth/login
[Service: vks-service CorrelationId:  TraceId: 6ac0da0655c6068a84c2c2f48f038098 SpanId: 76df1e2781522087] 2026-10-03 16:03:42.058 [http-nio-8099-exec-2] DEBUG c.v.security.JwtAuthenticationFilter Bearer token present: false
[Service: vks-service CorrelationId:  TraceId: 6ac0da0655c6068a84c2c2f48f038098 SpanId: 76df1e2781522087] 2026-10-03 16:03:42.058 [http-nio-8099-exec-2] DEBUG c.v.security.JwtAuthenticationFilter No valid access JWT token found for request: /vks-service/api/v1/auth/login
[Service: vks-service CorrelationId: 096ef936-151b-46c5-9049-712aff13c89f TraceId: 6ac0da0655c6068a84c2c2f48f038098 SpanId: f65bf0b185554b1c] 2026-10-03 16:03:42.059 [http-nio-8099-exec-2] DEBUG o.s.web.servlet.DispatcherServlet POST "/vks-service/api/v1/auth/login", parameters={}
[Service: vks-service CorrelationId: 096ef936-151b-46c5-9049-712aff13c89f TraceId: 6ac0da0655c6068a84c2c2f48f038098 SpanId: f65bf0b185554b1c] 2026-10-03 16:03:42.059 [http-nio-8099-exec-2] DEBUG o.s.w.s.m.m.a.RequestMappingHandlerMapping Mapped to com.vks.interfaces.login.controller.LoginController#login(LoginRequest)
[Service: vks-service CorrelationId: 096ef936-151b-46c5-9049-712aff13c89f TraceId: 6ac0da0655c6068a84c2c2f48f038098 SpanId: f65bf0b185554b1c] 2026-10-03 16:03:42.060 [http-nio-8099-exec-2] DEBUG o.s.w.s.m.m.a.RequestResponseBodyMethodProcessor Read "application/json;charset=UTF-8" to [LoginRequest(username=9000000002, password=Password123!)]
[Service: vks-service CorrelationId: 096ef936-151b-46c5-9049-712aff13c89f TraceId: 6ac0da0655c6068a84c2c2f48f038098 SpanId: f65bf0b185554b1c] 2026-10-03 16:03:42.060 [http-nio-8099-exec-2] INFO  c.v.i.login.service.LoginServiceImpl Login attempt for username: 9000000002
[Service: vks-service CorrelationId: 096ef936-151b-46c5-9049-712aff13c89f TraceId: 6ac0da0655c6068a84c2c2f48f038098 SpanId: f65bf0b185554b1c] 2026-10-03 16:03:42.158 [http-nio-8099-exec-2] INFO  c.v.i.login.service.LoginServiceImpl Login successful for username: 9000000002, id: 1
[Service: vks-service CorrelationId: 096ef936-151b-46c5-9049-712aff13c89f TraceId: 6ac0da0655c6068a84c2c2f48f038098 SpanId: f65bf0b185554b1c] 2026-10-03 16:03:42.158 [http-nio-8099-exec-2] DEBUG o.s.w.s.m.m.a.HttpEntityMethodProcessor Using 'application/json', given [*/*] and supported [application/json, application/*+json, application/yaml]
[Service: vks-service CorrelationId: 096ef936-151b-46c5-9049-712aff13c89f TraceId: 6ac0da0655c6068a84c2c2f48f038098 SpanId: f65bf0b185554b1c] 2026-10-03 16:03:42.158 [http-nio-8099-exec-2] DEBUG o.s.w.s.m.m.a.HttpEntityMethodProcessor Writing [LoginResponse(success=true, message=Login successful, token=eyJhbGciOiJIUzI1NiJ9.eyJzdWIiOiIxIiwidXN (truncated)...]
[Service: vks-service CorrelationId: 096ef936-151b-46c5-9049-712aff13c89f TraceId: 6ac0da0655c6068a84c2c2f48f038098 SpanId: f65bf0b185554b1c] 2026-10-03 16:03:42.159 [http-nio-8099-exec-2] DEBUG o.s.web.servlet.DispatcherServlet Completed 200 OK
[Service: vks-service CorrelationId:  TraceId: 6ac0da06f03aaafe9ffd3b7902ed7042 SpanId: 704cb1ae6c3d3e0e] 2026-10-03 16:03:42.190 [http-nio-8099-exec-4] INFO  c.v.security.JwtAuthenticationFilter Incoming request: POST /vks-service/api/v1/tenant-admin/events
[Service: vks-service CorrelationId:  TraceId: 6ac0da06f03aaafe9ffd3b7902ed7042 SpanId: 704cb1ae6c3d3e0e] 2026-10-03 16:03:42.191 [http-nio-8099-exec-4] DEBUG c.v.security.JwtAuthenticationFilter Bearer token present: true
[Service: vks-service CorrelationId:  TraceId: 6ac0da06f03aaafe9ffd3b7902ed7042 SpanId: 704cb1ae6c3d3e0e] 2026-10-03 16:03:42.211 [http-nio-8099-exec-4] INFO  c.v.security.JwtAuthenticationFilter Authenticated user: 2 in tenant: tenant-e2e with role: TENANT_ADMIN
[Service: vks-service CorrelationId: 8a082321-39b5-4719-85b7-ba84594f1cca TraceId: 6ac0da06f03aaafe9ffd3b7902ed7042 SpanId: ad3a02ec22653e93] 2026-10-03 16:03:42.214 [http-nio-8099-exec-4] DEBUG o.s.web.servlet.DispatcherServlet POST "/vks-service/api/v1/tenant-admin/events", parameters={}
[Service: vks-service CorrelationId: 8a082321-39b5-4719-85b7-ba84594f1cca TraceId: 6ac0da06f03aaafe9ffd3b7902ed7042 SpanId: ad3a02ec22653e93] 2026-10-03 16:03:42.214 [http-nio-8099-exec-4] DEBUG o.s.w.s.m.m.a.RequestMappingHandlerMapping Mapped to com.vks.interfaces.eventcatalog.controller.EventController#createEvent(EventRequest)
[Service: vks-service CorrelationId: 8a082321-39b5-4719-85b7-ba84594f1cca TraceId: 6ac0da06f03aaafe9ffd3b7902ed7042 SpanId: ad3a02ec22653e93] 2026-10-03 16:03:42.217 [http-nio-8099-exec-4] DEBUG o.s.w.s.m.m.a.RequestResponseBodyMethodProcessor Read "application/json;charset=UTF-8" to [EventRequest(eventName=E2E Mock Event Final, description=Local end-to-end test, location=Local Venue (truncated)...]
[Service: vks-service CorrelationId: 8a082321-39b5-4719-85b7-ba84594f1cca TraceId: 6ac0da06f03aaafe9ffd3b7902ed7042 SpanId: ad3a02ec22653e93] 2026-10-03 16:03:42.219 [http-nio-8099-exec-4] INFO  c.v.i.e.service.EventServiceImpl Creating event: E2E Mock Event Final by 2
[Service: vks-service CorrelationId: 8a082321-39b5-4719-85b7-ba84594f1cca TraceId: 6ac0da06f03aaafe9ffd3b7902ed7042 SpanId: ad3a02ec22653e93] 2026-10-03 16:03:42.250 [http-nio-8099-exec-4] DEBUG o.s.w.s.m.m.a.HttpEntityMethodProcessor Using 'application/json', given [*/*] and supported [application/json, application/*+json, application/yaml]
[Service: vks-service CorrelationId: 8a082321-39b5-4719-85b7-ba84594f1cca TraceId: 6ac0da06f03aaafe9ffd3b7902ed7042 SpanId: ad3a02ec22653e93] 2026-10-03 16:03:42.251 [http-nio-8099-exec-4] DEBUG o.s.w.s.m.m.a.HttpEntityMethodProcessor Writing [EventResponse(eventId=d172a8dc-2792-4e2f-aefc-bdb0e1f8c844, eventName=E2E Mock Event Final, descript (truncated)...]
[Service: vks-service CorrelationId: 8a082321-39b5-4719-85b7-ba84594f1cca TraceId: 6ac0da06f03aaafe9ffd3b7902ed7042 SpanId: ad3a02ec22653e93] 2026-10-03 16:03:42.253 [http-nio-8099-exec-4] DEBUG o.s.web.servlet.DispatcherServlet Completed 201 CREATED
[Service: vks-service CorrelationId:  TraceId: 6ac0da065b49c322a2c6fb542bc54ffb SpanId: cdce293d956cb2dd] 2026-10-03 16:03:42.299 [http-nio-8099-exec-5] INFO  c.v.security.JwtAuthenticationFilter Incoming request: POST /vks-service/api/v1/tenant-admin/events/d172a8dc-2792-4e2f-aefc-bdb0e1f8c844/slots
[Service: vks-service CorrelationId:  TraceId: 6ac0da065b49c322a2c6fb542bc54ffb SpanId: cdce293d956cb2dd] 2026-10-03 16:03:42.299 [http-nio-8099-exec-5] DEBUG c.v.security.JwtAuthenticationFilter Bearer token present: true
[Service: vks-service CorrelationId:  TraceId: 6ac0da065b49c322a2c6fb542bc54ffb SpanId: cdce293d956cb2dd] 2026-10-03 16:03:42.300 [http-nio-8099-exec-5] INFO  c.v.security.JwtAuthenticationFilter Authenticated user: 2 in tenant: tenant-e2e with role: TENANT_ADMIN
[Service: vks-service CorrelationId: 23cd79ae-662b-45b6-a5a5-ae6c96e84591 TraceId: 6ac0da065b49c322a2c6fb542bc54ffb SpanId: f0bf3eda239ab66c] 2026-10-03 16:03:42.301 [http-nio-8099-exec-5] DEBUG o.s.web.servlet.DispatcherServlet POST "/vks-service/api/v1/tenant-admin/events/d172a8dc-2792-4e2f-aefc-bdb0e1f8c844/slots", parameters={}
[Service: vks-service CorrelationId: 23cd79ae-662b-45b6-a5a5-ae6c96e84591 TraceId: 6ac0da065b49c322a2c6fb542bc54ffb SpanId: f0bf3eda239ab66c] 2026-10-03 16:03:42.302 [http-nio-8099-exec-5] DEBUG o.s.w.s.m.m.a.RequestMappingHandlerMapping Mapped to com.vks.interfaces.slot.controller.SlotController#createSlot(UUID, SlotRequest)
[Service: vks-service CorrelationId: 23cd79ae-662b-45b6-a5a5-ae6c96e84591 TraceId: 6ac0da065b49c322a2c6fb542bc54ffb SpanId: f0bf3eda239ab66c] 2026-10-03 16:03:42.308 [http-nio-8099-exec-5] DEBUG o.s.w.s.m.m.a.RequestResponseBodyMethodProcessor Read "application/json;charset=UTF-8" to [SlotRequest(slotDate=2026-10-10, startTime=09:00, endTime=10:00, price=499.0, capacity=10)]
[Service: vks-service CorrelationId: 23cd79ae-662b-45b6-a5a5-ae6c96e84591 TraceId: 6ac0da065b49c322a2c6fb542bc54ffb SpanId: f0bf3eda239ab66c] 2026-10-03 16:03:42.312 [http-nio-8099-exec-5] INFO  c.v.i.slot.service.SlotServiceImpl Creating slot for event id: d172a8dc-2792-4e2f-aefc-bdb0e1f8c844
[Service: vks-service CorrelationId: 23cd79ae-662b-45b6-a5a5-ae6c96e84591 TraceId: 6ac0da065b49c322a2c6fb542bc54ffb SpanId: f0bf3eda239ab66c] 2026-10-03 16:03:42.334 [http-nio-8099-exec-5] DEBUG o.s.w.s.m.m.a.HttpEntityMethodProcessor Using 'application/json', given [*/*] and supported [application/json, application/*+json, application/yaml]
[Service: vks-service CorrelationId: 23cd79ae-662b-45b6-a5a5-ae6c96e84591 TraceId: 6ac0da065b49c322a2c6fb542bc54ffb SpanId: f0bf3eda239ab66c] 2026-10-03 16:03:42.335 [http-nio-8099-exec-5] DEBUG o.s.w.s.m.m.a.HttpEntityMethodProcessor Writing [SlotResponse(slotId=32ea6329-d52e-4c31-844a-f9aefd449873, eventId=d172a8dc-2792-4e2f-aefc-bdb0e1f8c8 (truncated)...]
[Service: vks-service CorrelationId: 23cd79ae-662b-45b6-a5a5-ae6c96e84591 TraceId: 6ac0da065b49c322a2c6fb542bc54ffb SpanId: f0bf3eda239ab66c] 2026-10-03 16:03:42.337 [http-nio-8099-exec-5] DEBUG o.s.web.servlet.DispatcherServlet Completed 201 CREATED
[Service: vks-service CorrelationId:  TraceId: 6ac0da066d69287ea8123b06074fefda SpanId: 33d4ae7abe30befa] 2026-10-03 16:03:42.381 [http-nio-8099-exec-6] INFO  c.v.security.JwtAuthenticationFilter Incoming request: POST /vks-service/api/v1/customer/bookings
[Service: vks-service CorrelationId:  TraceId: 6ac0da066d69287ea8123b06074fefda SpanId: 33d4ae7abe30befa] 2026-10-03 16:03:42.381 [http-nio-8099-exec-6] DEBUG c.v.security.JwtAuthenticationFilter Bearer token present: true
[Service: vks-service CorrelationId:  TraceId: 6ac0da066d69287ea8123b06074fefda SpanId: 33d4ae7abe30befa] 2026-10-03 16:03:42.382 [http-nio-8099-exec-6] INFO  c.v.security.JwtAuthenticationFilter Authenticated user: 1 in tenant: tenant-e2e with role: CUSTOMER
[Service: vks-service CorrelationId: ef11b03b-b3d1-4c28-83f0-d7bab7b44386 TraceId: 6ac0da066d69287ea8123b06074fefda SpanId: 39889df466fbdeb2] 2026-10-03 16:03:42.383 [http-nio-8099-exec-6] DEBUG o.s.web.servlet.DispatcherServlet POST "/vks-service/api/v1/customer/bookings", parameters={}
[Service: vks-service CorrelationId: ef11b03b-b3d1-4c28-83f0-d7bab7b44386 TraceId: 6ac0da066d69287ea8123b06074fefda SpanId: 39889df466fbdeb2] 2026-10-03 16:03:42.383 [http-nio-8099-exec-6] DEBUG o.s.w.s.m.m.a.RequestMappingHandlerMapping Mapped to com.vks.interfaces.bookings.controller.BookingController#createBooking(BookingRequest)
[Service: vks-service CorrelationId: ef11b03b-b3d1-4c28-83f0-d7bab7b44386 TraceId: 6ac0da066d69287ea8123b06074fefda SpanId: 39889df466fbdeb2] 2026-10-03 16:03:42.387 [http-nio-8099-exec-6] DEBUG o.s.w.s.m.m.a.RequestResponseBodyMethodProcessor Read "application/json;charset=UTF-8" to [BookingRequest(eventId=d172a8dc-2792-4e2f-aefc-bdb0e1f8c844, slotId=32ea6329-d52e-4c31-844a-f9aefd44 (truncated)...]
[Service: vks-service CorrelationId: ef11b03b-b3d1-4c28-83f0-d7bab7b44386 TraceId: 6ac0da066d69287ea8123b06074fefda SpanId: 39889df466fbdeb2] 2026-10-03 16:03:42.390 [http-nio-8099-exec-6] INFO  c.v.i.b.service.BookingServiceImpl Creating booking for event id: d172a8dc-2792-4e2f-aefc-bdb0e1f8c844, slot id: 32ea6329-d52e-4c31-844a-f9aefd449873, user: 1
[Service: vks-service CorrelationId: ef11b03b-b3d1-4c28-83f0-d7bab7b44386 TraceId: 6ac0da066d69287ea8123b06074fefda SpanId: 39889df466fbdeb2] 2026-10-03 16:03:42.453 [http-nio-8099-exec-6] INFO  o.a.k.c.producer.ProducerConfig ProducerConfig values: 
	acks = -1
	auto.include.jmx.reporter = true
	batch.size = 16384
	bootstrap.servers = [localhost:9092]
	buffer.memory = 33554432
	client.dns.lookup = use_all_dns_ips
	client.id = vks-service-producer-1
	compression.gzip.level = -1
	compression.lz4.level = 9
	compression.type = none
	compression.zstd.level = 3
	connections.max.idle.ms = 540000
	delivery.timeout.ms = 120000
	enable.idempotence = true
	enable.metrics.push = true
	interceptor.classes = []
	key.serializer = class org.apache.kafka.common.serialization.StringSerializer
	linger.ms = 0
	max.block.ms = 60000
	max.in.flight.requests.per.connection = 5
	max.request.size = 1048576
	metadata.max.age.ms = 300000
	metadata.max.idle.ms = 300000
	metadata.recovery.strategy = none
	metric.reporters = []
	metrics.num.samples = 2
	metrics.recording.level = INFO
	metrics.sample.window.ms = 30000
	partitioner.adaptive.partitioning.enable = true
	partitioner.availability.timeout.ms = 0
	partitioner.class = null
	partitioner.ignore.keys = false
	receive.buffer.bytes = 32768
	reconnect.backoff.max.ms = 1000
	reconnect.backoff.ms = 50
	request.timeout.ms = 30000
	retries = 2147483647
	retry.backoff.max.ms = 1000
	retry.backoff.ms = 100
	sasl.client.callback.handler.class = null
	sasl.jaas.config = null
	sasl.kerberos.kinit.cmd = /usr/bin/kinit
	sasl.kerberos.min.time.before.relogin = 60000
	sasl.kerberos.service.name = null
	sasl.kerberos.ticket.renew.jitter = 0.05
	sasl.kerberos.ticket.renew.window.factor = 0.8
	sasl.login.callback.handler.class = null
	sasl.login.class = null
	sasl.login.connect.timeout.ms = null
	sasl.login.read.timeout.ms = null
	sasl.login.refresh.buffer.seconds = 300
	sasl.login.refresh.min.period.seconds = 60
	sasl.login.refresh.window.factor = 0.8
	sasl.login.refresh.window.jitter = 0.05
	sasl.login.retry.backoff.max.ms = 10000
	sasl.login.retry.backoff.ms = 100
	sasl.mechanism = GSSAPI
	sasl.oauthbearer.clock.skew.seconds = 30
	sasl.oauthbearer.expected.audience = null
	sasl.oauthbearer.expected.issuer = null
	sasl.oauthbearer.header.urlencode = false
	sasl.oauthbearer.jwks.endpoint.refresh.ms = 3600000
	sasl.oauthbearer.jwks.endpoint.retry.backoff.max.ms = 10000
	sasl.oauthbearer.jwks.endpoint.retry.backoff.ms = 100
	sasl.oauthbearer.jwks.endpoint.url = null
	sasl.oauthbearer.scope.claim.name = scope
	sasl.oauthbearer.sub.claim.name = sub
	sasl.oauthbearer.token.endpoint.url = null
	security.protocol = PLAINTEXT
	security.providers = null
	send.buffer.bytes = 131072
	socket.connection.setup.timeout.max.ms = 30000
	socket.connection.setup.timeout.ms = 10000
	ssl.cipher.suites = null
	ssl.enabled.protocols = [TLSv1.2, TLSv1.3]
	ssl.endpoint.identification.algorithm = https
	ssl.engine.factory.class = null
	ssl.key.password = null
	ssl.keymanager.algorithm = SunX509
	ssl.keystore.certificate.chain = null
	ssl.keystore.key = null
	ssl.keystore.location = null
	ssl.keystore.password = null
	ssl.keystore.type = JKS
	ssl.protocol = TLSv1.3
	ssl.provider = null
	ssl.secure.random.implementation = null
	ssl.trustmanager.algorithm = PKIX
	ssl.truststore.certificates = null
	ssl.truststore.location = null
	ssl.truststore.password = null
	ssl.truststore.type = JKS
	transaction.timeout.ms = 60000
	transactional.id = null
	value.serializer = class org.springframework.kafka.support.serializer.JsonSerializer

[Service: vks-service CorrelationId: ef11b03b-b3d1-4c28-83f0-d7bab7b44386 TraceId: 6ac0da066d69287ea8123b06074fefda SpanId: 39889df466fbdeb2] 2026-10-03 16:03:42.479 [http-nio-8099-exec-6] INFO  o.a.k.c.t.i.KafkaMetricsCollector initializing Kafka metrics collector
[Service: vks-service CorrelationId: ef11b03b-b3d1-4c28-83f0-d7bab7b44386 TraceId: 6ac0da066d69287ea8123b06074fefda SpanId: 39889df466fbdeb2] 2026-10-03 16:03:42.494 [http-nio-8099-exec-6] INFO  o.a.k.clients.producer.KafkaProducer [Producer clientId=vks-service-producer-1] Instantiated an idempotent producer.
[Service: vks-service CorrelationId: ef11b03b-b3d1-4c28-83f0-d7bab7b44386 TraceId: 6ac0da066d69287ea8123b06074fefda SpanId: 39889df466fbdeb2] 2026-10-03 16:03:42.521 [http-nio-8099-exec-6] INFO  o.a.kafka.common.utils.AppInfoParser Kafka version: 3.9.1
[Service: vks-service CorrelationId: ef11b03b-b3d1-4c28-83f0-d7bab7b44386 TraceId: 6ac0da066d69287ea8123b06074fefda SpanId: 39889df466fbdeb2] 2026-10-03 16:03:42.521 [http-nio-8099-exec-6] INFO  o.a.kafka.common.utils.AppInfoParser Kafka commitId: f745dfdcee2b9851
[Service: vks-service CorrelationId: ef11b03b-b3d1-4c28-83f0-d7bab7b44386 TraceId: 6ac0da066d69287ea8123b06074fefda SpanId: 39889df466fbdeb2] 2026-10-03 16:03:42.521 [http-nio-8099-exec-6] INFO  o.a.kafka.common.utils.AppInfoParser Kafka startTimeMs: 1791023622520
[Service: vks-service CorrelationId:  TraceId:  SpanId: ] 2026-10-03 16:03:42.780 [kafka-producer-network-thread | vks-service-producer-1] INFO  org.apache.kafka.clients.Metadata [Producer clientId=vks-service-producer-1] Cluster ID: CqKeNQocTXG-G608ltKj7w
[Service: vks-service CorrelationId:  TraceId:  SpanId: ] 2026-10-03 16:03:42.780 [kafka-producer-network-thread | vks-service-producer-1] INFO  o.a.k.c.p.i.TransactionManager [Producer clientId=vks-service-producer-1] ProducerId set to 1 with epoch 0
[Service: vks-service CorrelationId: ef11b03b-b3d1-4c28-83f0-d7bab7b44386 TraceId: 6ac0da066d69287ea8123b06074fefda SpanId: 39889df466fbdeb2] 2026-10-03 16:03:42.806 [http-nio-8099-exec-6] DEBUG o.s.w.s.m.m.a.HttpEntityMethodProcessor Using 'application/json', given [*/*] and supported [application/json, application/*+json, application/yaml]
[Service: vks-service CorrelationId: ef11b03b-b3d1-4c28-83f0-d7bab7b44386 TraceId: 6ac0da066d69287ea8123b06074fefda SpanId: 39889df466fbdeb2] 2026-10-03 16:03:42.807 [http-nio-8099-exec-6] DEBUG o.s.w.s.m.m.a.HttpEntityMethodProcessor Writing [BookingResponse(bookingId=88ccf8ff-2d6f-4c29-a089-15722ac2de88, eventId=d172a8dc-2792-4e2f-aefc-bdb0 (truncated)...]
[Service: vks-service CorrelationId: ef11b03b-b3d1-4c28-83f0-d7bab7b44386 TraceId: 6ac0da066d69287ea8123b06074fefda SpanId: 39889df466fbdeb2] 2026-10-03 16:03:42.808 [http-nio-8099-exec-6] DEBUG o.s.web.servlet.DispatcherServlet Completed 201 CREATED
[Service: vks-service CorrelationId:  TraceId:  SpanId: ] 2026-10-03 16:03:42.880 [kafka-producer-network-thread | vks-service-producer-1] INFO  c.v.i.b.events.BookingEventPublisher Published booking event: type=BOOKING_CREATED, bookingId=88ccf8ff-2d6f-4c29-a089-15722ac2de88
[Service: vks-service CorrelationId:  TraceId: 6ac0da0716526c78f0f27ee5dfc9e68f SpanId: 2f72c5ade13c8ac4] 2026-10-03 16:03:43.412 [http-nio-8099-exec-7] INFO  c.v.security.JwtAuthenticationFilter Incoming request: GET /vks-service/api/v1/internal/bookings/88ccf8ff-2d6f-4c29-a089-15722ac2de88/payment-details
[Service: vks-service CorrelationId:  TraceId: 6ac0da0716526c78f0f27ee5dfc9e68f SpanId: 2f72c5ade13c8ac4] 2026-10-03 16:03:43.412 [http-nio-8099-exec-7] DEBUG c.v.security.JwtAuthenticationFilter Bearer token present: false
[Service: vks-service CorrelationId:  TraceId: 6ac0da0716526c78f0f27ee5dfc9e68f SpanId: 2f72c5ade13c8ac4] 2026-10-03 16:03:43.412 [http-nio-8099-exec-7] DEBUG c.v.security.JwtAuthenticationFilter No valid access JWT token found for request: /vks-service/api/v1/internal/bookings/88ccf8ff-2d6f-4c29-a089-15722ac2de88/payment-details
[Service: vks-service CorrelationId: ee08f70a-f8a8-408e-8d19-588221381d06 TraceId: 6ac0da0716526c78f0f27ee5dfc9e68f SpanId: 5b9950bd7294e620] 2026-10-03 16:03:43.414 [http-nio-8099-exec-7] DEBUG o.s.web.servlet.DispatcherServlet GET "/vks-service/api/v1/internal/bookings/88ccf8ff-2d6f-4c29-a089-15722ac2de88/payment-details", parameters={}
[Service: vks-service CorrelationId: ee08f70a-f8a8-408e-8d19-588221381d06 TraceId: 6ac0da0716526c78f0f27ee5dfc9e68f SpanId: 5b9950bd7294e620] 2026-10-03 16:03:43.415 [http-nio-8099-exec-7] DEBUG o.s.w.s.m.m.a.RequestMappingHandlerMapping Mapped to com.vks.interfaces.bookings.controller.InternalBookingController#getPaymentDetails(UUID)
[Service: vks-service CorrelationId: ee08f70a-f8a8-408e-8d19-588221381d06 TraceId: 6ac0da0716526c78f0f27ee5dfc9e68f SpanId: 5b9950bd7294e620] 2026-10-03 16:03:43.431 [http-nio-8099-exec-7] DEBUG o.s.w.s.m.m.a.HttpEntityMethodProcessor Using 'application/json', given [*/*] and supported [application/json, application/*+json, application/yaml]
[Service: vks-service CorrelationId: ee08f70a-f8a8-408e-8d19-588221381d06 TraceId: 6ac0da0716526c78f0f27ee5dfc9e68f SpanId: 5b9950bd7294e620] 2026-10-03 16:03:43.432 [http-nio-8099-exec-7] DEBUG o.s.w.s.m.m.a.HttpEntityMethodProcessor Writing [BookingPaymentDetails[bookingId=88ccf8ff-2d6f-4c29-a089-15722ac2de88, amount=998.00, status=PAYMENT_ (truncated)...]
[Service: vks-service CorrelationId: ee08f70a-f8a8-408e-8d19-588221381d06 TraceId: 6ac0da0716526c78f0f27ee5dfc9e68f SpanId: 5b9950bd7294e620] 2026-10-03 16:03:43.433 [http-nio-8099-exec-7] DEBUG o.s.web.servlet.DispatcherServlet Completed 200 OK
[Service: vks-service CorrelationId:  TraceId: 6ac0da0804fe589867e85eb4370657b4 SpanId: a7c8fbaba4c1038b] 2026-10-03 16:03:44.279 [http-nio-8099-exec-8] INFO  c.v.security.JwtAuthenticationFilter Incoming request: PATCH /vks-service/api/v1/internal/bookings/88ccf8ff-2d6f-4c29-a089-15722ac2de88/confirm
[Service: vks-service CorrelationId:  TraceId: 6ac0da0804fe589867e85eb4370657b4 SpanId: a7c8fbaba4c1038b] 2026-10-03 16:03:44.279 [http-nio-8099-exec-8] DEBUG c.v.security.JwtAuthenticationFilter Bearer token present: true
[Service: vks-service CorrelationId:  TraceId: 6ac0da0804fe589867e85eb4370657b4 SpanId: a7c8fbaba4c1038b] 2026-10-03 16:03:44.280 [http-nio-8099-exec-8] INFO  c.v.security.JwtAuthenticationFilter Authenticated user: 1 in tenant: tenant-e2e with role: CUSTOMER
[Service: vks-service CorrelationId: f6132d52-73c6-492d-82ac-6ce7153a7c17 TraceId: 6ac0da0804fe589867e85eb4370657b4 SpanId: 8638b4b46468f9a9] 2026-10-03 16:03:44.281 [http-nio-8099-exec-8] DEBUG o.s.web.servlet.DispatcherServlet PATCH "/vks-service/api/v1/internal/bookings/88ccf8ff-2d6f-4c29-a089-15722ac2de88/confirm", parameters={}
[Service: vks-service CorrelationId: f6132d52-73c6-492d-82ac-6ce7153a7c17 TraceId: 6ac0da0804fe589867e85eb4370657b4 SpanId: 8638b4b46468f9a9] 2026-10-03 16:03:44.281 [http-nio-8099-exec-8] DEBUG o.s.w.s.m.m.a.RequestMappingHandlerMapping Mapped to com.vks.interfaces.bookings.controller.InternalBookingController#confirmBooking(UUID)
[Service: vks-service CorrelationId: f6132d52-73c6-492d-82ac-6ce7153a7c17 TraceId: 6ac0da0804fe589867e85eb4370657b4 SpanId: 8638b4b46468f9a9] 2026-10-03 16:03:44.283 [http-nio-8099-exec-8] INFO  c.v.i.b.service.BookingServiceImpl Confirming booking id: 88ccf8ff-2d6f-4c29-a089-15722ac2de88 (internal)
[Service: vks-service CorrelationId:  TraceId:  SpanId: ] 2026-10-03 16:03:44.456 [kafka-producer-network-thread | vks-service-producer-1] INFO  c.v.i.b.events.BookingEventPublisher Published booking event: type=BOOKING_CONFIRMED, bookingId=88ccf8ff-2d6f-4c29-a089-15722ac2de88
[Service: vks-service CorrelationId: f6132d52-73c6-492d-82ac-6ce7153a7c17 TraceId: 6ac0da0804fe589867e85eb4370657b4 SpanId: 8638b4b46468f9a9] 2026-10-03 16:03:44.460 [http-nio-8099-exec-8] DEBUG o.s.w.s.m.m.a.HttpEntityMethodProcessor Using 'application/json', given [*/*] and supported [application/json, application/*+json, application/yaml]
[Service: vks-service CorrelationId: f6132d52-73c6-492d-82ac-6ce7153a7c17 TraceId: 6ac0da0804fe589867e85eb4370657b4 SpanId: 8638b4b46468f9a9] 2026-10-03 16:03:44.460 [http-nio-8099-exec-8] DEBUG o.s.w.s.m.m.a.HttpEntityMethodProcessor Writing [BookingResponse(bookingId=88ccf8ff-2d6f-4c29-a089-15722ac2de88, eventId=d172a8dc-2792-4e2f-aefc-bdb0 (truncated)...]
[Service: vks-service CorrelationId: f6132d52-73c6-492d-82ac-6ce7153a7c17 TraceId: 6ac0da0804fe589867e85eb4370657b4 SpanId: 8638b4b46468f9a9] 2026-10-03 16:03:44.461 [http-nio-8099-exec-8] DEBUG o.s.web.servlet.DispatcherServlet Completed 200 OK
[Service: vks-service CorrelationId:  TraceId: 6ac0da089496c997d9b24eecba30f40a SpanId: 3d562aebe12d0922] 2026-10-03 16:03:44.953 [http-nio-8099-exec-10] INFO  c.v.security.JwtAuthenticationFilter Incoming request: GET /vks-service/api/v1/customer/bookings/88ccf8ff-2d6f-4c29-a089-15722ac2de88
[Service: vks-service CorrelationId:  TraceId: 6ac0da089496c997d9b24eecba30f40a SpanId: 3d562aebe12d0922] 2026-10-03 16:03:44.953 [http-nio-8099-exec-10] DEBUG c.v.security.JwtAuthenticationFilter Bearer token present: true
[Service: vks-service CorrelationId:  TraceId: 6ac0da089496c997d9b24eecba30f40a SpanId: 3d562aebe12d0922] 2026-10-03 16:03:44.955 [http-nio-8099-exec-10] INFO  c.v.security.JwtAuthenticationFilter Authenticated user: 1 in tenant: tenant-e2e with role: CUSTOMER
[Service: vks-service CorrelationId: da19b69d-f212-408a-998e-70e8d2e7581c TraceId: 6ac0da089496c997d9b24eecba30f40a SpanId: 6f371f7916b38b79] 2026-10-03 16:03:44.956 [http-nio-8099-exec-10] DEBUG o.s.web.servlet.DispatcherServlet GET "/vks-service/api/v1/customer/bookings/88ccf8ff-2d6f-4c29-a089-15722ac2de88", parameters={}
[Service: vks-service CorrelationId: da19b69d-f212-408a-998e-70e8d2e7581c TraceId: 6ac0da089496c997d9b24eecba30f40a SpanId: 6f371f7916b38b79] 2026-10-03 16:03:44.956 [http-nio-8099-exec-10] DEBUG o.s.w.s.m.m.a.RequestMappingHandlerMapping Mapped to com.vks.interfaces.bookings.controller.BookingController#getBooking(UUID)
[Service: vks-service CorrelationId: da19b69d-f212-408a-998e-70e8d2e7581c TraceId: 6ac0da089496c997d9b24eecba30f40a SpanId: 6f371f7916b38b79] 2026-10-03 16:03:44.956 [http-nio-8099-exec-10] INFO  c.v.i.b.service.BookingServiceImpl Fetching booking id: 88ccf8ff-2d6f-4c29-a089-15722ac2de88 for user: 1
[Service: vks-service CorrelationId: da19b69d-f212-408a-998e-70e8d2e7581c TraceId: 6ac0da089496c997d9b24eecba30f40a SpanId: 6f371f7916b38b79] 2026-10-03 16:03:44.963 [http-nio-8099-exec-10] DEBUG o.s.w.s.m.m.a.HttpEntityMethodProcessor Using 'application/json', given [*/*] and supported [application/json, application/*+json, application/yaml]
[Service: vks-service CorrelationId: da19b69d-f212-408a-998e-70e8d2e7581c TraceId: 6ac0da089496c997d9b24eecba30f40a SpanId: 6f371f7916b38b79] 2026-10-03 16:03:44.963 [http-nio-8099-exec-10] DEBUG o.s.w.s.m.m.a.HttpEntityMethodProcessor Writing [BookingResponse(bookingId=88ccf8ff-2d6f-4c29-a089-15722ac2de88, eventId=d172a8dc-2792-4e2f-aefc-bdb0 (truncated)...]
[Service: vks-service CorrelationId: da19b69d-f212-408a-998e-70e8d2e7581c TraceId: 6ac0da089496c997d9b24eecba30f40a SpanId: 6f371f7916b38b79] 2026-10-03 16:03:44.963 [http-nio-8099-exec-10] DEBUG o.s.web.servlet.DispatcherServlet Completed 200 OK
[Service: vks-service CorrelationId:  TraceId: 6ac0da083c167530421be233c8308105 SpanId: 06a8908d9d5e158a] 2026-10-03 16:03:44.991 [http-nio-8099-exec-1] INFO  c.v.security.JwtAuthenticationFilter Incoming request: GET /vks-service/api/v1/customer/bookings/88ccf8ff-2d6f-4c29-a089-15722ac2de88/tickets
[Service: vks-service CorrelationId:  TraceId: 6ac0da083c167530421be233c8308105 SpanId: 06a8908d9d5e158a] 2026-10-03 16:03:44.991 [http-nio-8099-exec-1] DEBUG c.v.security.JwtAuthenticationFilter Bearer token present: true
[Service: vks-service CorrelationId:  TraceId: 6ac0da083c167530421be233c8308105 SpanId: 06a8908d9d5e158a] 2026-10-03 16:03:44.993 [http-nio-8099-exec-1] INFO  c.v.security.JwtAuthenticationFilter Authenticated user: 1 in tenant: tenant-e2e with role: CUSTOMER
[Service: vks-service CorrelationId: e8b0d683-522d-430c-8b33-069f2e3fcbeb TraceId: 6ac0da083c167530421be233c8308105 SpanId: 2e956c99a2248d93] 2026-10-03 16:03:44.993 [http-nio-8099-exec-1] DEBUG o.s.web.servlet.DispatcherServlet GET "/vks-service/api/v1/customer/bookings/88ccf8ff-2d6f-4c29-a089-15722ac2de88/tickets", parameters={}
[Service: vks-service CorrelationId: e8b0d683-522d-430c-8b33-069f2e3fcbeb TraceId: 6ac0da083c167530421be233c8308105 SpanId: 2e956c99a2248d93] 2026-10-03 16:03:44.994 [http-nio-8099-exec-1] DEBUG o.s.w.s.m.m.a.RequestMappingHandlerMapping Mapped to com.vks.interfaces.ticket.controller.TicketController#getBookingTickets(UUID)
[Service: vks-service CorrelationId: e8b0d683-522d-430c-8b33-069f2e3fcbeb TraceId: 6ac0da083c167530421be233c8308105 SpanId: 2e956c99a2248d93] 2026-10-03 16:03:45.012 [http-nio-8099-exec-1] DEBUG o.s.w.s.m.m.a.HttpEntityMethodProcessor Using 'application/json', given [*/*] and supported [application/json, application/*+json, application/yaml]
[Service: vks-service CorrelationId: e8b0d683-522d-430c-8b33-069f2e3fcbeb TraceId: 6ac0da083c167530421be233c8308105 SpanId: 2e956c99a2248d93] 2026-10-03 16:03:45.013 [http-nio-8099-exec-1] DEBUG o.s.w.s.m.m.a.HttpEntityMethodProcessor Writing [[TicketResponse(ticketId=9810512a-f55c-438a-882f-8cbe942160dc, ticketNumber=TKT-8DA14D3FA9234F8B, bo (truncated)...]
[Service: vks-service CorrelationId: e8b0d683-522d-430c-8b33-069f2e3fcbeb TraceId: 6ac0da083c167530421be233c8308105 SpanId: 2e956c99a2248d93] 2026-10-03 16:03:45.015 [http-nio-8099-exec-1] DEBUG o.s.web.servlet.DispatcherServlet Completed 200 OK
[Service: vks-service CorrelationId:  TraceId: 6ac0da0901f0e4d0927ea9b439dffcbe SpanId: ea29214ab4972b05] 2026-10-03 16:03:45.050 [http-nio-8099-exec-2] INFO  c.v.security.JwtAuthenticationFilter Incoming request: GET /vks-service/api/v1/tenant-admin/events/d172a8dc-2792-4e2f-aefc-bdb0e1f8c844/availability
[Service: vks-service CorrelationId:  TraceId: 6ac0da0901f0e4d0927ea9b439dffcbe SpanId: ea29214ab4972b05] 2026-10-03 16:03:45.050 [http-nio-8099-exec-2] DEBUG c.v.security.JwtAuthenticationFilter Bearer token present: true
[Service: vks-service CorrelationId:  TraceId: 6ac0da0901f0e4d0927ea9b439dffcbe SpanId: ea29214ab4972b05] 2026-10-03 16:03:45.052 [http-nio-8099-exec-2] INFO  c.v.security.JwtAuthenticationFilter Authenticated user: 2 in tenant: tenant-e2e with role: TENANT_ADMIN
[Service: vks-service CorrelationId: 7a34fa1d-2c8d-4d6c-87d3-682a5787c97a TraceId: 6ac0da0901f0e4d0927ea9b439dffcbe SpanId: aa6381ced42e271e] 2026-10-03 16:03:45.052 [http-nio-8099-exec-2] DEBUG o.s.web.servlet.DispatcherServlet GET "/vks-service/api/v1/tenant-admin/events/d172a8dc-2792-4e2f-aefc-bdb0e1f8c844/availability", parameters={}
[Service: vks-service CorrelationId: 7a34fa1d-2c8d-4d6c-87d3-682a5787c97a TraceId: 6ac0da0901f0e4d0927ea9b439dffcbe SpanId: aa6381ced42e271e] 2026-10-03 16:03:45.053 [http-nio-8099-exec-2] DEBUG o.s.w.s.m.m.a.RequestMappingHandlerMapping Mapped to com.vks.interfaces.organizer.controller.OrganizerBookingController#getAvailability(UUID)
[Service: vks-service CorrelationId: 7a34fa1d-2c8d-4d6c-87d3-682a5787c97a TraceId: 6ac0da0901f0e4d0927ea9b439dffcbe SpanId: aa6381ced42e271e] 2026-10-03 16:03:45.063 [http-nio-8099-exec-2] DEBUG o.s.w.s.m.m.a.HttpEntityMethodProcessor Using 'application/json', given [*/*] and supported [application/json, application/*+json, application/yaml]
[Service: vks-service CorrelationId: 7a34fa1d-2c8d-4d6c-87d3-682a5787c97a TraceId: 6ac0da0901f0e4d0927ea9b439dffcbe SpanId: aa6381ced42e271e] 2026-10-03 16:03:45.066 [http-nio-8099-exec-2] DEBUG o.s.w.s.m.m.a.HttpEntityMethodProcessor Writing [[SlotAvailabilityResponse[slotId=32ea6329-d52e-4c31-844a-f9aefd449873, eventId=d172a8dc-2792-4e2f-ae (truncated)...]
[Service: vks-service CorrelationId: 7a34fa1d-2c8d-4d6c-87d3-682a5787c97a TraceId: 6ac0da0901f0e4d0927ea9b439dffcbe SpanId: aa6381ced42e271e] 2026-10-03 16:03:45.068 [http-nio-8099-exec-2] DEBUG o.s.web.servlet.DispatcherServlet Completed 200 OK
[Service: vks-service CorrelationId:  TraceId: 6ac0da09ba52ffcd39bd545b65a7a815 SpanId: 4acf600e9301b9ea] 2026-10-03 16:03:45.098 [http-nio-8099-exec-3] INFO  c.v.security.JwtAuthenticationFilter Incoming request: PATCH /vks-service/api/v1/customer/bookings/88ccf8ff-2d6f-4c29-a089-15722ac2de88/cancel
[Service: vks-service CorrelationId:  TraceId: 6ac0da09ba52ffcd39bd545b65a7a815 SpanId: 4acf600e9301b9ea] 2026-10-03 16:03:45.098 [http-nio-8099-exec-3] DEBUG c.v.security.JwtAuthenticationFilter Bearer token present: true
[Service: vks-service CorrelationId:  TraceId: 6ac0da09ba52ffcd39bd545b65a7a815 SpanId: 4acf600e9301b9ea] 2026-10-03 16:03:45.100 [http-nio-8099-exec-3] INFO  c.v.security.JwtAuthenticationFilter Authenticated user: 1 in tenant: tenant-e2e with role: CUSTOMER
[Service: vks-service CorrelationId: 015da42f-fa5a-4cd3-8339-4f4daacf3ba3 TraceId: 6ac0da09ba52ffcd39bd545b65a7a815 SpanId: fa20eb5ae239a1f2] 2026-10-03 16:03:45.100 [http-nio-8099-exec-3] DEBUG o.s.web.servlet.DispatcherServlet PATCH "/vks-service/api/v1/customer/bookings/88ccf8ff-2d6f-4c29-a089-15722ac2de88/cancel", parameters={}
[Service: vks-service CorrelationId: 015da42f-fa5a-4cd3-8339-4f4daacf3ba3 TraceId: 6ac0da09ba52ffcd39bd545b65a7a815 SpanId: fa20eb5ae239a1f2] 2026-10-03 16:03:45.101 [http-nio-8099-exec-3] DEBUG o.s.w.s.m.m.a.RequestMappingHandlerMapping Mapped to com.vks.interfaces.bookings.controller.BookingController#cancelBooking(UUID)
[Service: vks-service CorrelationId: 015da42f-fa5a-4cd3-8339-4f4daacf3ba3 TraceId: 6ac0da09ba52ffcd39bd545b65a7a815 SpanId: fa20eb5ae239a1f2] 2026-10-03 16:03:45.101 [http-nio-8099-exec-3] INFO  c.v.i.b.service.BookingServiceImpl Cancelling booking id: 88ccf8ff-2d6f-4c29-a089-15722ac2de88 for user: 1
[Service: vks-service CorrelationId:  TraceId:  SpanId: ] 2026-10-03 16:03:45.116 [kafka-producer-network-thread | vks-service-producer-1] INFO  c.v.i.b.events.BookingEventPublisher Published booking event: type=BOOKING_CANCELLED, bookingId=88ccf8ff-2d6f-4c29-a089-15722ac2de88
[Service: vks-service CorrelationId: 015da42f-fa5a-4cd3-8339-4f4daacf3ba3 TraceId: 6ac0da09ba52ffcd39bd545b65a7a815 SpanId: fa20eb5ae239a1f2] 2026-10-03 16:03:45.118 [http-nio-8099-exec-3] DEBUG o.s.w.s.m.m.a.HttpEntityMethodProcessor Using 'application/json', given [*/*] and supported [application/json, application/*+json, application/yaml]
[Service: vks-service CorrelationId: 015da42f-fa5a-4cd3-8339-4f4daacf3ba3 TraceId: 6ac0da09ba52ffcd39bd545b65a7a815 SpanId: fa20eb5ae239a1f2] 2026-10-03 16:03:45.119 [http-nio-8099-exec-3] DEBUG o.s.w.s.m.m.a.HttpEntityMethodProcessor Writing [BookingResponse(bookingId=88ccf8ff-2d6f-4c29-a089-15722ac2de88, eventId=d172a8dc-2792-4e2f-aefc-bdb0 (truncated)...]
[Service: vks-service CorrelationId: 015da42f-fa5a-4cd3-8339-4f4daacf3ba3 TraceId: 6ac0da09ba52ffcd39bd545b65a7a815 SpanId: fa20eb5ae239a1f2] 2026-10-03 16:03:45.119 [http-nio-8099-exec-3] DEBUG o.s.web.servlet.DispatcherServlet Completed 200 OK
[Service: vks-service CorrelationId:  TraceId: 6ac0daa3eaf4ac6e2e77ea71af2343a0 SpanId: 40d597dfa8e92029] 2026-10-03 16:06:19.954 [http-nio-8099-exec-6] INFO  c.v.security.JwtAuthenticationFilter Incoming request: POST /vks-service/api/v1/auth/login
[Service: vks-service CorrelationId:  TraceId: 6ac0daa3eaf4ac6e2e77ea71af2343a0 SpanId: 40d597dfa8e92029] 2026-10-03 16:06:19.954 [http-nio-8099-exec-6] DEBUG c.v.security.JwtAuthenticationFilter Bearer token present: false
[Service: vks-service CorrelationId:  TraceId: 6ac0daa3eaf4ac6e2e77ea71af2343a0 SpanId: 40d597dfa8e92029] 2026-10-03 16:06:19.954 [http-nio-8099-exec-6] DEBUG c.v.security.JwtAuthenticationFilter No valid access JWT token found for request: /vks-service/api/v1/auth/login
[Service: vks-service CorrelationId: 7dd4d96d-74fe-40c3-a12e-175d2cef716c TraceId: 6ac0daa3eaf4ac6e2e77ea71af2343a0 SpanId: f10082729ff81562] 2026-10-03 16:06:19.955 [http-nio-8099-exec-6] DEBUG o.s.web.servlet.DispatcherServlet POST "/vks-service/api/v1/auth/login", parameters={}
[Service: vks-service CorrelationId: 7dd4d96d-74fe-40c3-a12e-175d2cef716c TraceId: 6ac0daa3eaf4ac6e2e77ea71af2343a0 SpanId: f10082729ff81562] 2026-10-03 16:06:19.955 [http-nio-8099-exec-6] DEBUG o.s.w.s.m.m.a.RequestMappingHandlerMapping Mapped to com.vks.interfaces.login.controller.LoginController#login(LoginRequest)
[Service: vks-service CorrelationId: 7dd4d96d-74fe-40c3-a12e-175d2cef716c TraceId: 6ac0daa3eaf4ac6e2e77ea71af2343a0 SpanId: f10082729ff81562] 2026-10-03 16:06:19.956 [http-nio-8099-exec-6] DEBUG o.s.w.s.m.m.a.RequestResponseBodyMethodProcessor Read "application/json;charset=UTF-8" to [LoginRequest(username=9000000002, password=Password123!)]
[Service: vks-service CorrelationId: 7dd4d96d-74fe-40c3-a12e-175d2cef716c TraceId: 6ac0daa3eaf4ac6e2e77ea71af2343a0 SpanId: f10082729ff81562] 2026-10-03 16:06:19.956 [http-nio-8099-exec-6] INFO  c.v.i.login.service.LoginServiceImpl Login attempt for username: 9000000002
[Service: vks-service CorrelationId: 7dd4d96d-74fe-40c3-a12e-175d2cef716c TraceId: 6ac0daa3eaf4ac6e2e77ea71af2343a0 SpanId: f10082729ff81562] 2026-10-03 16:06:20.078 [http-nio-8099-exec-6] INFO  c.v.i.login.service.LoginServiceImpl Login successful for username: 9000000002, id: 1
[Service: vks-service CorrelationId: 7dd4d96d-74fe-40c3-a12e-175d2cef716c TraceId: 6ac0daa3eaf4ac6e2e77ea71af2343a0 SpanId: f10082729ff81562] 2026-10-03 16:06:20.079 [http-nio-8099-exec-6] DEBUG o.s.w.s.m.m.a.HttpEntityMethodProcessor Using 'application/json', given [*/*] and supported [application/json, application/*+json, application/yaml]
[Service: vks-service CorrelationId: 7dd4d96d-74fe-40c3-a12e-175d2cef716c TraceId: 6ac0daa3eaf4ac6e2e77ea71af2343a0 SpanId: f10082729ff81562] 2026-10-03 16:06:20.079 [http-nio-8099-exec-6] DEBUG o.s.w.s.m.m.a.HttpEntityMethodProcessor Writing [LoginResponse(success=true, message=Login successful, token=eyJhbGciOiJIUzI1NiJ9.eyJzdWIiOiIxIiwidXN (truncated)...]
[Service: vks-service CorrelationId: 7dd4d96d-74fe-40c3-a12e-175d2cef716c TraceId: 6ac0daa3eaf4ac6e2e77ea71af2343a0 SpanId: f10082729ff81562] 2026-10-03 16:06:20.080 [http-nio-8099-exec-6] DEBUG o.s.web.servlet.DispatcherServlet Completed 200 OK
[Service: vks-service CorrelationId:  TraceId: 6ac0db05a3d25ef3d14f362432f656d4 SpanId: 2d0f346ea06a3a30] 2026-10-03 16:07:57.836 [http-nio-8099-exec-8] INFO  c.v.security.JwtAuthenticationFilter Incoming request: POST /vks-service/api/v1/auth/login
[Service: vks-service CorrelationId:  TraceId: 6ac0db05a3d25ef3d14f362432f656d4 SpanId: 2d0f346ea06a3a30] 2026-10-03 16:07:57.836 [http-nio-8099-exec-8] DEBUG c.v.security.JwtAuthenticationFilter Bearer token present: false
[Service: vks-service CorrelationId:  TraceId: 6ac0db05a3d25ef3d14f362432f656d4 SpanId: 2d0f346ea06a3a30] 2026-10-03 16:07:57.836 [http-nio-8099-exec-8] DEBUG c.v.security.JwtAuthenticationFilter No valid access JWT token found for request: /vks-service/api/v1/auth/login
[Service: vks-service CorrelationId: 5449e05e-d7fb-41ff-9e3c-c13c4bf3af7f TraceId: 6ac0db05a3d25ef3d14f362432f656d4 SpanId: 7b3740a23a11ae32] 2026-10-03 16:07:57.836 [http-nio-8099-exec-8] DEBUG o.s.web.servlet.DispatcherServlet POST "/vks-service/api/v1/auth/login", parameters={}
[Service: vks-service CorrelationId: 5449e05e-d7fb-41ff-9e3c-c13c4bf3af7f TraceId: 6ac0db05a3d25ef3d14f362432f656d4 SpanId: 7b3740a23a11ae32] 2026-10-03 16:07:57.837 [http-nio-8099-exec-8] DEBUG o.s.w.s.m.m.a.RequestMappingHandlerMapping Mapped to com.vks.interfaces.login.controller.LoginController#login(LoginRequest)
[Service: vks-service CorrelationId: 5449e05e-d7fb-41ff-9e3c-c13c4bf3af7f TraceId: 6ac0db05a3d25ef3d14f362432f656d4 SpanId: 7b3740a23a11ae32] 2026-10-03 16:07:57.837 [http-nio-8099-exec-8] DEBUG o.s.w.s.m.m.a.RequestResponseBodyMethodProcessor Read "application/json;charset=UTF-8" to [LoginRequest(username=9000000002, password=Password123!)]
[Service: vks-service CorrelationId: 5449e05e-d7fb-41ff-9e3c-c13c4bf3af7f TraceId: 6ac0db05a3d25ef3d14f362432f656d4 SpanId: 7b3740a23a11ae32] 2026-10-03 16:07:57.838 [http-nio-8099-exec-8] INFO  c.v.i.login.service.LoginServiceImpl Login attempt for username: 9000000002
[Service: vks-service CorrelationId: 5449e05e-d7fb-41ff-9e3c-c13c4bf3af7f TraceId: 6ac0db05a3d25ef3d14f362432f656d4 SpanId: 7b3740a23a11ae32] 2026-10-03 16:07:57.933 [http-nio-8099-exec-8] INFO  c.v.i.login.service.LoginServiceImpl Login successful for username: 9000000002, id: 1
[Service: vks-service CorrelationId: 5449e05e-d7fb-41ff-9e3c-c13c4bf3af7f TraceId: 6ac0db05a3d25ef3d14f362432f656d4 SpanId: 7b3740a23a11ae32] 2026-10-03 16:07:57.934 [http-nio-8099-exec-8] DEBUG o.s.w.s.m.m.a.HttpEntityMethodProcessor Using 'application/json', given [*/*] and supported [application/json, application/*+json, application/yaml]
[Service: vks-service CorrelationId: 5449e05e-d7fb-41ff-9e3c-c13c4bf3af7f TraceId: 6ac0db05a3d25ef3d14f362432f656d4 SpanId: 7b3740a23a11ae32] 2026-10-03 16:07:57.934 [http-nio-8099-exec-8] DEBUG o.s.w.s.m.m.a.HttpEntityMethodProcessor Writing [LoginResponse(success=true, message=Login successful, token=eyJhbGciOiJIUzI1NiJ9.eyJzdWIiOiIxIiwidXN (truncated)...]
[Service: vks-service CorrelationId: 5449e05e-d7fb-41ff-9e3c-c13c4bf3af7f TraceId: 6ac0db05a3d25ef3d14f362432f656d4 SpanId: 7b3740a23a11ae32] 2026-10-03 16:07:57.934 [http-nio-8099-exec-8] DEBUG o.s.web.servlet.DispatcherServlet Completed 200 OK
[Service: vks-service CorrelationId:  TraceId: 6ac0db988dd3f543af64d50adf974b99 SpanId: 8b37bde19b30ebd7] 2026-10-03 16:10:24.672 [http-nio-8099-exec-10] INFO  c.v.security.JwtAuthenticationFilter Incoming request: POST /vks-service/api/v1/auth/login
[Service: vks-service CorrelationId:  TraceId: 6ac0db988dd3f543af64d50adf974b99 SpanId: 8b37bde19b30ebd7] 2026-10-03 16:10:24.673 [http-nio-8099-exec-10] DEBUG c.v.security.JwtAuthenticationFilter Bearer token present: false
[Service: vks-service CorrelationId:  TraceId: 6ac0db988dd3f543af64d50adf974b99 SpanId: 8b37bde19b30ebd7] 2026-10-03 16:10:24.673 [http-nio-8099-exec-10] DEBUG c.v.security.JwtAuthenticationFilter No valid access JWT token found for request: /vks-service/api/v1/auth/login
[Service: vks-service CorrelationId: a9c1c5c6-b10f-4462-931a-82d29dd7db3e TraceId: 6ac0db988dd3f543af64d50adf974b99 SpanId: 54c29c54a40211a9] 2026-10-03 16:10:24.673 [http-nio-8099-exec-10] DEBUG o.s.web.servlet.DispatcherServlet POST "/vks-service/api/v1/auth/login", parameters={}
[Service: vks-service CorrelationId: a9c1c5c6-b10f-4462-931a-82d29dd7db3e TraceId: 6ac0db988dd3f543af64d50adf974b99 SpanId: 54c29c54a40211a9] 2026-10-03 16:10:24.674 [http-nio-8099-exec-10] DEBUG o.s.w.s.m.m.a.RequestMappingHandlerMapping Mapped to com.vks.interfaces.login.controller.LoginController#login(LoginRequest)
[Service: vks-service CorrelationId: a9c1c5c6-b10f-4462-931a-82d29dd7db3e TraceId: 6ac0db988dd3f543af64d50adf974b99 SpanId: 54c29c54a40211a9] 2026-10-03 16:10:24.674 [http-nio-8099-exec-10] DEBUG o.s.w.s.m.m.a.RequestResponseBodyMethodProcessor Read "application/json;charset=UTF-8" to [LoginRequest(username=9000000002, password=Password123!)]
[Service: vks-service CorrelationId: a9c1c5c6-b10f-4462-931a-82d29dd7db3e TraceId: 6ac0db988dd3f543af64d50adf974b99 SpanId: 54c29c54a40211a9] 2026-10-03 16:10:24.675 [http-nio-8099-exec-10] INFO  c.v.i.login.service.LoginServiceImpl Login attempt for username: 9000000002
[Service: vks-service CorrelationId: a9c1c5c6-b10f-4462-931a-82d29dd7db3e TraceId: 6ac0db988dd3f543af64d50adf974b99 SpanId: 54c29c54a40211a9] 2026-10-03 16:10:24.771 [http-nio-8099-exec-10] INFO  c.v.i.login.service.LoginServiceImpl Login successful for username: 9000000002, id: 1
[Service: vks-service CorrelationId: a9c1c5c6-b10f-4462-931a-82d29dd7db3e TraceId: 6ac0db988dd3f543af64d50adf974b99 SpanId: 54c29c54a40211a9] 2026-10-03 16:10:24.772 [http-nio-8099-exec-10] DEBUG o.s.w.s.m.m.a.HttpEntityMethodProcessor Using 'application/json', given [*/*] and supported [application/json, application/*+json, application/yaml]
[Service: vks-service CorrelationId: a9c1c5c6-b10f-4462-931a-82d29dd7db3e TraceId: 6ac0db988dd3f543af64d50adf974b99 SpanId: 54c29c54a40211a9] 2026-10-03 16:10:24.772 [http-nio-8099-exec-10] DEBUG o.s.w.s.m.m.a.HttpEntityMethodProcessor Writing [LoginResponse(success=true, message=Login successful, token=eyJhbGciOiJIUzI1NiJ9.eyJzdWIiOiIxIiwidXN (truncated)...]
[Service: vks-service CorrelationId: a9c1c5c6-b10f-4462-931a-82d29dd7db3e TraceId: 6ac0db988dd3f543af64d50adf974b99 SpanId: 54c29c54a40211a9] 2026-10-03 16:10:24.773 [http-nio-8099-exec-10] DEBUG o.s.web.servlet.DispatcherServlet Completed 200 OK
[Service: vks-service CorrelationId:  TraceId: 6ac0dba347544fb44240897d3dc6256f SpanId: 55f1becff80da215] 2026-10-03 16:10:35.164 [http-nio-8099-exec-2] INFO  c.v.security.JwtAuthenticationFilter Incoming request: POST /vks-service/api/v1/auth/login
[Service: vks-service CorrelationId:  TraceId: 6ac0dba347544fb44240897d3dc6256f SpanId: 55f1becff80da215] 2026-10-03 16:10:35.164 [http-nio-8099-exec-2] DEBUG c.v.security.JwtAuthenticationFilter Bearer token present: false
[Service: vks-service CorrelationId:  TraceId: 6ac0dba347544fb44240897d3dc6256f SpanId: 55f1becff80da215] 2026-10-03 16:10:35.164 [http-nio-8099-exec-2] DEBUG c.v.security.JwtAuthenticationFilter No valid access JWT token found for request: /vks-service/api/v1/auth/login
[Service: vks-service CorrelationId: c3e656d3-5a9e-4819-93b7-19b3d2e34d04 TraceId: 6ac0dba347544fb44240897d3dc6256f SpanId: ecb0cc9e0a6772d7] 2026-10-03 16:10:35.165 [http-nio-8099-exec-2] DEBUG o.s.web.servlet.DispatcherServlet POST "/vks-service/api/v1/auth/login", parameters={}
[Service: vks-service CorrelationId: c3e656d3-5a9e-4819-93b7-19b3d2e34d04 TraceId: 6ac0dba347544fb44240897d3dc6256f SpanId: ecb0cc9e0a6772d7] 2026-10-03 16:10:35.165 [http-nio-8099-exec-2] DEBUG o.s.w.s.m.m.a.RequestMappingHandlerMapping Mapped to com.vks.interfaces.login.controller.LoginController#login(LoginRequest)
[Service: vks-service CorrelationId: c3e656d3-5a9e-4819-93b7-19b3d2e34d04 TraceId: 6ac0dba347544fb44240897d3dc6256f SpanId: ecb0cc9e0a6772d7] 2026-10-03 16:10:35.166 [http-nio-8099-exec-2] DEBUG o.s.w.s.m.m.a.RequestResponseBodyMethodProcessor Read "application/json;charset=UTF-8" to [LoginRequest(username=9000000002, password=Password123!)]
[Service: vks-service CorrelationId: c3e656d3-5a9e-4819-93b7-19b3d2e34d04 TraceId: 6ac0dba347544fb44240897d3dc6256f SpanId: ecb0cc9e0a6772d7] 2026-10-03 16:10:35.166 [http-nio-8099-exec-2] INFO  c.v.i.login.service.LoginServiceImpl Login attempt for username: 9000000002
[Service: vks-service CorrelationId: c3e656d3-5a9e-4819-93b7-19b3d2e34d04 TraceId: 6ac0dba347544fb44240897d3dc6256f SpanId: ecb0cc9e0a6772d7] 2026-10-03 16:10:35.264 [http-nio-8099-exec-2] INFO  c.v.i.login.service.LoginServiceImpl Login successful for username: 9000000002, id: 1
[Service: vks-service CorrelationId: c3e656d3-5a9e-4819-93b7-19b3d2e34d04 TraceId: 6ac0dba347544fb44240897d3dc6256f SpanId: ecb0cc9e0a6772d7] 2026-10-03 16:10:35.264 [http-nio-8099-exec-2] DEBUG o.s.w.s.m.m.a.HttpEntityMethodProcessor Using 'application/json', given [*/*] and supported [application/json, application/*+json, application/yaml]
[Service: vks-service CorrelationId: c3e656d3-5a9e-4819-93b7-19b3d2e34d04 TraceId: 6ac0dba347544fb44240897d3dc6256f SpanId: ecb0cc9e0a6772d7] 2026-10-03 16:10:35.265 [http-nio-8099-exec-2] DEBUG o.s.w.s.m.m.a.HttpEntityMethodProcessor Writing [LoginResponse(success=true, message=Login successful, token=eyJhbGciOiJIUzI1NiJ9.eyJzdWIiOiIxIiwidXN (truncated)...]
[Service: vks-service CorrelationId: c3e656d3-5a9e-4819-93b7-19b3d2e34d04 TraceId: 6ac0dba347544fb44240897d3dc6256f SpanId: ecb0cc9e0a6772d7] 2026-10-03 16:10:35.265 [http-nio-8099-exec-2] DEBUG o.s.web.servlet.DispatcherServlet Completed 200 OK
[Service: vks-service CorrelationId:  TraceId: 6ac0dba35b84619853291656f613de4d SpanId: 552e86762f204aed] 2026-10-03 16:10:35.296 [http-nio-8099-exec-4] INFO  c.v.security.JwtAuthenticationFilter Incoming request: GET /vks-service/api/v1/customer/bookings/88ccf8ff-2d6f-4c29-a089-15722ac2de88
[Service: vks-service CorrelationId:  TraceId: 6ac0dba35b84619853291656f613de4d SpanId: 552e86762f204aed] 2026-10-03 16:10:35.296 [http-nio-8099-exec-4] DEBUG c.v.security.JwtAuthenticationFilter Bearer token present: true
[Service: vks-service CorrelationId:  TraceId: 6ac0dba35b84619853291656f613de4d SpanId: 552e86762f204aed] 2026-10-03 16:10:35.298 [http-nio-8099-exec-4] INFO  c.v.security.JwtAuthenticationFilter Authenticated user: 1 in tenant: tenant-e2e with role: CUSTOMER
[Service: vks-service CorrelationId: 46cd0a73-2125-4a72-85fc-c789a5acd2ae TraceId: 6ac0dba35b84619853291656f613de4d SpanId: f1be3753c7918d8b] 2026-10-03 16:10:35.299 [http-nio-8099-exec-4] DEBUG o.s.web.servlet.DispatcherServlet GET "/vks-service/api/v1/customer/bookings/88ccf8ff-2d6f-4c29-a089-15722ac2de88", parameters={}
[Service: vks-service CorrelationId: 46cd0a73-2125-4a72-85fc-c789a5acd2ae TraceId: 6ac0dba35b84619853291656f613de4d SpanId: f1be3753c7918d8b] 2026-10-03 16:10:35.300 [http-nio-8099-exec-4] DEBUG o.s.w.s.m.m.a.RequestMappingHandlerMapping Mapped to com.vks.interfaces.bookings.controller.BookingController#getBooking(UUID)
[Service: vks-service CorrelationId: 46cd0a73-2125-4a72-85fc-c789a5acd2ae TraceId: 6ac0dba35b84619853291656f613de4d SpanId: f1be3753c7918d8b] 2026-10-03 16:10:35.300 [http-nio-8099-exec-4] INFO  c.v.i.b.service.BookingServiceImpl Fetching booking id: 88ccf8ff-2d6f-4c29-a089-15722ac2de88 for user: 1
[Service: vks-service CorrelationId: 46cd0a73-2125-4a72-85fc-c789a5acd2ae TraceId: 6ac0dba35b84619853291656f613de4d SpanId: f1be3753c7918d8b] 2026-10-03 16:10:35.306 [http-nio-8099-exec-4] DEBUG o.s.w.s.m.m.a.HttpEntityMethodProcessor Using 'application/json', given [*/*] and supported [application/json, application/*+json, application/yaml]
[Service: vks-service CorrelationId: 46cd0a73-2125-4a72-85fc-c789a5acd2ae TraceId: 6ac0dba35b84619853291656f613de4d SpanId: f1be3753c7918d8b] 2026-10-03 16:10:35.306 [http-nio-8099-exec-4] DEBUG o.s.w.s.m.m.a.HttpEntityMethodProcessor Writing [BookingResponse(bookingId=88ccf8ff-2d6f-4c29-a089-15722ac2de88, eventId=d172a8dc-2792-4e2f-aefc-bdb0 (truncated)...]
[Service: vks-service CorrelationId: 46cd0a73-2125-4a72-85fc-c789a5acd2ae TraceId: 6ac0dba35b84619853291656f613de4d SpanId: f1be3753c7918d8b] 2026-10-03 16:10:35.307 [http-nio-8099-exec-4] DEBUG o.s.web.servlet.DispatcherServlet Completed 200 OK
[Service: vks-service CorrelationId:  TraceId: 6ac0dba3fdd37c4b2b05358a884d3ad3 SpanId: 71de09d07dd9e45a] 2026-10-03 16:10:35.342 [http-nio-8099-exec-5] INFO  c.v.security.JwtAuthenticationFilter Incoming request: GET /vks-service/api/v1/customer/bookings/88ccf8ff-2d6f-4c29-a089-15722ac2de88/tickets
[Service: vks-service CorrelationId:  TraceId: 6ac0dba3fdd37c4b2b05358a884d3ad3 SpanId: 71de09d07dd9e45a] 2026-10-03 16:10:35.342 [http-nio-8099-exec-5] DEBUG c.v.security.JwtAuthenticationFilter Bearer token present: true
[Service: vks-service CorrelationId:  TraceId: 6ac0dba3fdd37c4b2b05358a884d3ad3 SpanId: 71de09d07dd9e45a] 2026-10-03 16:10:35.344 [http-nio-8099-exec-5] INFO  c.v.security.JwtAuthenticationFilter Authenticated user: 1 in tenant: tenant-e2e with role: CUSTOMER
[Service: vks-service CorrelationId: 087ba1b5-171f-40af-b33f-d157193718fe TraceId: 6ac0dba3fdd37c4b2b05358a884d3ad3 SpanId: 3621ef35452324fb] 2026-10-03 16:10:35.345 [http-nio-8099-exec-5] DEBUG o.s.web.servlet.DispatcherServlet GET "/vks-service/api/v1/customer/bookings/88ccf8ff-2d6f-4c29-a089-15722ac2de88/tickets", parameters={}
[Service: vks-service CorrelationId: 087ba1b5-171f-40af-b33f-d157193718fe TraceId: 6ac0dba3fdd37c4b2b05358a884d3ad3 SpanId: 3621ef35452324fb] 2026-10-03 16:10:35.345 [http-nio-8099-exec-5] DEBUG o.s.w.s.m.m.a.RequestMappingHandlerMapping Mapped to com.vks.interfaces.ticket.controller.TicketController#getBookingTickets(UUID)
[Service: vks-service CorrelationId: 087ba1b5-171f-40af-b33f-d157193718fe TraceId: 6ac0dba3fdd37c4b2b05358a884d3ad3 SpanId: 3621ef35452324fb] 2026-10-03 16:10:35.364 [http-nio-8099-exec-5] DEBUG o.s.w.s.m.m.a.HttpEntityMethodProcessor Using 'application/json', given [*/*] and supported [application/json, application/*+json, application/yaml]
[Service: vks-service CorrelationId: 087ba1b5-171f-40af-b33f-d157193718fe TraceId: 6ac0dba3fdd37c4b2b05358a884d3ad3 SpanId: 3621ef35452324fb] 2026-10-03 16:10:35.365 [http-nio-8099-exec-5] DEBUG o.s.w.s.m.m.a.HttpEntityMethodProcessor Writing [[TicketResponse(ticketId=9810512a-f55c-438a-882f-8cbe942160dc, ticketNumber=TKT-8DA14D3FA9234F8B, bo (truncated)...]
[Service: vks-service CorrelationId: 087ba1b5-171f-40af-b33f-d157193718fe TraceId: 6ac0dba3fdd37c4b2b05358a884d3ad3 SpanId: 3621ef35452324fb] 2026-10-03 16:10:35.365 [http-nio-8099-exec-5] DEBUG o.s.web.servlet.DispatcherServlet Completed 200 OK
[Service: vks-service CorrelationId:  TraceId:  SpanId: ] 2026-10-03 16:10:44.704 [SpringApplicationShutdownHook] INFO  o.s.b.w.e.tomcat.GracefulShutdown Commencing graceful shutdown. Waiting for active requests to complete
[Service: vks-service CorrelationId:  TraceId:  SpanId: ] 2026-10-03 16:10:44.707 [tomcat-shutdown] INFO  o.s.b.w.e.tomcat.GracefulShutdown Graceful shutdown complete
[Service: vks-service CorrelationId:  TraceId:  SpanId: ] 2026-10-03 16:10:44.728 [SpringApplicationShutdownHook] INFO  o.a.k.clients.producer.KafkaProducer [Producer clientId=vks-service-producer-1] Closing the Kafka producer with timeoutMillis = 30000 ms.
[Service: vks-service CorrelationId:  TraceId:  SpanId: ] 2026-10-03 16:10:44.734 [SpringApplicationShutdownHook] INFO  o.a.kafka.common.metrics.Metrics Metrics scheduler closed
[Service: vks-service CorrelationId:  TraceId:  SpanId: ] 2026-10-03 16:10:44.734 [SpringApplicationShutdownHook] INFO  o.a.kafka.common.metrics.Metrics Closing reporter org.apache.kafka.common.metrics.JmxReporter
[Service: vks-service CorrelationId:  TraceId:  SpanId: ] 2026-10-03 16:10:44.734 [SpringApplicationShutdownHook] INFO  o.a.kafka.common.metrics.Metrics Closing reporter org.apache.kafka.common.telemetry.internals.ClientTelemetryReporter
[Service: vks-service CorrelationId:  TraceId:  SpanId: ] 2026-10-03 16:10:44.734 [SpringApplicationShutdownHook] INFO  o.a.kafka.common.metrics.Metrics Metrics reporters closed
[Service: vks-service CorrelationId:  TraceId:  SpanId: ] 2026-10-03 16:10:44.735 [SpringApplicationShutdownHook] INFO  o.a.kafka.common.utils.AppInfoParser App info kafka.producer for vks-service-producer-1 unregistered
[Service: vks-service CorrelationId:  TraceId:  SpanId: ] 2026-10-03 16:10:44.747 [SpringApplicationShutdownHook] INFO  o.s.o.j.LocalContainerEntityManagerFactoryBean Closing JPA EntityManagerFactory for persistence unit 'default'
[Service: vks-service CorrelationId:  TraceId:  SpanId: ] 2026-10-03 16:10:44.750 [SpringApplicationShutdownHook] INFO  com.zaxxer.hikari.HikariDataSource HikariPool-1 - Shutdown initiated...
[Service: vks-service CorrelationId:  TraceId:  SpanId: ] 2026-10-03 16:10:44.752 [SpringApplicationShutdownHook] INFO  com.zaxxer.hikari.HikariDataSource HikariPool-1 - Shutdown completed.
